configuration,metric,metric_label,metric_index,pillar,seed_1_value,seed_2_value,raw_seed_gap,v0_min,v0_max,v0_range,normalized_seed_gap
C_10,distributional.wasserstein,Wasserstein distance,0,Distributional,0.414539,0.488466,0.07392700000000002,0.304218,0.69937,0.39515200000000006,0.18708496983439288
V0_C_0,distributional.wasserstein,Wasserstein distance,0,Distributional,0.725185,0.541999,0.18318599999999996,0.304218,0.69937,0.39515200000000006,0.46358363363971317
V0_C_1,distributional.wasserstein,Wasserstein distance,0,Distributional,0.410171,0.39567,0.014500999999999986,0.304218,0.69937,0.39515200000000006,0.03669727092359392
V0_I_0,distributional.wasserstein,Wasserstein distance,0,Distributional,0.480651,0.661727,0.18107599999999996,0.304218,0.69937,0.39515200000000006,0.4582439162651332
V0_I_1,distributional.wasserstein,Wasserstein distance,0,Distributional,0.757905,0.563952,0.19395300000000004,0.304218,0.69937,0.39515200000000006,0.4908313762805199
V0_M_0,distributional.wasserstein,Wasserstein distance,0,Distributional,0.621637,0.41116,0.21047699999999997,0.304218,0.69937,0.39515200000000006,0.5326481961371825
V0_M_1,distributional.wasserstein,Wasserstein distance,0,Distributional,0.650348,0.375441,0.274907,0.304218,0.69937,0.39515200000000006,0.6956993764424828
V0_T_0,distributional.wasserstein,Wasserstein distance,0,Distributional,0.614678,0.322292,0.2923859999999999,0.304218,0.69937,0.39515200000000006,0.7399329878122846
V0_T_1,distributional.wasserstein,Wasserstein distance,0,Distributional,0.268105,0.57384,0.30573500000000003,0.304218,0.69937,0.39515200000000006,0.7737149248896626
V0_Z_0,distributional.wasserstein,Wasserstein distance,0,Distributional,0.39885,0.539058,0.14020800000000005,0.304218,0.69937,0.39515200000000006,0.35482042353322274
V0_Z_1,distributional.wasserstein,Wasserstein distance,0,Distributional,0.467451,0.403703,0.06374800000000003,0.304218,0.69937,0.39515200000000006,0.16132526217759247
D_IP_1,distributional.wasserstein,Wasserstein distance,0,Distributional,0.498497,0.434689,0.06380800000000003,0.304218,0.69937,0.39515200000000006,0.1614771024820829
D_MZP_1,distributional.wasserstein,Wasserstein distance,0,Distributional,0.717182,0.379412,0.33776999999999996,0.304218,0.69937,0.39515200000000006,0.8547849941288413
D_MTP_0,distributional.wasserstein,Wasserstein distance,0,Distributional,0.634396,0.423649,0.21074699999999996,0.304218,0.69937,0.39515200000000006,0.5333314775073894
D_MTP_1,distributional.wasserstein,Wasserstein distance,0,Distributional,0.419605,0.455036,0.03543099999999999,0.304218,0.69937,0.39515200000000006,0.0896642304733368
D_MTCP_1,distributional.wasserstein,Wasserstein distance,0,Distributional,0.500449,0.59002,0.08957099999999996,0.304218,0.69937,0.39515200000000006,0.22667479855852923
D_MZIP_1,distributional.wasserstein,Wasserstein distance,0,Distributional,0.395593,0.39854,0.002947000000000033,0.304218,0.69937,0.39515200000000006,0.007457889622221404
D_MT_1,distributional.wasserstein,Wasserstein distance,0,Distributional,1.248268,1.508355,0.26008699999999996,0.304218,0.69937,0.39515200000000006,0.6581948212333479
D_MTC_1,distributional.wasserstein,Wasserstein distance,0,Distributional,1.196447,0.741807,0.45464000000000004,0.304218,0.69937,0.39515200000000006,1.1505446005587723
C_10,distributional.ks_stat,KS statistic,1,Distributional,0.064228,0.100196,0.035968,0.090341,0.148242,0.05790100000000001,0.6211982521890813
V0_C_0,distributional.ks_stat,KS statistic,1,Distributional,0.098358,0.135086,0.03672800000000001,0.090341,0.148242,0.05790100000000001,0.6343241049377386
V0_C_1,distributional.ks_stat,KS statistic,1,Distributional,0.100331,0.094387,0.005944000000000005,0.090341,0.148242,0.05790100000000001,0.10265798518160316
V0_I_0,distributional.ks_stat,KS statistic,1,Distributional,0.085173,0.087324,0.002151,0.090341,0.148242,0.05790100000000001,0.03714961745047581
V0_I_1,distributional.ks_stat,KS statistic,1,Distributional,0.103723,0.096874,0.006848999999999994,0.090341,0.148242,0.05790100000000001,0.1182881124678329
V0_M_0,distributional.ks_stat,KS statistic,1,Distributional,0.072998,0.06107,0.011927999999999994,0.090341,0.148242,0.05790100000000001,0.20600680471839852
V0_M_1,distributional.ks_stat,KS statistic,1,Distributional,0.101525,0.084003,0.01752200000000001,0.090341,0.148242,0.05790100000000001,0.3026199892920676
V0_T_0,distributional.ks_stat,KS statistic,1,Distributional,0.123407,0.112252,0.011154999999999998,0.090341,0.148242,0.05790100000000001,0.19265643080430384
V0_T_1,distributional.ks_stat,KS statistic,1,Distributional,0.04294,0.083884,0.040944,0.090341,0.148242,0.05790100000000001,0.7071380459750263
V0_Z_0,distributional.ks_stat,KS statistic,1,Distributional,0.108926,0.062301,0.04662499999999999,0.090341,0.148242,0.05790100000000001,0.8052537952712386
V0_Z_1,distributional.ks_stat,KS statistic,1,Distributional,0.150934,0.079659,0.07127500000000002,0.090341,0.148242,0.05790100000000001,1.230980466658607
D_IP_1,distributional.ks_stat,KS statistic,1,Distributional,0.085442,0.090834,0.005391999999999994,0.090341,0.148242,0.05790100000000001,0.09312447107994669
D_MZP_1,distributional.ks_stat,KS statistic,1,Distributional,0.091379,0.108238,0.016859,0.090341,0.148242,0.05790100000000001,0.29116940985475204
D_MTP_0,distributional.ks_stat,KS statistic,1,Distributional,0.082155,0.083943,0.001787999999999998,0.090341,0.148242,0.05790100000000001,0.030880295677103983
D_MTP_1,distributional.ks_stat,KS statistic,1,Distributional,0.118344,0.093247,0.025097000000000008,0.090341,0.148242,0.05790100000000001,0.4334467453066442
D_MTCP_1,distributional.ks_stat,KS statistic,1,Distributional,0.106355,0.139016,0.032660999999999996,0.090341,0.148242,0.05790100000000001,0.5640835218735426
D_MZIP_1,distributional.ks_stat,KS statistic,1,Distributional,0.090838,0.112955,0.022116999999999998,0.090341,0.148242,0.05790100000000001,0.38197958584480396
D_MT_1,distributional.ks_stat,KS statistic,1,Distributional,0.154192,0.182956,0.028764000000000012,0.090341,0.148242,0.05790100000000001,0.4967789848189152
D_MTC_1,distributional.ks_stat,KS statistic,1,Distributional,0.135329,0.112265,0.023064,0.090341,0.148242,0.05790100000000001,0.3983350892039861
C_10,probabilistic.crps_mean,CRPS,2,Probabilistic,0.888114,0.917511,0.029397000000000006,0.885074,0.984679,0.09960499999999994,0.2951357863561069
V0_C_0,probabilistic.crps_mean,CRPS,2,Probabilistic,0.989702,0.942301,0.047400999999999915,0.885074,0.984679,0.09960499999999994,0.4758897645700511
V0_C_1,probabilistic.crps_mean,CRPS,2,Probabilistic,0.885805,0.89813,0.01232500000000003,0.885074,0.984679,0.09960499999999994,0.12373876813413019
V0_I_0,probabilistic.crps_mean,CRPS,2,Probabilistic,0.891277,0.949425,0.05814799999999998,0.885074,0.984679,0.09960499999999994,0.5837859545203555
V0_I_1,probabilistic.crps_mean,CRPS,2,Probabilistic,1.045367,0.93017,0.11519699999999988,0.885074,0.984679,0.09960499999999994,1.156538326389237
V0_M_0,probabilistic.crps_mean,CRPS,2,Probabilistic,0.946749,0.877256,0.06949299999999992,0.885074,0.984679,0.09960499999999994,0.6976858591436168
V0_M_1,probabilistic.crps_mean,CRPS,2,Probabilistic,0.986981,0.876611,0.11036999999999997,0.885074,0.984679,0.09960499999999994,1.1080769037698914
V0_T_0,probabilistic.crps_mean,CRPS,2,Probabilistic,0.960244,0.89841,0.061833999999999945,0.885074,0.984679,0.09960499999999994,0.6207921289091911
V0_T_1,probabilistic.crps_mean,CRPS,2,Probabilistic,0.870516,0.93404,0.06352400000000002,0.885074,0.984679,0.09960499999999994,0.6377591486371172
V0_Z_0,probabilistic.crps_mean,CRPS,2,Probabilistic,0.898814,0.912702,0.013888000000000011,0.885074,0.984679,0.09960499999999994,0.13943075146829997
V0_Z_1,probabilistic.crps_mean,CRPS,2,Probabilistic,0.900433,0.899673,0.0007600000000000939,0.885074,0.984679,0.09960499999999994,0.007630139049245463
D_IP_1,probabilistic.crps_mean,CRPS,2,Probabilistic,0.920705,0.894841,0.025863999999999998,0.885074,0.984679,0.09960499999999994,0.2596656794337635
D_MZP_1,probabilistic.crps_mean,CRPS,2,Probabilistic,1.025877,0.896224,0.1296529999999999,0.885074,0.984679,0.09960499999999994,1.301671602831183
D_MTP_0,probabilistic.crps_mean,CRPS,2,Probabilistic,0.964238,0.903149,0.06108900000000006,0.885074,0.984679,0.09960499999999994,0.6133125847096039
D_MTP_1,probabilistic.crps_mean,CRPS,2,Probabilistic,0.921863,0.906127,0.015735999999999972,0.885074,0.984679,0.09960499999999994,0.15798403694593627
D_MTCP_1,probabilistic.crps_mean,CRPS,2,Probabilistic,0.93955,0.951089,0.011538999999999966,0.885074,0.984679,0.09960499999999994,0.11584759801214771
D_MZIP_1,probabilistic.crps_mean,CRPS,2,Probabilistic,0.889042,0.925265,0.036223000000000005,0.885074,0.984679,0.09960499999999994,0.36366648260629514
D_MT_1,probabilistic.crps_mean,CRPS,2,Probabilistic,1.770419,1.825387,0.05496800000000013,0.885074,0.984679,0.09960499999999994,0.5518598463932549
D_MTC_1,probabilistic.crps_mean,CRPS,2,Probabilistic,1.682172,1.562658,0.1195139999999999,0.885074,0.984679,0.09960499999999994,1.1998795241202747
C_10,probabilistic.pit_ks_D,PIT KS statistic,3,Probabilistic,0.054034,0.067533,0.013498999999999997,0.074564,0.123016,0.048451999999999995,0.27860563031453806
V0_C_0,probabilistic.pit_ks_D,PIT KS statistic,3,Probabilistic,0.097232,0.057419,0.039813,0.074564,0.123016,0.048451999999999995,0.8216998266325437
V0_C_1,probabilistic.pit_ks_D,PIT KS statistic,3,Probabilistic,0.053806,0.054485,0.000678999999999999,0.074564,0.123016,0.048451999999999995,0.014013869396516122
V0_I_0,probabilistic.pit_ks_D,PIT KS statistic,3,Probabilistic,0.054691,0.091331,0.03664,0.074564,0.123016,0.048451999999999995,0.7562123338561876
V0_I_1,probabilistic.pit_ks_D,PIT KS statistic,3,Probabilistic,0.117871,0.083024,0.034847,0.074564,0.123016,0.048451999999999995,0.7192066374969043
V0_M_0,probabilistic.pit_ks_D,PIT KS statistic,3,Probabilistic,0.085071,0.0638,0.021270999999999998,0.074564,0.123016,0.048451999999999995,0.43901180549822505
V0_M_1,probabilistic.pit_ks_D,PIT KS statistic,3,Probabilistic,0.086596,0.064142,0.022454000000000002,0.074564,0.123016,0.048451999999999995,0.46342772228184603
V0_T_0,probabilistic.pit_ks_D,PIT KS statistic,3,Probabilistic,0.066666,0.049498,0.017168000000000003,0.074564,0.123016,0.048451999999999995,0.35433005861471156
V0_T_1,probabilistic.pit_ks_D,PIT KS statistic,3,Probabilistic,0.062274,0.075406,0.013131999999999998,0.074564,0.123016,0.048451999999999995,0.27103112358622966
V0_Z_0,probabilistic.pit_ks_D,PIT KS statistic,3,Probabilistic,0.05518,0.088802,0.033622000000000006,0.074564,0.123016,0.048451999999999995,0.6939238834310247
V0_Z_1,probabilistic.pit_ks_D,PIT KS statistic,3,Probabilistic,0.092305,0.048701,0.043604,0.074564,0.123016,0.048451999999999995,0.8999422108478494
D_IP_1,probabilistic.pit_ks_D,PIT KS statistic,3,Probabilistic,0.064994,0.059906,0.005087999999999995,0.074564,0.123016,0.048451999999999995,0.10501114505077182
D_MZP_1,probabilistic.pit_ks_D,PIT KS statistic,3,Probabilistic,0.107091,0.042842,0.064249,0.074564,0.123016,0.048451999999999995,1.3260340130438373
D_MTP_0,probabilistic.pit_ks_D,PIT KS statistic,3,Probabilistic,0.087343,0.060239,0.027104000000000003,0.074564,0.123016,0.048451999999999995,0.559398992817634
D_MTP_1,probabilistic.pit_ks_D,PIT KS statistic,3,Probabilistic,0.054566,0.083531,0.02896499999999999,0.074564,0.123016,0.048451999999999995,0.5978081400148599
D_MTCP_1,probabilistic.pit_ks_D,PIT KS statistic,3,Probabilistic,0.046127,0.080575,0.03444799999999999,0.074564,0.123016,0.048451999999999995,0.7109716833154461
D_MZIP_1,probabilistic.pit_ks_D,PIT KS statistic,3,Probabilistic,0.050337,0.043118,0.007219000000000003,0.074564,0.123016,0.048451999999999995,0.1489928176339471
D_MT_1,probabilistic.pit_ks_D,PIT KS statistic,3,Probabilistic,0.171619,0.20284,0.031221,0.074564,0.123016,0.048451999999999995,0.6443696854619004
D_MTC_1,probabilistic.pit_ks_D,PIT KS statistic,3,Probabilistic,0.126398,0.052066,0.07433200000000001,0.074564,0.123016,0.048451999999999995,1.5341368777346656
C_10,scale.iss_primary,Integrated skill score,4,Scale,0.467515,0.487233,0.019718000000000013,0.470184,0.493738,0.02355400000000002,0.8371401885030142
V0_C_0,scale.iss_primary,Integrated skill score,4,Scale,0.472693,0.469415,0.0032779999999999476,0.470184,0.493738,0.02355400000000002,0.13916956780164494
V0_C_1,scale.iss_primary,Integrated skill score,4,Scale,0.479313,0.484643,0.005330000000000001,0.470184,0.493738,0.02355400000000002,0.2262885284877302
V0_I_0,scale.iss_primary,Integrated skill score,4,Scale,0.485777,0.480187,0.005590000000000039,0.470184,0.493738,0.02355400000000002,0.23732699329201132
V0_I_1,scale.iss_primary,Integrated skill score,4,Scale,0.4545,0.481095,0.02659499999999998,0.470184,0.493738,0.02355400000000002,1.129107582576206
V0_M_0,scale.iss_primary,Integrated skill score,4,Scale,0.482172,0.490841,0.008669000000000038,0.470184,0.493738,0.02355400000000002,0.3680478899549983
V0_M_1,scale.iss_primary,Integrated skill score,4,Scale,0.483106,0.495633,0.01252700000000001,0.470184,0.493738,0.02355400000000002,0.5318417253969602
V0_T_0,scale.iss_primary,Integrated skill score,4,Scale,0.471949,0.470669,0.0012800000000000034,0.470184,0.493738,0.02355400000000002,0.054343211344145465
V0_T_1,scale.iss_primary,Integrated skill score,4,Scale,0.479725,0.489717,0.009992000000000001,0.470184,0.493738,0.02355400000000002,0.42421669355523445
V0_Z_0,scale.iss_primary,Integrated skill score,4,Scale,0.480159,0.489231,0.009072000000000024,0.470184,0.493738,0.02355400000000002,0.38515751040163104
V0_Z_1,scale.iss_primary,Integrated skill score,4,Scale,0.489538,0.489596,5.8000000000002494e-05,0.470184,0.493738,0.02355400000000002,0.002462426764031691
D_IP_1,scale.iss_primary,Integrated skill score,4,Scale,0.479684,0.493727,0.014043000000000028,0.470184,0.493738,0.02355400000000002,0.596204466332683
D_MZP_1,scale.iss_primary,Integrated skill score,4,Scale,0.461958,0.487232,0.02527400000000002,0.470184,0.493738,0.02355400000000002,1.0730236902436951
D_MTP_0,scale.iss_primary,Integrated skill score,4,Scale,0.478374,0.498276,0.019901999999999975,0.470184,0.493738,0.02355400000000002,0.8449520251337335
D_MTP_1,scale.iss_primary,Integrated skill score,4,Scale,0.483254,0.495381,0.012126999999999999,0.470184,0.493738,0.02355400000000002,0.5148594718519143
D_MTCP_1,scale.iss_primary,Integrated skill score,4,Scale,0.480101,0.46799,0.012110999999999983,0.470184,0.493738,0.02355400000000002,0.5141801817101118
D_MZIP_1,scale.iss_primary,Integrated skill score,4,Scale,0.476036,0.466733,0.009303000000000006,0.470184,0.493738,0.02355400000000002,0.39496476182389395
D_MT_1,scale.iss_primary,Integrated skill score,4,Scale,0.177438,0.199753,0.022314999999999974,0.470184,0.493738,0.02355400000000002,0.9473974696442199
D_MTC_1,scale.iss_primary,Integrated skill score,4,Scale,0.228055,0.215718,0.012337000000000015,0.470184,0.493738,0.02355400000000002,0.5237751549630638
C_10,scale.slope_low,Low-scale PSD slope,5,Scale,-2.449774,-2.388357,0.061417000000000055,-2.705333,-2.243351,0.4619819999999999,0.13294240901160667
V0_C_0,scale.slope_low,Low-scale PSD slope,5,Scale,-2.475345,-2.284525,0.19082,-2.705333,-2.243351,0.4619819999999999,0.4130463957470205
V0_C_1,scale.slope_low,Low-scale PSD slope,5,Scale,-2.609013,-2.347371,0.26164200000000015,-2.705333,-2.243351,0.4619819999999999,0.5663467407821089
V0_I_0,scale.slope_low,Low-scale PSD slope,5,Scale,-2.701628,-2.43376,0.267868,-2.705333,-2.243351,0.4619819999999999,0.5798234563251383
V0_I_1,scale.slope_low,Low-scale PSD slope,5,Scale,-1.998269,-2.381331,0.3830619999999998,-2.705333,-2.243351,0.4619819999999999,0.8291708334956771
V0_M_0,scale.slope_low,Low-scale PSD slope,5,Scale,-2.283904,-2.573265,0.289361,-2.705333,-2.243351,0.4619819999999999,0.6263469139490284
V0_M_1,scale.slope_low,Low-scale PSD slope,5,Scale,-2.288064,-2.465444,0.17738000000000032,-2.705333,-2.243351,0.4619819999999999,0.383954353199909
V0_T_0,scale.slope_low,Low-scale PSD slope,5,Scale,-2.369375,-2.373409,0.004034000000000315,-2.705333,-2.243351,0.4619819999999999,0.008731941937132434
V0_T_1,scale.slope_low,Low-scale PSD slope,5,Scale,-2.451497,-2.617861,0.16636400000000018,-2.705333,-2.243351,0.4619819999999999,0.36010926832647205
V0_Z_0,scale.slope_low,Low-scale PSD slope,5,Scale,-2.374479,-2.502737,0.1282580000000002,-2.705333,-2.243351,0.4619819999999999,0.2776255351940124
V0_Z_1,scale.slope_low,Low-scale PSD slope,5,Scale,-2.526126,-2.395468,0.13065799999999994,-2.705333,-2.243351,0.4619819999999999,0.2828205427917104
D_IP_1,scale.slope_low,Low-scale PSD slope,5,Scale,-2.326312,-2.449965,0.12365300000000001,-2.705333,-2.243351,0.4619819999999999,0.2676576143659278
D_MZP_1,scale.slope_low,Low-scale PSD slope,5,Scale,-2.072702,-2.412309,0.339607,-2.705333,-2.243351,0.4619819999999999,0.735108727179847
D_MTP_0,scale.slope_low,Low-scale PSD slope,5,Scale,-2.360395,-2.358692,0.00170300000000001,-2.705333,-2.243351,0.4619819999999999,0.003686290807866996
D_MTP_1,scale.slope_low,Low-scale PSD slope,5,Scale,-2.180977,-2.388983,0.20800600000000014,-2.705333,-2.243351,0.4619819999999999,0.450246979319541
D_MTCP_1,scale.slope_low,Low-scale PSD slope,5,Scale,-2.289545,-2.456206,0.16666099999999995,-2.705333,-2.243351,0.4619819999999999,0.36075215051668674
D_MZIP_1,scale.slope_low,Low-scale PSD slope,5,Scale,-2.618444,-2.115343,0.503101,-2.705333,-2.243351,0.4619819999999999,1.0890056322540709
D_MT_1,scale.slope_low,Low-scale PSD slope,5,Scale,-2.425852,-2.054207,0.371645,-2.705333,-2.243351,0.4619819999999999,0.8044577494361254
D_MTC_1,scale.slope_low,Low-scale PSD slope,5,Scale,-2.162255,-2.308305,0.1460499999999998,-2.705333,-2.243351,0.4619819999999999,0.31613785818495055
C_10,scale.slope_mid,Mid-scale PSD slope,6,Scale,-2.397652,-2.325458,0.07219400000000009,-2.506285,-2.390394,0.11589099999999997,0.6229474247353126
V0_C_0,scale.slope_mid,Mid-scale PSD slope,6,Scale,-2.451983,-2.3074,0.1445829999999999,-2.506285,-2.390394,0.11589099999999997,1.2475774650317966
V0_C_1,scale.slope_mid,Mid-scale PSD slope,6,Scale,-2.519633,-2.249517,0.2701159999999998,-2.506285,-2.390394,0.11589099999999997,2.330776332933531
V0_I_0,scale.slope_mid,Mid-scale PSD slope,6,Scale,-2.539683,-2.42461,0.1150730000000002,-2.506285,-2.390394,0.11589099999999997,0.9929416434408215
V0_I_1,scale.slope_mid,Mid-scale PSD slope,6,Scale,-2.112303,-2.366721,0.25441800000000026,-2.506285,-2.390394,0.11589099999999997,2.1953214658601645
V0_M_0,scale.slope_mid,Mid-scale PSD slope,6,Scale,-2.315432,-2.549379,0.23394700000000013,-2.506285,-2.390394,0.11589099999999997,2.0186813471279064
V0_M_1,scale.slope_mid,Mid-scale PSD slope,6,Scale,-2.37498,-2.36946,0.005519999999999747,-2.506285,-2.390394,0.11589099999999997,0.04763096357784253
V0_T_0,scale.slope_mid,Mid-scale PSD slope,6,Scale,-2.498908,-2.331409,0.1674990000000003,-2.506285,-2.390394,0.11589099999999997,1.4453149942618524
V0_T_1,scale.slope_mid,Mid-scale PSD slope,6,Scale,-2.423153,-2.479673,0.056519999999999904,-2.506285,-2.390394,0.11589099999999997,0.4876996488079309
V0_Z_0,scale.slope_mid,Mid-scale PSD slope,6,Scale,-2.388122,-2.419855,0.03173300000000001,-2.506285,-2.390394,0.11589099999999997,0.2738176389883599
V0_Z_1,scale.slope_mid,Mid-scale PSD slope,6,Scale,-2.391574,-2.35889,0.03268399999999971,-2.506285,-2.390394,0.11589099999999997,0.282023625648236
D_IP_1,scale.slope_mid,Mid-scale PSD slope,6,Scale,-2.297294,-2.280266,0.01702799999999982,-2.506285,-2.390394,0.11589099999999997,0.14693116808034987
D_MZP_1,scale.slope_mid,Mid-scale PSD slope,6,Scale,-2.32401,-2.399948,0.07593800000000028,-2.506285,-2.390394,0.11589099999999997,0.6552536435098524
D_MTP_0,scale.slope_mid,Mid-scale PSD slope,6,Scale,-2.352027,-2.392418,0.040391000000000066,-2.506285,-2.390394,0.11589099999999997,0.34852576990447987
D_MTP_1,scale.slope_mid,Mid-scale PSD slope,6,Scale,-2.302775,-2.388703,0.085928,-2.506285,-2.390394,0.11589099999999997,0.7414553330284493
D_MTCP_1,scale.slope_mid,Mid-scale PSD slope,6,Scale,-2.422998,-2.419159,0.003839000000000148,-2.506285,-2.390394,0.11589099999999997,0.03312595456075233
D_MZIP_1,scale.slope_mid,Mid-scale PSD slope,6,Scale,-2.499628,-2.505777,0.006149000000000182,-2.506285,-2.390394,0.11589099999999997,0.05305847736235069
D_MT_1,scale.slope_mid,Mid-scale PSD slope,6,Scale,-2.459229,-2.312534,0.14669500000000024,-2.506285,-2.390394,0.11589099999999997,1.265801485878975
D_MTC_1,scale.slope_mid,Mid-scale PSD slope,6,Scale,-2.192445,-2.482662,0.2902169999999997,-2.506285,-2.390394,0.11589099999999997,2.504223796498432
C_10,scale.slope_high,High-scale PSD slope,7,Scale,-5.028688,-4.814185,0.21450299999999967,-5.024928,-4.830431,0.19449700000000014,1.1028601983578128
V0_C_0,scale.slope_high,High-scale PSD slope,7,Scale,-5.337717,-4.793477,0.5442399999999994,-5.024928,-4.830431,0.19449700000000014,2.798192260034854
V0_C_1,scale.slope_high,High-scale PSD slope,7,Scale,-4.97125,-4.728707,0.2425430000000004,-5.024928,-4.830431,0.19449700000000014,1.2470269464310515
V0_I_0,scale.slope_high,High-scale PSD slope,7,Scale,-5.113706,-4.935093,0.17861299999999947,-5.024928,-4.830431,0.19449700000000014,0.9183329305850442
V0_I_1,scale.slope_high,High-scale PSD slope,7,Scale,-4.732804,-4.901,0.168196,-5.024928,-4.830431,0.19449700000000014,0.8647742638703934
V0_M_0,scale.slope_high,High-scale PSD slope,7,Scale,-5.023838,-5.128094,0.10425600000000035,-5.024928,-4.830431,0.19449700000000014,0.536028833349616
V0_M_1,scale.slope_high,High-scale PSD slope,7,Scale,-5.029055,-4.673512,0.35554299999999994,-5.024928,-4.830431,0.19449700000000014,1.8280127714052128
V0_T_0,scale.slope_high,High-scale PSD slope,7,Scale,-5.307766,-4.873122,0.4346439999999996,-5.024928,-4.830431,0.19449700000000014,2.2347079903546034
V0_T_1,scale.slope_high,High-scale PSD slope,7,Scale,-5.044308,-4.800266,0.24404200000000031,-5.024928,-4.830431,0.19449700000000014,1.2547340061800447
V0_Z_0,scale.slope_high,High-scale PSD slope,7,Scale,-4.952617,-4.945875,0.006742000000000026,-5.024928,-4.830431,0.19449700000000014,0.03466377373429935
V0_Z_1,scale.slope_high,High-scale PSD slope,7,Scale,-4.84818,-4.80204,0.04614000000000029,-5.024928,-4.830431,0.19449700000000014,0.2372273094186556
D_IP_1,scale.slope_high,High-scale PSD slope,7,Scale,-5.01792,-4.619493,0.39842699999999986,-5.024928,-4.830431,0.19449700000000014,2.0484994627166464
D_MZP_1,scale.slope_high,High-scale PSD slope,7,Scale,-4.926296,-4.783769,0.1425269999999994,-5.024928,-4.830431,0.19449700000000014,0.7327979351866574
D_MTP_0,scale.slope_high,High-scale PSD slope,7,Scale,-4.888818,-4.961697,0.07287900000000036,-5.024928,-4.830431,0.19449700000000014,0.37470500830347153
D_MTP_1,scale.slope_high,High-scale PSD slope,7,Scale,-4.782009,-4.941983,0.15997399999999917,-5.024928,-4.830431,0.19449700000000014,0.8225011182691715
D_MTCP_1,scale.slope_high,High-scale PSD slope,7,Scale,-4.854723,-4.876651,0.021927999999999948,-5.024928,-4.830431,0.19449700000000014,0.11274209884985337
D_MZIP_1,scale.slope_high,High-scale PSD slope,7,Scale,-4.920698,-4.956399,0.03570100000000043,-5.024928,-4.830431,0.19449700000000014,0.18355553041949438
D_MT_1,scale.slope_high,High-scale PSD slope,7,Scale,-4.838292,-4.580347,0.2579450000000003,-5.024928,-4.830431,0.19449700000000014,1.3262158285217773
D_MTC_1,scale.slope_high,High-scale PSD slope,7,Scale,-4.764982,-4.917605,0.15262300000000018,-5.024928,-4.830431,0.19449700000000014,0.7847061908409901
C_10,scale.corr_gen_lr_low,Low-scale GEN–LR correlation,8,Scale,0.7012,0.694361,0.0068390000000000395,0.7168,0.72245,0.005650000000000044,1.2104424778761038
V0_C_0,scale.corr_gen_lr_low,Low-scale GEN–LR correlation,8,Scale,0.705585,0.717001,0.011415999999999982,0.7168,0.72245,0.005650000000000044,2.0205309734513084
V0_C_1,scale.corr_gen_lr_low,Low-scale GEN–LR correlation,8,Scale,0.716548,0.682271,0.034277,0.7168,0.72245,0.005650000000000044,6.066725663716768
V0_I_0,scale.corr_gen_lr_low,Low-scale GEN–LR correlation,8,Scale,0.748935,0.716741,0.032194000000000056,0.7168,0.72245,0.005650000000000044,5.698053097345098
V0_I_1,scale.corr_gen_lr_low,Low-scale GEN–LR correlation,8,Scale,0.66365,0.677941,0.014291000000000054,0.7168,0.72245,0.005650000000000044,2.5293805309734414
V0_M_0,scale.corr_gen_lr_low,Low-scale GEN–LR correlation,8,Scale,0.702895,0.723493,0.020598000000000005,0.7168,0.72245,0.005650000000000044,3.645663716814132
V0_M_1,scale.corr_gen_lr_low,Low-scale GEN–LR correlation,8,Scale,0.67734,0.685717,0.008376999999999968,0.7168,0.72245,0.005650000000000044,1.48265486725662
V0_T_0,scale.corr_gen_lr_low,Low-scale GEN–LR correlation,8,Scale,0.710305,0.726044,0.01573900000000006,0.7168,0.72245,0.005650000000000044,2.785663716814148
V0_T_1,scale.corr_gen_lr_low,Low-scale GEN–LR correlation,8,Scale,0.693062,0.720264,0.02720200000000006,0.7168,0.72245,0.005650000000000044,4.814513274336257
V0_Z_0,scale.corr_gen_lr_low,Low-scale GEN–LR correlation,8,Scale,0.729029,0.701986,0.02704300000000004,0.7168,0.72245,0.005650000000000044,4.786371681415899
V0_Z_1,scale.corr_gen_lr_low,Low-scale GEN–LR correlation,8,Scale,0.693385,0.700409,0.007023999999999919,0.7168,0.72245,0.005650000000000044,1.2431858407079406
D_IP_1,scale.corr_gen_lr_low,Low-scale GEN–LR correlation,8,Scale,0.671677,0.684677,0.013000000000000012,0.7168,0.72245,0.005650000000000044,2.3008849557521964
D_MZP_1,scale.corr_gen_lr_low,Low-scale GEN–LR correlation,8,Scale,0.642721,0.695645,0.05292399999999997,0.7168,0.72245,0.005650000000000044,9.367079646017622
D_MTP_0,scale.corr_gen_lr_low,Low-scale GEN–LR correlation,8,Scale,0.696167,0.713975,0.017808000000000046,0.7168,0.72245,0.005650000000000044,3.15185840707963
D_MTP_1,scale.corr_gen_lr_low,Low-scale GEN–LR correlation,8,Scale,0.662863,0.660292,0.00257099999999999,0.7168,0.72245,0.005650000000000044,0.4550442477876053
D_MTCP_1,scale.corr_gen_lr_low,Low-scale GEN–LR correlation,8,Scale,0.693894,0.701913,0.008018999999999998,0.7168,0.72245,0.005650000000000044,1.4192920353982188
D_MZIP_1,scale.corr_gen_lr_low,Low-scale GEN–LR correlation,8,Scale,0.728919,0.690948,0.03797099999999998,0.7168,0.72245,0.005650000000000044,6.720530973451271
C_10,scale.corr_gen_lr_mid,Mid-scale GEN–LR correlation,9,Scale,0.448199,0.430697,0.017502000000000018,0.414329,0.447959,0.03362999999999999,0.5204281891168606
V0_C_0,scale.corr_gen_lr_mid,Mid-scale GEN–LR correlation,9,Scale,0.413851,0.400056,0.013795000000000002,0.414329,0.447959,0.03362999999999999,0.4101992268807614
V0_C_1,scale.corr_gen_lr_mid,Mid-scale GEN–LR correlation,9,Scale,0.465253,0.376979,0.08827400000000002,0.414329,0.447959,0.03362999999999999,2.6248587570621478
V0_I_0,scale.corr_gen_lr_mid,Mid-scale GEN–LR correlation,9,Scale,0.482472,0.437109,0.04536299999999999,0.414329,0.447959,0.03362999999999999,1.3488849241748437
V0_I_1,scale.corr_gen_lr_mid,Mid-scale GEN–LR correlation,9,Scale,0.354582,0.405915,0.05133300000000002,0.414329,0.447959,0.03362999999999999,1.5264049955396974
V0_M_0,scale.corr_gen_lr_mid,Mid-scale GEN–LR correlation,9,Scale,0.408906,0.470736,0.061829999999999996,0.414329,0.447959,0.03362999999999999,1.8385370205173954
V0_M_1,scale.corr_gen_lr_mid,Mid-scale GEN–LR correlation,9,Scale,0.390395,0.417964,0.02756900000000001,0.414329,0.447959,0.03362999999999999,0.8197740112994355
V0_T_0,scale.corr_gen_lr_mid,Mid-scale GEN–LR correlation,9,Scale,0.412753,0.422812,0.01005900000000004,0.414329,0.447959,0.03362999999999999,0.29910793933987634
V0_T_1,scale.corr_gen_lr_mid,Mid-scale GEN–LR correlation,9,Scale,0.441072,0.438212,0.002860000000000029,0.414329,0.447959,0.03362999999999999,0.08504311626524025
V0_Z_0,scale.corr_gen_lr_mid,Mid-scale GEN–LR correlation,9,Scale,0.424566,0.426155,0.001589000000000007,0.414329,0.447959,0.03362999999999999,0.047249479631281815
V0_Z_1,scale.corr_gen_lr_mid,Mid-scale GEN–LR correlation,9,Scale,0.428134,0.408367,0.019767000000000035,0.414329,0.447959,0.03362999999999999,0.5877787689562902
D_IP_1,scale.corr_gen_lr_mid,Mid-scale GEN–LR correlation,9,Scale,0.398156,0.402217,0.004060999999999981,0.414329,0.447959,0.03362999999999999,0.12075527802557187
D_MZP_1,scale.corr_gen_lr_mid,Mid-scale GEN–LR correlation,9,Scale,0.379813,0.396735,0.016921999999999993,0.414329,0.447959,0.03362999999999999,0.503181683021112
D_MTP_0,scale.corr_gen_lr_mid,Mid-scale GEN–LR correlation,9,Scale,0.419825,0.424549,0.004724000000000006,0.414329,0.447959,0.03362999999999999,0.14046981861433264
D_MTP_1,scale.corr_gen_lr_mid,Mid-scale GEN–LR correlation,9,Scale,0.355324,0.387958,0.03263400000000005,0.414329,0.447959,0.03362999999999999,0.9703835860838554
D_MTCP_1,scale.corr_gen_lr_mid,Mid-scale GEN–LR correlation,9,Scale,0.420966,0.410921,0.010045000000000026,0.414329,0.447959,0.03362999999999999,0.298691644365151
D_MZIP_1,scale.corr_gen_lr_mid,Mid-scale GEN–LR correlation,9,Scale,0.469986,0.37284,0.09714600000000001,0.414329,0.447959,0.03362999999999999,2.888670829616415
C_10,scale.corr_gen_lr_high,High-scale GEN–LR correlation,10,Scale,0.443149,0.43038,0.01276900000000003,0.405558,0.444277,0.038719,0.3297864097729804
V0_C_0,scale.corr_gen_lr_high,High-scale GEN–LR correlation,10,Scale,0.417348,0.400578,0.016770000000000007,0.405558,0.444277,0.038719,0.4331206901004676
V0_C_1,scale.corr_gen_lr_high,High-scale GEN–LR correlation,10,Scale,0.467865,0.348632,0.11923299999999998,0.405558,0.444277,0.038719,3.079444200521707
V0_I_0,scale.corr_gen_lr_high,High-scale GEN–LR correlation,10,Scale,0.474622,0.438532,0.03609000000000001,0.405558,0.444277,0.038719,0.9321005191249776
V0_I_1,scale.corr_gen_lr_high,High-scale GEN–LR correlation,10,Scale,0.302249,0.406765,0.104516,0.405558,0.444277,0.038719,2.69934657403342
V0_M_0,scale.corr_gen_lr_high,High-scale GEN–LR correlation,10,Scale,0.384122,0.486588,0.102466,0.405558,0.444277,0.038719,2.646400991761151
V0_M_1,scale.corr_gen_lr_high,High-scale GEN–LR correlation,10,Scale,0.368457,0.410877,0.04242000000000001,0.405558,0.444277,0.038719,1.0955861463364243
V0_T_0,scale.corr_gen_lr_high,High-scale GEN–LR correlation,10,Scale,0.408567,0.430346,0.021778999999999993,0.405558,0.444277,0.038719,0.5624887006379294
V0_T_1,scale.corr_gen_lr_high,High-scale GEN–LR correlation,10,Scale,0.438732,0.44628,0.007547999999999999,0.405558,0.444277,0.038719,0.19494305121516564
V0_Z_0,scale.corr_gen_lr_high,High-scale GEN–LR correlation,10,Scale,0.420607,0.437273,0.016666000000000014,0.405558,0.444277,0.038719,0.430434670316899
V0_Z_1,scale.corr_gen_lr_high,High-scale GEN–LR correlation,10,Scale,0.418123,0.394943,0.023180000000000034,0.405558,0.444277,0.038719,0.5986724863761985
D_IP_1,scale.corr_gen_lr_high,High-scale GEN–LR correlation,10,Scale,0.379585,0.406306,0.026720999999999995,0.405558,0.444277,0.038719,0.6901262945840542
D_MZP_1,scale.corr_gen_lr_high,High-scale GEN–LR correlation,10,Scale,0.331383,0.389991,0.05860799999999999,0.405558,0.444277,0.038719,1.5136754564942274
D_MTP_0,scale.corr_gen_lr_high,High-scale GEN–LR correlation,10,Scale,0.404858,0.42738,0.022521999999999986,0.405558,0.444277,0.038719,0.581678245822464
D_MTP_1,scale.corr_gen_lr_high,High-scale GEN–LR correlation,10,Scale,0.332083,0.386759,0.054676,0.405558,0.444277,0.038719,1.4121232469846845
D_MTCP_1,scale.corr_gen_lr_high,High-scale GEN–LR correlation,10,Scale,0.416982,0.419868,0.0028859999999999997,0.405558,0.444277,0.038719,0.07453704899403392
D_MZIP_1,scale.corr_gen_lr_high,High-scale GEN–LR correlation,10,Scale,0.467805,0.380327,0.087478,0.405558,0.444277,0.038719,2.2593042175676024
C_10,extremes.p99,99th percentile,11,Extremes,18.12684,16.452767,1.674073,15.558607,17.157748,1.5991410000000013,1.0468576567044423
V0_C_0,extremes.p99,99th percentile,11,Extremes,15.000559,17.146714,2.1461549999999985,15.558607,17.157748,1.5991410000000013,1.3420673974339954
V0_C_1,extremes.p99,99th percentile,11,Extremes,17.336273,18.94945,1.6131770000000003,15.558607,17.157748,1.5991410000000013,1.0087772122658347
V0_I_0,extremes.p99,99th percentile,11,Extremes,16.182648,15.556733,0.6259150000000009,15.558607,17.157748,1.5991410000000013,0.39140701163937414
V0_I_1,extremes.p99,99th percentile,11,Extremes,16.856408,16.879667,0.023259000000003027,15.558607,17.157748,1.5991410000000013,0.014544683677050998
V0_M_0,extremes.p99,99th percentile,11,Extremes,16.610769,17.775127,1.164358,15.558607,17.157748,1.5991410000000013,0.7281146565562381
V0_M_1,extremes.p99,99th percentile,11,Extremes,16.1447,18.635463,2.490763000000001,15.558607,17.157748,1.5991410000000013,1.5575630916848477
V0_T_0,extremes.p99,99th percentile,11,Extremes,15.827283,18.552101,2.724818000000001,15.558607,17.157748,1.5991410000000013,1.7039260452955673
V0_T_1,extremes.p99,99th percentile,11,Extremes,18.782475,15.822845,2.9596300000000024,15.558607,17.157748,1.5991410000000013,1.8507623780517166
V0_Z_0,extremes.p99,99th percentile,11,Extremes,17.489848,16.623654,0.8661940000000001,15.558607,17.157748,1.5991410000000013,0.5416620548156789
V0_Z_1,extremes.p99,99th percentile,11,Extremes,16.620506,17.97653,1.3560240000000015,15.558607,17.157748,1.5991410000000013,0.8479702540301327
D_IP_1,extremes.p99,99th percentile,11,Extremes,18.003292,16.902622,1.1006699999999974,15.558607,17.157748,1.5991410000000013,0.6882882747675136
D_MZP_1,extremes.p99,99th percentile,11,Extremes,17.163282,17.630194,0.46691200000000066,15.558607,17.157748,1.5991410000000013,0.29197675502035175
D_MTP_0,extremes.p99,99th percentile,11,Extremes,15.083642,17.550594,2.466952000000001,15.558607,17.157748,1.5991410000000013,1.542673222686429
D_MTP_1,extremes.p99,99th percentile,11,Extremes,18.442025,17.600627,0.8413980000000016,15.558607,17.157748,1.5991410000000013,0.5261562301260495
D_MTCP_1,extremes.p99,99th percentile,11,Extremes,15.867628,15.522102,0.34552599999999956,15.558607,17.157748,1.5991410000000013,0.21606975244834525
D_MZIP_1,extremes.p99,99th percentile,11,Extremes,16.455983,19.068298,2.612314999999999,15.558607,17.157748,1.5991410000000013,1.6335738999875538
D_MT_1,extremes.p99,99th percentile,11,Extremes,13.695768,11.014173,2.6815949999999997,15.558607,17.157748,1.5991410000000013,1.6768971591623238
D_MTC_1,extremes.p99,99th percentile,11,Extremes,13.706268,15.210869,1.504601000000001,15.558607,17.157748,1.5991410000000013,0.9408807603582172
C_10,extremes.p99_9,99.9th percentile,12,Extremes,36.632552,33.642471,2.9900809999999964,32.462996,34.790453,2.3274570000000026,1.284698707645294
V0_C_0,extremes.p99_9,99.9th percentile,12,Extremes,30.448079,35.855295,5.407215999999998,32.462996,34.790453,2.3274570000000026,2.323229172440132
V0_C_1,extremes.p99_9,99.9th percentile,12,Extremes,31.979129,40.13751,8.158380999999999,32.462996,34.790453,2.3274570000000026,3.5052767892167243
V0_I_0,extremes.p99_9,99.9th percentile,12,Extremes,30.889881,31.093652,0.2037709999999997,32.462996,34.790453,2.3274570000000026,0.08755091930806863
V0_I_1,extremes.p99_9,99.9th percentile,12,Extremes,40.028364,35.23166,4.796704000000005,32.462996,34.790453,2.3274570000000026,2.060920566953546
V0_M_0,extremes.p99_9,99.9th percentile,12,Extremes,36.298675,33.332467,2.9662080000000017,32.462996,34.790453,2.3274570000000026,1.2744415901131572
V0_M_1,extremes.p99_9,99.9th percentile,12,Extremes,35.694104,37.61021,1.9161059999999992,32.462996,34.790453,2.3274570000000026,0.823261611277887
V0_T_0,extremes.p99_9,99.9th percentile,12,Extremes,33.946271,37.728901,3.7826299999999975,32.462996,34.790453,2.3274570000000026,1.6252201437019
V0_T_1,extremes.p99_9,99.9th percentile,12,Extremes,37.782462,30.446239,7.336223000000004,32.462996,34.790453,2.3274570000000026,3.152033743265717
V0_Z_0,extremes.p99_9,99.9th percentile,12,Extremes,36.873016,31.985233,4.887782999999999,32.462996,34.790453,2.3274570000000026,2.1000529762741023
V0_Z_1,extremes.p99_9,99.9th percentile,12,Extremes,32.594745,36.439422,3.8446769999999972,32.462996,34.790453,2.3274570000000026,1.651878853186114
D_IP_1,extremes.p99_9,99.9th percentile,12,Extremes,37.734157,33.817054,3.9171030000000044,32.462996,34.790453,2.3274570000000026,1.6829969361410329
D_MZP_1,extremes.p99_9,99.9th percentile,12,Extremes,39.255622,36.067054,3.1885680000000036,32.462996,34.790453,2.3274570000000026,1.3699793379641385
D_MTP_0,extremes.p99_9,99.9th percentile,12,Extremes,31.402018,37.34842,5.9464019999999955,32.462996,34.790453,2.3274570000000026,2.5548923137999924
D_MTP_1,extremes.p99_9,99.9th percentile,12,Extremes,40.795814,36.529149,4.266665000000003,32.462996,34.790453,2.3274570000000026,1.8331874659768144
D_MTCP_1,extremes.p99_9,99.9th percentile,12,Extremes,33.506688,31.199161,2.3075269999999968,32.462996,34.790453,2.3274570000000026,0.9914370061401754
D_MZIP_1,extremes.p99_9,99.9th percentile,12,Extremes,31.382185,43.72443,12.342244999999998,32.462996,34.790453,2.3274570000000026,5.30288851738184
D_MT_1,extremes.p99_9,99.9th percentile,12,Extremes,28.448523,26.440787,2.0077360000000013,32.462996,34.790453,2.3274570000000026,0.8626307596660213
D_MTC_1,extremes.p99_9,99.9th percentile,12,Extremes,32.416836,33.103337,0.6865009999999998,32.462996,34.790453,2.3274570000000026,0.2949575437913564
C_10,extremes.rx1day,RX1day,13,Extremes,15.809925,14.167259,1.6426660000000002,12.986301,15.926578,2.940277,0.5586772946902623
V0_C_0,extremes.rx1day,RX1day,13,Extremes,15.892474,13.7917,2.1007739999999995,12.986301,15.926578,2.940277,0.7144816627821119
V0_C_1,extremes.rx1day,RX1day,13,Extremes,15.112203,16.914627,1.8024240000000002,12.986301,15.926578,2.940277,0.6130116312170589
V0_I_0,extremes.rx1day,RX1day,13,Extremes,15.100971,14.19161,0.9093609999999988,12.986301,15.926578,2.940277,0.30927732319097784
V0_I_1,extremes.rx1day,RX1day,13,Extremes,13.916214,15.077656,1.1614419999999992,12.986301,15.926578,2.940277,0.3950110822891854
V0_M_0,extremes.rx1day,RX1day,13,Extremes,14.276186,15.9068,1.6306140000000013,12.986301,15.926578,2.940277,0.5545783611544087
V0_M_1,extremes.rx1day,RX1day,13,Extremes,889.585516,17.727967,871.857549,12.986301,15.926578,2.940277,296.52224909421795
V0_T_0,extremes.rx1day,RX1day,13,Extremes,13.717785,15.920246,2.2024610000000013,12.986301,15.926578,2.940277,0.7490658193088615
V0_T_1,extremes.rx1day,RX1day,13,Extremes,16.32861,15.504332,0.8242780000000014,12.986301,15.926578,2.940277,0.28034025365637366
V0_Z_0,extremes.rx1day,RX1day,13,Extremes,15.267705,6360.492658,6345.224953,12.986301,15.926578,2.940277,2158.036454728585
V0_Z_1,extremes.rx1day,RX1day,13,Extremes,15.110749,15.852242,0.7414930000000002,12.986301,15.926578,2.940277,0.2521847431381466
D_IP_1,extremes.rx1day,RX1day,13,Extremes,16.121795,14.994381,1.1274139999999981,12.986301,15.926578,2.940277,0.38343802301619817
D_MZP_1,extremes.rx1day,RX1day,13,Extremes,13.922613,15.804242,1.8816290000000002,12.986301,15.926578,2.940277,0.6399495693773071
D_MTP_0,extremes.rx1day,RX1day,13,Extremes,12.544273,15.63653,3.092257,12.986301,15.926578,2.940277,1.0516890075322836
D_MTP_1,extremes.rx1day,RX1day,13,Extremes,14.837589,15.558085,0.7204960000000007,12.986301,15.926578,2.940277,0.24504357922739955
D_MTCP_1,extremes.rx1day,RX1day,13,Extremes,13.04708,14.150008,1.1029280000000004,12.986301,15.926578,2.940277,0.3751102362124386
D_MZIP_1,extremes.rx1day,RX1day,13,Extremes,14.80682,15.175162,0.36834200000000017,12.986301,15.926578,2.940277,0.1252745914755651
D_MT_1,extremes.rx1day,RX1day,13,Extremes,9450.884876,10.150047,9440.734829,12.986301,15.926578,2.940277,3210.8317784344813
D_MTC_1,extremes.rx1day,RX1day,13,Extremes,3114.644009,14.244108,3100.399901,12.986301,15.926578,2.940277,1054.4584408203718
C_10,extremes.rx5day,RX5day,14,Extremes,36.387953,32.710006,3.677947000000003,29.380961,36.881841,7.500880000000002,0.49033540064632447
V0_C_0,extremes.rx5day,RX5day,14,Extremes,30.617527,32.975782,2.3582550000000033,29.380961,36.881841,7.500880000000002,0.31439711073900695
V0_C_1,extremes.rx5day,RX5day,14,Extremes,36.797873,36.651996,0.1458770000000058,29.380961,36.881841,7.500880000000002,0.01944798476978778
V0_I_0,extremes.rx5day,RX5day,14,Extremes,34.481524,31.151454,3.330069999999999,29.380961,36.881841,7.500880000000002,0.44395724235023065
V0_I_1,extremes.rx5day,RX5day,14,Extremes,29.622387,32.685383,3.062996000000002,29.380961,36.881841,7.500880000000002,0.40835155341773244
V0_M_0,extremes.rx5day,RX5day,14,Extremes,32.969956,36.627103,3.657146999999995,29.380961,36.881841,7.500880000000002,0.4875623926792581
V0_M_1,extremes.rx5day,RX5day,14,Extremes,32.708654,36.718469,4.009814999999996,29.380961,36.881841,7.500880000000002,0.5345792760316116
V0_T_0,extremes.rx5day,RX5day,14,Extremes,31.183149,36.662758,5.479608999999996,29.380961,36.881841,7.500880000000002,0.7305288179520263
V0_T_1,extremes.rx5day,RX5day,14,Extremes,37.76451,32.509025,5.255485,29.380961,36.881841,7.500880000000002,0.7006491238361364
V0_Z_0,extremes.rx5day,RX5day,14,Extremes,35.922559,33.720153,2.2024059999999963,29.380961,36.881841,7.500880000000002,0.2936196819573164
V0_Z_1,extremes.rx5day,RX5day,14,Extremes,34.52248,35.341718,0.8192379999999986,29.380961,36.881841,7.500880000000002,0.10921891831358432
D_IP_1,extremes.rx5day,RX5day,14,Extremes,34.20122,34.368233,0.1670129999999972,29.380961,36.881841,7.500880000000002,0.02226578748093519
D_MZP_1,extremes.rx5day,RX5day,14,Extremes,30.521088,35.420427,4.899338999999998,29.380961,36.881841,7.500880000000002,0.6531685615554437
D_MTP_0,extremes.rx5day,RX5day,14,Extremes,30.723134,34.888817,4.165683000000001,29.380961,36.881841,7.500880000000002,0.5553592378494256
D_MTP_1,extremes.rx5day,RX5day,14,Extremes,34.861668,35.534356,0.6726880000000008,29.380961,36.881841,7.500880000000002,0.08968121073794016
D_MTCP_1,extremes.rx5day,RX5day,14,Extremes,31.987543,32.642178,0.6546350000000025,29.380961,36.881841,7.500880000000002,0.08727442646729482
D_MZIP_1,extremes.rx5day,RX5day,14,Extremes,35.56042,34.839843,0.7205769999999987,29.380961,36.881841,7.500880000000002,0.09606566162903532
D_MT_1,extremes.rx5day,RX5day,14,Extremes,55.101544,2751.258898,2696.157354,29.380961,36.881841,7.500880000000002,359.4454722645875
D_MTC_1,extremes.rx5day,RX5day,14,Extremes,25.953838,30.317978,4.364139999999999,29.380961,36.881841,7.500880000000002,0.5818170667974955
C_10,features.gen_ens_SAL,SAL,15,Features,0.3658305106334798,0.3016603341753232,0.06417017645815665,0.3691865243658537,0.4202745914058881,0.05108806704003438,1.256069766896263
V0_C_0,features.gen_ens_SAL,SAL,15,Features,0.44241248389810156,0.2838652317377019,0.15854725216039967,0.3691865243658537,0.4202745914058881,0.05108806704003438,3.103410666059386
V0_C_1,features.gen_ens_SAL,SAL,15,Features,0.3141065048267804,0.3285897089154967,0.01448320408871634,0.3691865243658537,0.4202745914058881,0.05108806704003438,0.2834948536488335
V0_I_0,features.gen_ens_SAL,SAL,15,Features,0.3223549067031968,0.3811517414485337,0.05879683474533692,0.3691865243658537,0.4202745914058881,0.05108806704003438,1.150891747367574
V0_I_1,features.gen_ens_SAL,SAL,15,Features,0.4921227801301288,0.5064503347751516,0.014327554645022778,0.3691865243658537,0.4202745914058881,0.05108806704003438,0.28044816480911694
V0_M_0,features.gen_ens_SAL,SAL,15,Features,0.4324290313767092,0.30627708005794574,0.12615195131876344,0.3691865243658537,0.4202745914058881,0.05108806704003438,2.4693036677215914
V0_M_1,features.gen_ens_SAL,SAL,15,Features,0.4091534987903654,0.30714900589045724,0.10200449289990815,0.3691865243658537,0.4202745914058881,0.05108806704003438,1.9966402882296153
V0_T_0,features.gen_ens_SAL,SAL,15,Features,0.39836208235361814,0.33999873599215236,0.058363346361465784,0.3691865243658537,0.4202745914058881,0.05108806704003438,1.1424066272801092
V0_T_1,features.gen_ens_SAL,SAL,15,Features,0.28562947615878825,0.37020380116947826,0.08457432501069001,0.3691865243658537,0.4202745914058881,0.05108806704003438,1.655461439643325
V0_Z_0,features.gen_ens_SAL,SAL,15,Features,0.45376748130093764,0.38341746663417425,0.07035001466676338,0.3691865243658537,0.4202745914058881,0.05108806704003438,1.3770341831808723
V0_Z_1,features.gen_ens_SAL,SAL,15,Features,0.31466723126787344,0.2743417812586616,0.04032545000921184,0.3691865243658537,0.4202745914058881,0.05108806704003438,0.789332075876181
D_IP_1,features.gen_ens_SAL,SAL,15,Features,0.34747006441973305,0.3733122665393666,0.02584220211963356,0.3691865243658537,0.4202745914058881,0.05108806704003438,0.5058363648674106
D_MZP_1,features.gen_ens_SAL,SAL,15,Features,0.4245853437219521,0.38700599124626084,0.037579352475691274,0.3691865243658537,0.4202745914058881,0.05108806704003438,0.7355798458031851
D_MTP_0,features.gen_ens_SAL,SAL,15,Features,0.37873239769077693,0.3611094980524932,0.01762289963828373,0.3691865243658537,0.4202745914058881,0.05108806704003438,0.34495138805063447
D_MTP_1,features.gen_ens_SAL,SAL,15,Features,0.28907334802864704,0.35078123304942016,0.06170788502077312,0.3691865243658537,0.4202745914058881,0.05108806704003438,1.2078727694358975
D_MTCP_1,features.gen_ens_SAL,SAL,15,Features,0.3578521855594864,0.4094123543145144,0.051560168755028,0.3691865243658537,0.4202745914058881,0.05108806704003438,1.0092409390753356
D_MZIP_1,features.gen_ens_SAL,SAL,15,Features,0.2818632299750625,0.38237279548258785,0.10050956550752532,0.3691865243658537,0.4202745914058881,0.05108806704003438,1.9673785157845676
D_MT_1,features.gen_ens_SAL,SAL,15,Features,0.8074713160942946,1.0435786587337084,0.2361073426394138,0.3691865243658537,0.4202745914058881,0.05108806704003438,4.621575180254753
D_MTC_1,features.gen_ens_SAL,SAL,15,Features,0.7704662010570638,0.5761229104355421,0.19434329062152167,0.3691865243658537,0.4202745914058881,0.05108806704003438,3.804083847392925
C_10,climatological.annual_sum_mean,Mean annual precipitation,16,Climatological,729.3935546875,700.9620361328125,28.4315185546875,625.8766479492188,771.1617431640625,145.28509521484375,0.19569466855938472
V0_C_0,climatological.annual_sum_mean,Mean annual precipitation,16,Climatological,613.0679321289062,683.1214599609375,70.05352783203125,625.8766479492188,771.1617431640625,145.28509521484375,0.4821797289559397
V0_C_1,climatological.annual_sum_mean,Mean annual precipitation,16,Climatological,728.720458984375,740.943115234375,12.22265625,625.8766479492188,771.1617431640625,145.28509521484375,0.08412876924453579
V0_I_0,climatological.annual_sum_mean,Mean annual precipitation,16,Climatological,704.247802734375,636.4241943359375,67.8236083984375,625.8766479492188,771.1617431640625,145.28509521484375,0.4668311522124258
V0_I_1,climatological.annual_sum_mean,Mean annual precipitation,16,Climatological,610.1207275390625,674.0238037109375,63.903076171875,625.8766479492188,771.1617431640625,145.28509521484375,0.43984605631690454
V0_M_0,climatological.annual_sum_mean,Mean annual precipitation,16,Climatological,655.0636596679688,727.6119384765625,72.54827880859375,625.8766479492188,771.1617431640625,145.28509521484375,0.4993511461124851
V0_M_1,climatological.annual_sum_mean,Mean annual precipitation,16,Climatological,641.7977294921875,743.231201171875,101.4334716796875,625.8766479492188,771.1617431640625,145.28509521484375,0.6981684633904832
V0_T_0,climatological.annual_sum_mean,Mean annual precipitation,16,Climatological,656.5264282226562,764.5823974609375,108.05596923828125,625.8766479492188,771.1617431640625,145.28509521484375,0.7437512366873625
V0_T_1,climatological.annual_sum_mean,Mean annual precipitation,16,Climatological,782.7293701171875,670.7808837890625,111.948486328125,625.8766479492188,771.1617431640625,145.28509521484375,0.7705435038782096
V0_Z_0,climatological.annual_sum_mean,Mean annual precipitation,16,Climatological,740.5557861328125,681.2635498046875,59.292236328125,625.8766479492188,771.1617431640625,145.28509521484375,0.4081095603127438
V0_Z_1,climatological.annual_sum_mean,Mean annual precipitation,16,Climatological,708.016357421875,732.45556640625,24.439208984375,625.8766479492188,771.1617431640625,145.28509521484375,0.16821552787803143
D_IP_1,climatological.annual_sum_mean,Mean annual precipitation,16,Climatological,699.3543701171875,720.78955078125,21.4351806640625,625.8766479492188,771.1617431640625,145.28509521484375,0.14753874533629704
D_MZP_1,climatological.annual_sum_mean,Mean annual precipitation,16,Climatological,622.28173828125,742.3631591796875,120.0814208984375,625.8766479492188,771.1617431640625,145.28509521484375,0.8265226430891914
D_MTP_0,climatological.annual_sum_mean,Mean annual precipitation,16,Climatological,647.5877685546875,726.2449340820312,78.65716552734375,625.8766479492188,771.1617431640625,145.28509521484375,0.5413987264903369
D_MTP_1,climatological.annual_sum_mean,Mean annual precipitation,16,Climatological,732.97802734375,714.0582275390625,18.9197998046875,625.8766479492188,771.1617431640625,145.28509521484375,0.13022533231443598
D_MTCP_1,climatological.annual_sum_mean,Mean annual precipitation,16,Climatological,705.4969482421875,667.4473876953125,38.049560546875,625.8766479492188,771.1617431640625,145.28509521484375,0.26189582964865266
D_MZIP_1,climatological.annual_sum_mean,Mean annual precipitation,16,Climatological,737.80419921875,749.27001953125,11.4658203125,625.8766479492188,771.1617431640625,145.28509521484375,0.07891945347555886
D_MT_1,climatological.annual_sum_mean,Mean annual precipitation,16,Climatological,422.00860595703125,327.7957763671875,94.21282958984375,625.8766479492188,771.1617431640625,145.28509521484375,0.6484686502116704
D_MTC_1,climatological.annual_sum_mean,Mean annual precipitation,16,Climatological,443.853515625,611.29541015625,167.44189453125,625.8766479492188,771.1617431640625,145.28509521484375,1.1525056598795724
C_10,climatological.annual_sum_std,Spatial SD of annual precipitation,17,Climatological,123.41931915283203,111.69678497314453,11.7225341796875,83.54216003417969,113.93865203857422,30.39649200439453,0.3856541793701961
V0_C_0,climatological.annual_sum_std,Spatial SD of annual precipitation,17,Climatological,93.0483627319336,108.42010498046875,15.371742248535156,83.54216003417969,113.93865203857422,30.39649200439453,0.5057077720124022
V0_C_1,climatological.annual_sum_std,Spatial SD of annual precipitation,17,Climatological,101.92577362060547,103.57221984863281,1.6464462280273438,83.54216003417969,113.93865203857422,30.39649200439453,0.054165665820559525
V0_I_0,climatological.annual_sum_std,Spatial SD of annual precipitation,17,Climatological,108.52046203613281,95.02062225341797,13.499839782714844,83.54216003417969,113.93865203857422,30.39649200439453,0.44412492667782594
V0_I_1,climatological.annual_sum_std,Spatial SD of annual precipitation,17,Climatological,84.48809814453125,106.30303192138672,21.81493377685547,83.54216003417969,113.93865203857422,30.39649200439453,0.7176793221303829
V0_M_0,climatological.annual_sum_std,Spatial SD of annual precipitation,17,Climatological,100.1398696899414,131.59461975097656,31.454750061035156,83.54216003417969,113.93865203857422,30.39649200439453,1.0348151377628585
V0_M_1,climatological.annual_sum_std,Spatial SD of annual precipitation,17,Climatological,84.45860290527344,114.73743438720703,30.278831481933594,83.54216003417969,113.93865203857422,30.39649200439453,0.996129141400793
V0_T_0,climatological.annual_sum_std,Spatial SD of annual precipitation,17,Climatological,99.39704132080078,124.3858642578125,24.98882293701172,83.54216003417969,113.93865203857422,30.39649200439453,0.8220956198958417
V0_T_1,climatological.annual_sum_std,Spatial SD of annual precipitation,17,Climatological,117.2903823852539,87.60845184326172,29.681930541992188,83.54216003417969,113.93865203857422,30.39649200439453,0.9764919760379245
V0_Z_0,climatological.annual_sum_std,Spatial SD of annual precipitation,17,Climatological,109.8171615600586,112.69337463378906,2.8762130737304688,83.54216003417969,113.93865203857422,30.39649200439453,0.09462319116675189
V0_Z_1,climatological.annual_sum_std,Spatial SD of annual precipitation,17,Climatological,104.74549865722656,112.01310729980469,7.267608642578125,83.54216003417969,113.93865203857422,30.39649200439453,0.23909366388487924
D_IP_1,climatological.annual_sum_std,Spatial SD of annual precipitation,17,Climatological,98.98711395263672,103.28067016601562,4.293556213378906,83.54216003417969,113.93865203857422,30.39649200439453,0.14125170143838214
D_MZP_1,climatological.annual_sum_std,Spatial SD of annual precipitation,17,Climatological,111.5560073852539,95.37374877929688,16.18225860595703,83.54216003417969,113.93865203857422,30.39649200439453,0.5323725712696552
D_MTP_0,climatological.annual_sum_std,Spatial SD of annual precipitation,17,Climatological,90.93913269042969,115.20073699951172,24.26160430908203,83.54216003417969,113.93865203857422,30.39649200439453,0.7981711937540175
D_MTP_1,climatological.annual_sum_std,Spatial SD of annual precipitation,17,Climatological,98.32405090332031,105.6337661743164,7.309715270996094,83.54216003417969,113.93865203857422,30.39649200439453,0.2404789101959299
D_MTCP_1,climatological.annual_sum_std,Spatial SD of annual precipitation,17,Climatological,94.68831634521484,99.92556762695312,5.237251281738281,83.54216003417969,113.93865203857422,30.39649200439453,0.17229788493294268
D_MZIP_1,climatological.annual_sum_std,Spatial SD of annual precipitation,17,Climatological,106.98373413085938,108.74478149414062,1.76104736328125,83.54216003417969,113.93865203857422,30.39649200439453,0.05793587506830226
D_MT_1,climatological.annual_sum_std,Spatial SD of annual precipitation,17,Climatological,44.99193572998047,43.67897033691406,1.3129653930664062,83.54216003417969,113.93865203857422,30.39649200439453,0.043194635515064896
D_MTC_1,climatological.annual_sum_std,Spatial SD of annual precipitation,17,Climatological,55.571353912353516,72.63123321533203,17.059879302978516,83.54216003417969,113.93865203857422,30.39649200439453,0.5612450048680653
C_10,temporal.lag1_gen,Lag-1 autocorrelation,18,Temporal,0.34870377645876377,0.35586301173404383,0.0071592352752800625,0.3486051083280471,0.36888709319340357,0.020281984865356484,0.352984943180226
V0_C_0,temporal.lag1_gen,Lag-1 autocorrelation,18,Temporal,0.3265851544046962,0.34922513920884724,0.022639984804151025,0.3486051083280471,0.36888709319340357,0.020281984865356484,1.1162608075318223
V0_C_1,temporal.lag1_gen,Lag-1 autocorrelation,18,Temporal,0.3420680378104085,0.34080832007681533,0.0012597177335931797,0.3486051083280471,0.36888709319340357,0.020281984865356484,0.062110180140450395
V0_I_0,temporal.lag1_gen,Lag-1 autocorrelation,18,Temporal,0.3499538003348575,0.3492117350269596,0.0007420653078978878,0.3486051083280471,0.36888709319340357,0.020281984865356484,0.0365874105924122
V0_I_1,temporal.lag1_gen,Lag-1 autocorrelation,18,Temporal,0.33391254098151074,0.341079538043941,0.007166997062430236,0.3486051083280471,0.36888709319340357,0.020281984865356484,0.3533676368466349
V0_M_0,temporal.lag1_gen,Lag-1 autocorrelation,18,Temporal,0.34738041176534,0.3593130275434085,0.011932615778068478,0.3486051083280471,0.36888709319340357,0.020281984865356484,0.5883357007356068
V0_M_1,temporal.lag1_gen,Lag-1 autocorrelation,18,Temporal,0.3522604657171551,0.3515900043623533,0.0006704613548017546,0.3486051083280471,0.36888709319340357,0.020281984865356484,0.03305698920754866
V0_T_0,temporal.lag1_gen,Lag-1 autocorrelation,18,Temporal,0.34781795618054945,0.3580609804051726,0.010243024224623143,0.3486051083280471,0.36888709319340357,0.020281984865356484,0.5050306610828401
V0_T_1,temporal.lag1_gen,Lag-1 autocorrelation,18,Temporal,0.34637253664956535,0.3394751190158027,0.00689741763376267,0.3486051083280471,0.36888709319340357,0.020281984865356484,0.34007606649702715
V0_Z_0,temporal.lag1_gen,Lag-1 autocorrelation,18,Temporal,0.35263013791042813,0.3544308532552133,0.0018007153447851532,0.3486051083280471,0.36888709319340357,0.020281984865356484,0.0887839803026844
V0_Z_1,temporal.lag1_gen,Lag-1 autocorrelation,18,Temporal,0.34863709929536946,0.3498554133889134,0.0012183140935439485,0.3486051083280471,0.36888709319340357,0.020281984865356484,0.060068780330515985
D_IP_1,temporal.lag1_gen,Lag-1 autocorrelation,18,Temporal,0.3285966176936123,0.3613712828983635,0.0327746652047512,0.3486051083280471,0.36888709319340357,0.020281984865356484,1.615949593805948
D_MZP_1,temporal.lag1_gen,Lag-1 autocorrelation,18,Temporal,0.33929856333394803,0.3593979321110333,0.02009936877708529,0.3486051083280471,0.36888709319340357,0.020281984865356484,0.9909961431544544
D_MTP_0,temporal.lag1_gen,Lag-1 autocorrelation,18,Temporal,0.3659136022351811,0.36536283162367234,0.0005507706115087663,0.3486051083280471,0.36888709319340357,0.020281984865356484,0.02715565637017774
D_MTP_1,temporal.lag1_gen,Lag-1 autocorrelation,18,Temporal,0.36297677486836427,0.37152395214947054,0.008547177281106266,0.3486051083280471,0.36888709319340357,0.020281984865356484,0.4214172004292164
D_MTCP_1,temporal.lag1_gen,Lag-1 autocorrelation,18,Temporal,0.3714366604352818,0.35699145185397946,0.014445208581302327,0.3486051083280471,0.36888709319340357,0.020281984865356484,0.7122186845714537
D_MZIP_1,temporal.lag1_gen,Lag-1 autocorrelation,18,Temporal,0.3589072656302087,0.3618932612672369,0.002985995637028227,0.3486051083280471,0.36888709319340357,0.020281984865356484,0.14722403437587536
D_MT_1,temporal.lag1_gen,Lag-1 autocorrelation,18,Temporal,0.05388416718796842,0.09967253042931712,0.0457883632413487,0.3486051083280471,0.36888709319340357,0.020281984865356484,2.2575878813300703
D_MTC_1,temporal.lag1_gen,Lag-1 autocorrelation,18,Temporal,0.11496354758609596,0.14303359097658372,0.028070043390487756,0.3486051083280471,0.36888709319340357,0.020281984865356484,1.3839889723236112
C_10,temporal.wet_mean_length_gen,Mean wet-spell length,19,Temporal,2.965068498836909,2.9538393385753174,0.011229160261591709,2.861802113660532,3.020843526302959,0.1590414126424271,0.07060525981895191
V0_C_0,temporal.wet_mean_length_gen,Mean wet-spell length,19,Temporal,2.705930602881618,2.866703655877633,0.16077305299601496,2.861802113660532,3.020843526302959,0.1590414126424271,1.0108879839836502
V0_C_1,temporal.wet_mean_length_gen,Mean wet-spell length,19,Temporal,2.8894635468332557,2.9592853903591276,0.06982184352587195,2.861802113660532,3.020843526302959,0.1590414126424271,0.43901674642976446
V0_I_0,temporal.wet_mean_length_gen,Mean wet-spell length,19,Temporal,2.9179552834586886,2.776232479675417,0.14172280378327162,2.861802113660532,3.020843526302959,0.1590414126424271,0.8911062938173662
V0_I_1,temporal.wet_mean_length_gen,Mean wet-spell length,19,Temporal,2.8360897515059857,2.8375010316512976,0.0014112801453118884,2.861802113660532,3.020843526302959,0.1590414126424271,0.008873664549779059
V0_M_0,temporal.wet_mean_length_gen,Mean wet-spell length,19,Temporal,2.8044307292336144,2.886835754054861,0.08240502482124645,2.861802113660532,3.020843526302959,0.1590414126424271,0.5181356443715557
V0_M_1,temporal.wet_mean_length_gen,Mean wet-spell length,19,Temporal,2.8605347064472273,2.933080868872262,0.07254616242503475,2.861802113660532,3.020843526302959,0.1590414126424271,0.45614636602945885
V0_T_0,temporal.wet_mean_length_gen,Mean wet-spell length,19,Temporal,2.880040371410804,3.139382073652707,0.2593417022419029,2.861802113660532,3.020843526302959,0.1590414126424271,1.6306551729704577
V0_T_1,temporal.wet_mean_length_gen,Mean wet-spell length,19,Temporal,2.9881363114980823,2.8466144908094133,0.14152182068866903,2.861802113660532,3.020843526302959,0.1590414126424271,0.8898425783406025
V0_Z_0,temporal.wet_mean_length_gen,Mean wet-spell length,19,Temporal,3.009682010917622,2.8577148415676854,0.1519671693499367,2.861802113660532,3.020843526302959,0.1590414126424271,0.9555194890754937
V0_Z_1,temporal.wet_mean_length_gen,Mean wet-spell length,19,Temporal,2.939090636502064,3.0331734163599866,0.09408277985792246,2.861802113660532,3.020843526302959,0.1590414126424271,0.5915615203283489
D_IP_1,temporal.wet_mean_length_gen,Mean wet-spell length,19,Temporal,2.896849609921863,2.9959534587162464,0.09910384879438361,2.861802113660532,3.020843526302959,0.1590414126424271,0.6231323474043761
D_MZP_1,temporal.wet_mean_length_gen,Mean wet-spell length,19,Temporal,2.872719524162875,3.0600497048603423,0.18733018069746743,2.861802113660532,3.020843526302959,0.1590414126424271,1.177870452638911
D_MTP_0,temporal.wet_mean_length_gen,Mean wet-spell length,19,Temporal,2.8717959868728604,3.0071121584382863,0.13531617156542586,2.861802113660532,3.020843526302959,0.1590414126424271,0.8508235013584624
D_MTP_1,temporal.wet_mean_length_gen,Mean wet-spell length,19,Temporal,3.0434996394870764,2.8669539157263992,0.17654572376067712,2.861802113660532,3.020843526302959,0.1590414126424271,1.1100613408006188
D_MTCP_1,temporal.wet_mean_length_gen,Mean wet-spell length,19,Temporal,3.1181332461952356,2.9534913668553218,0.1646418793399138,2.861802113660532,3.020843526302959,0.1590414126424271,1.0352138892910756
D_MZIP_1,temporal.wet_mean_length_gen,Mean wet-spell length,19,Temporal,3.0334782953533974,3.228734374825595,0.1952560794721978,2.861802113660532,3.020843526302959,0.1590414126424271,1.2277058926230249
D_MT_1,temporal.wet_mean_length_gen,Mean wet-spell length,19,Temporal,1.5658352405392115,1.5247592126198368,0.0410760279193747,2.861802113660532,3.020843526302959,0.1590414126424271,0.25827252938029394
D_MTC_1,temporal.wet_mean_length_gen,Mean wet-spell length,19,Temporal,1.7877900859899047,2.195232679736438,0.40744259374653335,2.861802113660532,3.020843526302959,0.1590414126424271,2.5618647808579693
C_10,temporal.dry_mean_length_gen,Mean dry-spell length,20,Temporal,3.244564417996111,3.2357155902272092,0.008848827768901835,3.178275593729851,3.285429595322523,0.10715400159267219,0.08258046958002704
V0_C_0,temporal.dry_mean_length_gen,Mean dry-spell length,20,Temporal,3.3697576600438666,3.320317179823383,0.04944048022048353,3.178275593729851,3.285429595322523,0.10715400159267219,0.46139648996425864
V0_C_1,temporal.dry_mean_length_gen,Mean dry-spell length,20,Temporal,3.2672555792506577,3.2281272881951555,0.039128291055502196,3.178275593729851,3.285429595322523,0.10715400159267219,0.3651594011788918
V0_I_0,temporal.dry_mean_length_gen,Mean dry-spell length,20,Temporal,3.2522434973726106,3.3641129376700674,0.11186944029745671,3.178275593729851,3.285429595322523,0.10715400159267219,1.0440061839473758
V0_I_1,temporal.dry_mean_length_gen,Mean dry-spell length,20,Temporal,3.2620400347737983,3.280839865835526,0.018799831061727446,3.178275593729851,3.285429595322523,0.10715400159267219,0.175446840830003
V0_M_0,temporal.dry_mean_length_gen,Mean dry-spell length,20,Temporal,3.33102669677302,3.2976149474471326,0.03341174932588764,3.178275593729851,3.285429595322523,0.10715400159267219,0.31181056077491864
V0_M_1,temporal.dry_mean_length_gen,Mean dry-spell length,20,Temporal,3.3036708737740828,3.266947285269705,0.03672358850437796,3.178275593729851,3.285429595322523,0.10715400159267219,0.3427178449571717
V0_T_0,temporal.dry_mean_length_gen,Mean dry-spell length,20,Temporal,3.231560383594922,3.2387417993584244,0.007181415763502397,3.178275593729851,3.285429595322523,0.10715400159267219,0.0670195760938666
V0_T_1,temporal.dry_mean_length_gen,Mean dry-spell length,20,Temporal,3.2293357771678606,3.254299152601524,0.024963375433663337,3.178275593729851,3.285429595322523,0.10715400159267219,0.2329672719881931
V0_Z_0,temporal.dry_mean_length_gen,Mean dry-spell length,20,Temporal,3.1836473164262133,3.2945755712956526,0.11092825486943925,3.178275593729851,3.285429595322523,0.10715400159267219,1.035222700232085
V0_Z_1,temporal.dry_mean_length_gen,Mean dry-spell length,20,Temporal,3.244053927979429,3.234981144049754,0.009072783929675143,3.178275593729851,3.285429595322523,0.10715400159267219,0.08467050968533865
D_IP_1,temporal.dry_mean_length_gen,Mean dry-spell length,20,Temporal,3.302562146296105,3.2437338106081763,0.05882833568792867,3.178275593729851,3.285429595322523,0.10715400159267219,0.5490073614941104
D_MZP_1,temporal.dry_mean_length_gen,Mean dry-spell length,20,Temporal,3.346678375739235,3.2387233220054297,0.10795505373380543,3.178275593729851,3.285429595322523,0.10715400159267219,1.007475709065708
D_MTP_0,temporal.dry_mean_length_gen,Mean dry-spell length,20,Temporal,3.259745365041847,3.2630801143834756,0.0033347493416284735,3.178275593729851,3.285429595322523,0.10715400159267219,0.031121090132545482
D_MTP_1,temporal.dry_mean_length_gen,Mean dry-spell length,20,Temporal,3.262970549189673,3.280906859625553,0.017936310435879843,3.178275593729851,3.285429595322523,0.10715400159267219,0.16738815321206288
D_MTCP_1,temporal.dry_mean_length_gen,Mean dry-spell length,20,Temporal,3.094447851383737,3.2729869878134537,0.17853913642971664,3.178275593729851,3.285429595322523,0.10715400159267219,1.6661919646118581
D_MZIP_1,temporal.dry_mean_length_gen,Mean dry-spell length,20,Temporal,3.200212888816394,3.2480762409366375,0.04786335212024362,3.178275593729851,3.285429595322523,0.10715400159267219,0.4466781586205997
D_MT_1,temporal.dry_mean_length_gen,Mean dry-spell length,20,Temporal,3.4973916809965027,3.9564307612134435,0.45903908021694084,3.178275593729851,3.285429595322523,0.10715400159267219,4.2839191574188735
D_MTC_1,temporal.dry_mean_length_gen,Mean dry-spell length,20,Temporal,3.227624223088525,2.6344052979549155,0.5932189251336095,3.178275593729851,3.285429595322523,0.10715400159267219,5.536134127670107
C_10,probabilistic.spatial_crps_land_mean,Land-only spatial CRPS,21,Probabilistic,0.888113,0.917511,0.029397999999999924,0.885074,0.984679,0.09960499999999994,0.29514582601274975
V0_C_0,probabilistic.spatial_crps_land_mean,Land-only spatial CRPS,21,Probabilistic,0.989702,0.942301,0.047400999999999915,0.885074,0.984679,0.09960499999999994,0.4758897645700511
V0_C_1,probabilistic.spatial_crps_land_mean,Land-only spatial CRPS,21,Probabilistic,0.885805,0.89813,0.01232500000000003,0.885074,0.984679,0.09960499999999994,0.12373876813413019
V0_I_0,probabilistic.spatial_crps_land_mean,Land-only spatial CRPS,21,Probabilistic,0.891277,0.949425,0.05814799999999998,0.885074,0.984679,0.09960499999999994,0.5837859545203555
V0_I_1,probabilistic.spatial_crps_land_mean,Land-only spatial CRPS,21,Probabilistic,1.045367,0.93017,0.11519699999999988,0.885074,0.984679,0.09960499999999994,1.156538326389237
V0_M_0,probabilistic.spatial_crps_land_mean,Land-only spatial CRPS,21,Probabilistic,0.946749,0.877256,0.06949299999999992,0.885074,0.984679,0.09960499999999994,0.6976858591436168
V0_M_1,probabilistic.spatial_crps_land_mean,Land-only spatial CRPS,21,Probabilistic,0.986981,0.876611,0.11036999999999997,0.885074,0.984679,0.09960499999999994,1.1080769037698914
V0_T_0,probabilistic.spatial_crps_land_mean,Land-only spatial CRPS,21,Probabilistic,0.960244,0.89841,0.061833999999999945,0.885074,0.984679,0.09960499999999994,0.6207921289091911
V0_T_1,probabilistic.spatial_crps_land_mean,Land-only spatial CRPS,21,Probabilistic,0.870516,0.93404,0.06352400000000002,0.885074,0.984679,0.09960499999999994,0.6377591486371172
V0_Z_0,probabilistic.spatial_crps_land_mean,Land-only spatial CRPS,21,Probabilistic,0.898814,0.912702,0.013888000000000011,0.885074,0.984679,0.09960499999999994,0.13943075146829997
V0_Z_1,probabilistic.spatial_crps_land_mean,Land-only spatial CRPS,21,Probabilistic,0.900433,0.899673,0.0007600000000000939,0.885074,0.984679,0.09960499999999994,0.007630139049245463
D_IP_1,probabilistic.spatial_crps_land_mean,Land-only spatial CRPS,21,Probabilistic,0.920705,0.894841,0.025863999999999998,0.885074,0.984679,0.09960499999999994,0.2596656794337635
D_MZP_1,probabilistic.spatial_crps_land_mean,Land-only spatial CRPS,21,Probabilistic,1.025877,0.896224,0.1296529999999999,0.885074,0.984679,0.09960499999999994,1.301671602831183
D_MTP_0,probabilistic.spatial_crps_land_mean,Land-only spatial CRPS,21,Probabilistic,0.964238,0.903149,0.06108900000000006,0.885074,0.984679,0.09960499999999994,0.6133125847096039
D_MTP_1,probabilistic.spatial_crps_land_mean,Land-only spatial CRPS,21,Probabilistic,0.921863,0.906127,0.015735999999999972,0.885074,0.984679,0.09960499999999994,0.15798403694593627
D_MTCP_1,probabilistic.spatial_crps_land_mean,Land-only spatial CRPS,21,Probabilistic,0.93955,0.951089,0.011538999999999966,0.885074,0.984679,0.09960499999999994,0.11584759801214771
D_MZIP_1,probabilistic.spatial_crps_land_mean,Land-only spatial CRPS,21,Probabilistic,0.889042,0.925265,0.036223000000000005,0.885074,0.984679,0.09960499999999994,0.36366648260629514
D_MT_1,probabilistic.spatial_crps_land_mean,Land-only spatial CRPS,21,Probabilistic,1.770419,1.825387,0.05496800000000013,0.885074,0.984679,0.09960499999999994,0.5518598463932549
D_MTC_1,probabilistic.spatial_crps_land_mean,Land-only spatial CRPS,21,Probabilistic,1.682172,1.562658,0.1195139999999999,0.885074,0.984679,0.09960499999999994,1.1998795241202747
C_10,probabilistic.rankhist_max_abs_z,Rank-histogram max |z|,22,Probabilistic,212.427741,267.45472,55.02697900000001,297.646598,396.111127,98.46452900000003,0.5588507816860627
V0_C_0,probabilistic.rankhist_max_abs_z,Rank-histogram max |z|,22,Probabilistic,420.158769,149.11119,271.04757900000004,297.646598,396.111127,98.46452900000003,2.7527433660907468
V0_C_1,probabilistic.rankhist_max_abs_z,Rank-histogram max |z|,22,Probabilistic,243.34808,147.922543,95.42553700000002,297.646598,396.111127,98.46452900000003,0.9691361749163497
V0_I_0,probabilistic.rankhist_max_abs_z,Rank-histogram max |z|,22,Probabilistic,304.4061,370.315453,65.90935300000001,297.646598,396.111127,98.46452900000003,0.6693715358146891
V0_I_1,probabilistic.rankhist_max_abs_z,Rank-histogram max |z|,22,Probabilistic,303.128369,292.065374,11.062995,297.646598,396.111127,98.46452900000003,0.11235513044499505
V0_M_0,probabilistic.rankhist_max_abs_z,Rank-histogram max |z|,22,Probabilistic,311.949434,268.813363,43.136071000000015,297.646598,396.111127,98.46452900000003,0.4380874152152803
V0_M_1,probabilistic.rankhist_max_abs_z,Rank-histogram max |z|,22,Probabilistic,251.978665,255.269076,3.290411000000006,297.646598,396.111127,98.46452900000003,0.03341722174896104
V0_T_0,probabilistic.rankhist_max_abs_z,Rank-histogram max |z|,22,Probabilistic,239.203039,116.663642,122.539397,297.646598,396.111127,98.46452900000003,1.2445029519208888
V0_T_1,probabilistic.rankhist_max_abs_z,Rank-histogram max |z|,22,Probabilistic,268.410235,415.573771,147.16353600000002,297.646598,396.111127,98.46452900000003,1.494584268005791
V0_Z_0,probabilistic.rankhist_max_abs_z,Rank-histogram max |z|,22,Probabilistic,106.95929,414.119045,307.159755,297.646598,396.111127,98.46452900000003,3.1194965143234468
V0_Z_1,probabilistic.rankhist_max_abs_z,Rank-histogram max |z|,22,Probabilistic,347.665223,218.16236,129.50286300000002,297.646598,396.111127,98.46452900000003,1.315223505512325
D_IP_1,probabilistic.rankhist_max_abs_z,Rank-histogram max |z|,22,Probabilistic,231.283547,239.599169,8.31562199999999,297.646598,396.111127,98.46452900000003,0.08445297087644615
D_MZP_1,probabilistic.rankhist_max_abs_z,Rank-histogram max |z|,22,Probabilistic,270.753304,94.949209,175.80409500000002,297.646598,396.111127,98.46452900000003,1.785456110799047
D_MTP_0,probabilistic.rankhist_max_abs_z,Rank-histogram max |z|,22,Probabilistic,321.893149,248.00219,73.89095899999998,297.646598,396.111127,98.46452900000003,0.7504322597226861
D_MTP_1,probabilistic.rankhist_max_abs_z,Rank-histogram max |z|,22,Probabilistic,166.046772,393.570835,227.52406299999998,297.646598,396.111127,98.46452900000003,2.3107210821066326
D_MTCP_1,probabilistic.rankhist_max_abs_z,Rank-histogram max |z|,22,Probabilistic,160.637741,204.304795,43.66705400000001,297.646598,396.111127,98.46452900000003,0.4434800475204629
D_MZIP_1,probabilistic.rankhist_max_abs_z,Rank-histogram max |z|,22,Probabilistic,236.97628,139.784171,97.19210900000002,297.646598,396.111127,98.46452900000003,0.9870773768693901
D_MT_1,probabilistic.rankhist_max_abs_z,Rank-histogram max |z|,22,Probabilistic,690.66188,1355.623199,664.9613190000001,297.646598,396.111127,98.46452900000003,6.753308280182805
D_MTC_1,probabilistic.rankhist_max_abs_z,Rank-histogram max |z|,22,Probabilistic,591.421948,254.920144,336.50180400000005,297.646598,396.111127,98.46452900000003,3.4174926485455486
C_10,probabilistic.spread_skill_slope,Spread-skill slope,23,Probabilistic,0.877278,0.947048,0.06977,0.952985,0.996375,0.04339000000000004,1.6079741876008282
V0_C_0,probabilistic.spread_skill_slope,Spread-skill slope,23,Probabilistic,1.063678,0.90636,0.15731799999999985,0.952985,0.996375,0.04339000000000004,3.6256741184604677
V0_C_1,probabilistic.spread_skill_slope,Spread-skill slope,23,Probabilistic,0.941851,0.836369,0.10548199999999996,0.952985,0.996375,0.04339000000000004,2.431020972574323
V0_I_0,probabilistic.spread_skill_slope,Spread-skill slope,23,Probabilistic,1.022871,1.025943,0.0030719999999999636,0.952985,0.996375,0.04339000000000004,0.07079972343857942
V0_I_1,probabilistic.spread_skill_slope,Spread-skill slope,23,Probabilistic,0.902103,0.932749,0.030646000000000062,0.952985,0.996375,0.04339000000000004,0.7062917722977653
V0_M_0,probabilistic.spread_skill_slope,Spread-skill slope,23,Probabilistic,0.933079,0.943934,0.010855000000000059,0.952985,0.996375,0.04339000000000004,0.25017285088730234
V0_M_1,probabilistic.spread_skill_slope,Spread-skill slope,23,Probabilistic,0.96443,0.873337,0.09109299999999998,0.952985,0.996375,0.04339000000000004,2.0994007835906867
V0_T_0,probabilistic.spread_skill_slope,Spread-skill slope,23,Probabilistic,0.98373,0.840752,0.14297799999999994,0.952985,0.996375,0.04339000000000004,3.295183221940535
V0_T_1,probabilistic.spread_skill_slope,Spread-skill slope,23,Probabilistic,0.850346,1.037916,0.18757000000000001,0.952985,0.996375,0.04339000000000004,4.322885457478678
V0_Z_0,probabilistic.spread_skill_slope,Spread-skill slope,23,Probabilistic,0.877935,0.979273,0.10133799999999993,0.952985,0.996375,0.04339000000000004,2.335515095644154
V0_Z_1,probabilistic.spread_skill_slope,Spread-skill slope,23,Probabilistic,0.951148,0.876164,0.07498399999999994,0.952985,0.996375,0.04339000000000004,1.728140124452636
D_IP_1,probabilistic.spread_skill_slope,Spread-skill slope,23,Probabilistic,0.866227,0.938902,0.07267500000000005,0.952985,0.996375,0.04339000000000004,1.6749250979488357
D_MZP_1,probabilistic.spread_skill_slope,Spread-skill slope,23,Probabilistic,0.912418,0.901052,0.011365999999999987,0.952985,0.996375,0.04339000000000004,0.26194975800875725
D_MTP_0,probabilistic.spread_skill_slope,Spread-skill slope,23,Probabilistic,1.02321,0.889828,0.133382,0.952985,0.996375,0.04339000000000004,3.074026273334867
D_MTP_1,probabilistic.spread_skill_slope,Spread-skill slope,23,Probabilistic,0.824377,0.907613,0.08323599999999998,0.952985,0.996375,0.04339000000000004,1.9183221940539272
D_MTCP_1,probabilistic.spread_skill_slope,Spread-skill slope,23,Probabilistic,0.949317,1.020071,0.07075399999999998,0.952985,0.996375,0.04339000000000004,1.630652224014748
D_MZIP_1,probabilistic.spread_skill_slope,Spread-skill slope,23,Probabilistic,1.00346,0.807608,0.19585200000000003,0.952985,0.996375,0.04339000000000004,4.513758930629174
D_MT_1,probabilistic.spread_skill_slope,Spread-skill slope,23,Probabilistic,1.147368,1.401625,0.25425699999999996,0.952985,0.996375,0.04339000000000004,5.859806407006216
D_MTC_1,probabilistic.spread_skill_slope,Spread-skill slope,23,Probabilistic,1.17298,1.043894,0.1290859999999998,0.952985,0.996375,0.04339000000000004,2.975017285088723
C_10,extremes.wet_freq,Wet-day frequency,24,Extremes,0.359774,0.361909,0.002134999999999998,0.340432,0.385601,0.045169000000000015,0.04726693085966033
V0_C_0,extremes.wet_freq,Wet-day frequency,24,Extremes,0.34201,0.345406,0.00339600000000001,0.340432,0.385601,0.045169000000000015,0.07518430782173635
V0_C_1,extremes.wet_freq,Wet-day frequency,24,Extremes,0.359191,0.35341,0.005780999999999981,0.340432,0.385601,0.045169000000000015,0.12798600810290195
V0_I_0,extremes.wet_freq,Wet-day frequency,24,Extremes,0.369048,0.342413,0.026634999999999964,0.340432,0.385601,0.045169000000000015,0.5896743341672376
V0_I_1,extremes.wet_freq,Wet-day frequency,24,Extremes,0.318477,0.343563,0.025085999999999997,0.340432,0.385601,0.045169000000000015,0.5553809028315878
V0_M_0,extremes.wet_freq,Wet-day frequency,24,Extremes,0.342517,0.355044,0.01252700000000001,0.340432,0.385601,0.045169000000000015,0.2773362261728178
V0_M_1,extremes.wet_freq,Wet-day frequency,24,Extremes,0.340726,0.353626,0.012900000000000023,0.340432,0.385601,0.045169000000000015,0.2855941021497049
V0_T_0,extremes.wet_freq,Wet-day frequency,24,Extremes,0.358426,0.369638,0.011212,0.340432,0.385601,0.045169000000000015,0.24822333901569651
V0_T_1,extremes.wet_freq,Wet-day frequency,24,Extremes,0.370292,0.362587,0.007705000000000017,0.340432,0.385601,0.045169000000000015,0.17058159357081218
V0_Z_0,extremes.wet_freq,Wet-day frequency,24,Extremes,0.373438,0.353842,0.019596000000000002,0.340432,0.385601,0.045169000000000015,0.4338373663353184
V0_Z_1,extremes.wet_freq,Wet-day frequency,24,Extremes,0.362349,0.362116,0.00023299999999998322,0.340432,0.385601,0.045169000000000015,0.005158405100843126
D_IP_1,extremes.wet_freq,Wet-day frequency,24,Extremes,0.34515,0.367015,0.021864999999999968,0.340432,0.385601,0.045169000000000015,0.48407093360490516
D_MZP_1,extremes.wet_freq,Wet-day frequency,24,Extremes,0.322101,0.371715,0.04961399999999999,0.340432,0.385601,0.045169000000000015,1.0984082003143743
D_MTP_0,extremes.wet_freq,Wet-day frequency,24,Extremes,0.355967,0.367597,0.01163000000000003,0.340432,0.385601,0.045169000000000015,0.257477473488455
D_MTP_1,extremes.wet_freq,Wet-day frequency,24,Extremes,0.355456,0.354969,0.0004870000000000152,0.340432,0.385601,0.045169000000000015,0.010781730833093826
D_MTCP_1,extremes.wet_freq,Wet-day frequency,24,Extremes,0.385093,0.366583,0.018510000000000026,0.340432,0.385601,0.045169000000000015,0.4097943279682973
D_MZIP_1,extremes.wet_freq,Wet-day frequency,24,Extremes,0.380163,0.364167,0.015995999999999955,0.340432,0.385601,0.045169000000000015,0.3541366866656324
D_MT_1,extremes.wet_freq,Wet-day frequency,24,Extremes,0.230141,0.200227,0.029914000000000024,0.340432,0.385601,0.045169000000000015,0.6622683698997103
D_MTC_1,extremes.wet_freq,Wet-day frequency,24,Extremes,0.249551,0.351572,0.102021,0.340432,0.385601,0.045169000000000015,2.258650844605813
C_10,extremes.wet_hit_rate,Wet-day hit rate,25,Extremes,0.756587,0.76717,0.010583000000000009,0.727439,0.80649,0.0790510000000001,0.13387559929665654
V0_C_0,extremes.wet_hit_rate,Wet-day hit rate,25,Extremes,0.72695,0.732934,0.005983999999999989,0.727439,0.80649,0.0790510000000001,0.07569796713514038
V0_C_1,extremes.wet_hit_rate,Wet-day hit rate,25,Extremes,0.764666,0.74938,0.01528599999999991,0.727439,0.80649,0.0790510000000001,0.19336883783886216
V0_I_0,extremes.wet_hit_rate,Wet-day hit rate,25,Extremes,0.778936,0.731318,0.04761799999999994,0.727439,0.80649,0.0790510000000001,0.6023706214975127
V0_I_1,extremes.wet_hit_rate,Wet-day hit rate,25,Extremes,0.669875,0.736688,0.06681300000000001,0.727439,0.80649,0.0790510000000001,0.8451885491644626
V0_M_0,extremes.wet_hit_rate,Wet-day hit rate,25,Extremes,0.733715,0.76327,0.029554999999999998,0.727439,0.80649,0.0790510000000001,0.37387256328193147
V0_M_1,extremes.wet_hit_rate,Wet-day hit rate,25,Extremes,0.725701,0.75468,0.028978999999999977,0.727439,0.80649,0.0790510000000001,0.3665861279427198
V0_T_0,extremes.wet_hit_rate,Wet-day hit rate,25,Extremes,0.757246,0.766015,0.008769000000000027,0.727439,0.80649,0.0790510000000001,0.11092838800268202
V0_T_1,extremes.wet_hit_rate,Wet-day hit rate,25,Extremes,0.778917,0.768184,0.010732999999999993,0.727439,0.80649,0.0790510000000001,0.13577310849957597
V0_Z_0,extremes.wet_hit_rate,Wet-day hit rate,25,Extremes,0.776155,0.756425,0.019730000000000025,0.727439,0.80649,0.0790510000000001,0.24958571049069592
V0_Z_1,extremes.wet_hit_rate,Wet-day hit rate,25,Extremes,0.765294,0.762195,0.003099000000000074,0.727439,0.80649,0.0790510000000001,0.03920254013232053
D_IP_1,extremes.wet_hit_rate,Wet-day hit rate,25,Extremes,0.732429,0.776851,0.04442199999999996,0.727439,0.80649,0.0790510000000001,0.5619410254139721
D_MZP_1,extremes.wet_hit_rate,Wet-day hit rate,25,Extremes,0.678107,0.776969,0.098862,0.727439,0.80649,0.0790510000000001,1.2506103654602712
D_MTP_0,extremes.wet_hit_rate,Wet-day hit rate,25,Extremes,0.751207,0.776435,0.025228000000000028,0.727439,0.80649,0.0790510000000001,0.31913574780837684
D_MTP_1,extremes.wet_hit_rate,Wet-day hit rate,25,Extremes,0.747958,0.763233,0.015275000000000039,0.727439,0.80649,0.0790510000000001,0.193229687163983
D_MTCP_1,extremes.wet_hit_rate,Wet-day hit rate,25,Extremes,0.787259,0.763315,0.023944000000000076,0.727439,0.80649,0.0790510000000001,0.3028930690313854
D_MZIP_1,extremes.wet_hit_rate,Wet-day hit rate,25,Extremes,0.799454,0.754314,0.04513999999999996,0.727439,0.80649,0.0790510000000001,0.5710237694652807
D_MT_1,extremes.wet_hit_rate,Wet-day hit rate,25,Extremes,0.311818,0.283214,0.028603999999999963,0.727439,0.80649,0.0790510000000001,0.36184235493542055
D_MTC_1,extremes.wet_hit_rate,Wet-day hit rate,25,Extremes,0.360951,0.501373,0.14042199999999994,0.727439,0.80649,0.0790510000000001,1.7763469152825362
C_10,features.gen_ens_S,SAL structure component,26,Features,0.2834804384912454,-0.013938572221939274,0.29741901071318466,-0.13677301249859816,0.10751517476921187,0.24428818726781004,1.217492397154382
V0_C_0,features.gen_ens_S,SAL structure component,26,Features,-0.08207836483728762,-0.030069381187431018,0.052008983649856594,-0.13677301249859816,0.10751517476921187,0.24428818726781004,0.21290011699517752
V0_C_1,features.gen_ens_S,SAL structure component,26,Features,-0.10115806483259461,-0.12965768964763552,0.02849962481504091,-0.13677301249859816,0.10751517476921187,0.24428818726781004,0.11666394979548124
V0_I_0,features.gen_ens_S,SAL structure component,26,Features,0.04354891649468838,-0.020327643749569052,0.06387656024425743,-0.13677301249859816,0.10751517476921187,0.24428818726781004,0.2614803481030803
V0_I_1,features.gen_ens_S,SAL structure component,26,Features,-0.11909790233248597,0.3192005492770731,0.43829845160955905,-0.13677301249859816,0.10751517476921187,0.24428818726781004,1.794186024758774
V0_M_0,features.gen_ens_S,SAL structure component,26,Features,0.2922951087678114,0.19431164554687064,0.09798346322094076,-0.13677301249859816,0.10751517476921187,0.24428818726781004,0.4010978357849237
V0_M_1,features.gen_ens_S,SAL structure component,26,Features,-0.1118304965722847,0.10510302873348647,0.21693352530577115,-0.13677301249859816,0.10751517476921187,0.24428818726781004,0.8880229851963725
V0_T_0,features.gen_ens_S,SAL structure component,26,Features,-0.12616333000570124,0.07718586049803243,0.20334919050373368,-0.13677301249859816,0.10751517476921187,0.24428818726781004,0.8324151600535827
V0_T_1,features.gen_ens_S,SAL structure component,26,Features,-0.055525207174647505,0.051832201369450895,0.10735740854409839,-0.13677301249859816,0.10751517476921187,0.24428818726781004,0.43947032291988736
V0_Z_0,features.gen_ens_S,SAL structure component,26,Features,0.39656954636344244,0.2057483920864178,0.19082115427702465,-0.13677301249859816,0.10751517476921187,0.24428818726781004,0.781131320393441
V0_Z_1,features.gen_ens_S,SAL structure component,26,Features,0.1370308271637547,0.032931125493438684,0.10409970167031601,-0.13677301249859816,0.10751517476921187,0.24428818726781004,0.42613481574609596
D_IP_1,features.gen_ens_S,SAL structure component,26,Features,0.046445408528267965,0.12276377599592539,0.07631836746765742,-0.13677301249859816,0.10751517476921187,0.24428818726781004,0.31241120711248543
D_MZP_1,features.gen_ens_S,SAL structure component,26,Features,0.24421871391476913,-0.23844657921670043,0.48266529313146955,-0.13677301249859816,0.10751517476921187,0.24428818726781004,1.9758028356988449
D_MTP_0,features.gen_ens_S,SAL structure component,26,Features,0.08956269087628525,0.20768059023824725,0.118117899361962,-0.13677301249859816,0.10751517476921187,0.24428818726781004,0.4835186698261052
D_MTP_1,features.gen_ens_S,SAL structure component,26,Features,0.005086388780207781,0.016299029994948058,0.011212641214740277,-0.13677301249859816,0.10751517476921187,0.24428818726781004,0.04589923622646559
D_MTCP_1,features.gen_ens_S,SAL structure component,26,Features,-0.1501661533482535,0.04466213222282277,0.1948282855710763,-0.13677301249859816,0.10751517476921187,0.24428818726781004,0.7975346157752954
D_MZIP_1,features.gen_ens_S,SAL structure component,26,Features,0.07153585894966616,0.23517371939712334,0.16363786044745718,-0.13677301249859816,0.10751517476921187,0.24428818726781004,0.6698558054633361
D_MT_1,features.gen_ens_S,SAL structure component,26,Features,-0.28276878911756154,-0.34768580652309894,0.0649170174055374,-0.13677301249859816,0.10751517476921187,0.24428818726781004,0.265739486348432
D_MTC_1,features.gen_ens_S,SAL structure component,26,Features,-0.31028075322748194,-0.38195290530587234,0.0716721520783904,-0.13677301249859816,0.10751517476921187,0.24428818726781004,0.293391804491214
C_10,features.gen_ens_A,SAL amplitude component,27,Features,-0.18402361400170655,-0.22344771885987058,0.03942410485816403,-0.3345232533754738,-0.12869570021439153,0.20582755316108226,0.19153949144656263
V0_C_0,features.gen_ens_A,SAL amplitude component,27,Features,-0.3545416685455024,-0.24887763752472258,0.10566403102077981,-0.3345232533754738,-0.12869570021439153,0.20582755316108226,0.5133619352608556
V0_C_1,features.gen_ens_A,SAL amplitude component,27,Features,-0.18493955088683556,-0.16851413952986366,0.016425411356971897,-0.3345232533754738,-0.12869570021439153,0.20582755316108226,0.07980181032476853
V0_I_0,features.gen_ens_A,SAL amplitude component,27,Features,-0.21874881960744214,-0.31825053785323126,0.09950171824578913,-0.3345232533754738,-0.12869570021439153,0.20582755316108226,0.4834227328540329
V0_I_1,features.gen_ens_A,SAL amplitude component,27,Features,-0.35918189289461555,-0.26206811575610284,0.09711377713851271,-0.3345232533754738,-0.12869570021439153,0.20582755316108226,0.4718210737437602
V0_M_0,features.gen_ens_A,SAL amplitude component,27,Features,-0.289989259271063,-0.18652437087041407,0.10346488840064894,-0.3345232533754738,-0.12869570021439153,0.20582755316108226,0.5026775415227159
V0_M_1,features.gen_ens_A,SAL amplitude component,27,Features,-0.30997348439467753,-0.16543173273279252,0.14454175166188502,-0.3345232533754738,-0.12869570021439153,0.20582755316108226,0.7022468539416854
V0_T_0,features.gen_ens_A,SAL amplitude component,27,Features,-0.2877968385868213,-0.13732231007233783,0.15047452851448348,-0.3345232533754738,-0.12869570021439153,0.20582755316108226,0.7310708707532511
V0_T_1,features.gen_ens_A,SAL amplitude component,27,Features,-0.1138705744231431,-0.2667742591438096,0.15290368472066648,-0.3345232533754738,-0.12869570021439153,0.20582755316108226,0.7428727707849826
V0_Z_0,features.gen_ens_A,SAL amplitude component,27,Features,-0.16896265910187838,-0.25155655291911133,0.08259389381723295,-0.3345232533754738,-0.12869570021439153,0.20582755316108226,0.4012771494815095
V0_Z_1,features.gen_ens_A,SAL amplitude component,27,Features,-0.21346639016170893,-0.1799665878926695,0.033499802269039425,-0.3345232533754738,-0.12869570021439153,0.20582755316108226,0.16275664630197598
D_IP_1,features.gen_ens_A,SAL amplitude component,27,Features,-0.2256456535725317,-0.1958476353213246,0.029798018251207092,-0.3345232533754738,-0.12869570021439153,0.20582755316108226,0.14477176545885928
D_MZP_1,features.gen_ens_A,SAL amplitude component,27,Features,-0.3400640278701145,-0.1665984616823236,0.17346556618779094,-0.3345232533754738,-0.12869570021439153,0.20582755316108226,0.8427713565250199
D_MTP_0,features.gen_ens_A,SAL amplitude component,27,Features,-0.30121811805188714,-0.1883918735574865,0.11282624449440065,-0.3345232533754738,-0.12869570021439153,0.20582755316108226,0.5481590912471371
D_MTP_1,features.gen_ens_A,SAL amplitude component,27,Features,-0.17916377200521982,-0.2051253340866236,0.025961562081403766,-0.3345232533754738,-0.12869570021439153,0.20582755316108226,0.1261325885805291
D_MTCP_1,features.gen_ens_A,SAL amplitude component,27,Features,-0.21699389442340294,-0.27171250950903547,0.05471861508563253,-0.3345232533754738,-0.12869570021439153,0.20582755316108226,0.26584689097872777
D_MZIP_1,features.gen_ens_A,SAL amplitude component,27,Features,-0.1726514790594686,-0.15744474178589024,0.015206737273578352,-0.3345232533754738,-0.12869570021439153,0.20582755316108226,0.07388096025063
D_MT_1,features.gen_ens_A,SAL amplitude component,27,Features,-0.7017268165357526,-0.9125191823210801,0.21079236578532745,-0.3345232533754738,-0.12869570021439153,0.20582755316108226,1.0241212245299331
D_MTC_1,features.gen_ens_A,SAL amplitude component,27,Features,-0.656655980394715,-0.35806898533495435,0.2985869950597606,-0.3345232533754738,-0.12869570021439153,0.20582755316108226,1.4506658145330236
C_10,features.gen_ens_L,SAL location component,28,Features,0.03780734472650408,0.01789407625520023,0.019913268471303848,0.028594645540974024,0.07020433464652334,0.04160968910554932,0.4785728732745589
V0_C_0,features.gen_ens_L,SAL location component,28,Features,0.040904646088488664,0.025622747852475185,0.015281898236013478,0.028594645540974024,0.07020433464652334,0.04160968910554932,0.36726778220449124
V0_C_1,features.gen_ens_L,SAL location component,28,Features,0.04197452076691327,0.03707791693072977,0.004896603836183497,0.028594645540974024,0.07020433464652334,0.04160968910554932,0.11767941413266787
V0_I_0,features.gen_ens_L,SAL location component,28,Features,0.029892111210134017,0.02166754272941429,0.008224568480719726,0.028594645540974024,0.07020433464652334,0.04160968910554932,0.197659935883127
V0_I_1,features.gen_ens_L,SAL location component,28,Features,0.041350010358600114,0.06323210150884043,0.021882091150240313,0.028594645540974024,0.07020433464652334,0.04160968910554932,0.5258893209880289
V0_M_0,features.gen_ens_L,SAL location component,28,Features,0.03910176522759176,0.013407289461348308,0.025694475766243452,0.028594645540974024,0.07020433464652334,0.04160968910554932,0.6175118420391341
V0_M_1,features.gen_ens_L,SAL location component,28,Features,0.029732628296694256,0.03743087859425548,0.007698250297561222,0.028594645540974024,0.07020433464652334,0.04160968910554932,0.18501100255840502
V0_T_0,features.gen_ens_L,SAL location component,28,Features,0.03727249518451308,0.037400654496668184,0.00012815931215510307,0.028594645540974024,0.07020433464652334,0.04160968910554932,0.0030800353213408407
V0_T_1,features.gen_ens_L,SAL location component,28,Features,0.023371261478420453,0.033722157423849444,0.010350895945428991,0.028594645540974024,0.07020433464652334,0.04160968910554932,0.2487616746948617
V0_Z_0,features.gen_ens_L,SAL location component,28,Features,0.095194610696019,0.020879879832756194,0.07431473086326282,0.028594645540974024,0.07020433464652334,0.04160968910554932,1.7859958211836713
V0_Z_1,features.gen_ens_L,SAL location component,28,Features,0.029145700185723447,0.02121981825852835,0.007925881927195098,0.028594645540974024,0.07020433464652334,0.04160968910554932,0.1904816425590177
D_IP_1,features.gen_ens_L,SAL location component,28,Features,0.03473623889783819,0.04097678289741595,0.006240543999577762,0.028594645540974024,0.07020433464652334,0.04160968910554932,0.14997814532446208
D_MZP_1,features.gen_ens_L,SAL location component,28,Features,0.021333860772673734,0.051312439182120285,0.029978578409446552,0.028594645540974024,0.07020433464652334,0.04160968910554932,0.7204710982915858
D_MTP_0,features.gen_ens_L,SAL location component,28,Features,0.026261883252034778,0.05016580929296355,0.02390392604092877,0.028594645540974024,0.07020433464652334,0.04160968910554932,0.5744798039776942
D_MTP_1,features.gen_ens_L,SAL location component,28,Features,0.026669644535269176,0.03212750849320149,0.005457863957932317,0.028594645540974024,0.07020433464652334,0.04160968910554932,0.13116810231596812
D_MTCP_1,features.gen_ens_L,SAL location component,28,Features,0.03357540260019689,0.05169105369993168,0.018115651099734793,0.028594645540974024,0.07020433464652334,0.04160968910554932,0.4353709794317781
D_MZIP_1,features.gen_ens_L,SAL location component,28,Features,0.045343655424371576,0.07081797451250513,0.02547431908813355,0.028594645540974024,0.07020433464652334,0.04160968910554932,0.6122208465320195
D_MT_1,features.gen_ens_L,SAL location component,28,Features,0.05397712820671167,0.07231694258842714,0.018339814381715468,0.028594645540974024,0.07020433464652334,0.04160968910554932,0.440758265104883
D_MTC_1,features.gen_ens_L,SAL location component,28,Features,0.05981684537732515,0.0542839008200899,0.005532944557235249,0.028594645540974024,0.07020433464652334,0.04160968910554932,0.1329725041492161
C_10,temporal.pair_wet_jsd_genens_hr,Wet-spell duration JSD,29,Temporal,0.1271802575805567,0.12140628819977892,0.005773969380777788,0.12026076731163952,0.1254583608820972,0.005197593570457668,1.1108928203998392
V0_C_0,temporal.pair_wet_jsd_genens_hr,Wet-spell duration JSD,29,Temporal,0.1331370012769109,0.13013969467640601,0.002997306600504873,0.12026076731163952,0.1254583608820972,0.005197593570457668,0.5766719848087216
V0_C_1,temporal.pair_wet_jsd_genens_hr,Wet-spell duration JSD,29,Temporal,0.12279131022739634,0.11816623431379257,0.004625075913603768,0.12026076731163952,0.1254583608820972,0.005197593570457668,0.8898494757058338
V0_I_0,temporal.pair_wet_jsd_genens_hr,Wet-spell duration JSD,29,Temporal,0.13545951650668192,0.1354686579778596,9.141471177670502e-06,0.12026076731163952,0.1254583608820972,0.005197593570457668,0.0017587891499691772
V0_I_1,temporal.pair_wet_jsd_genens_hr,Wet-spell duration JSD,29,Temporal,0.133267975234575,0.12972814008943645,0.003539835145138559,0.12026076731163952,0.1254583608820972,0.005197593570457668,0.6810527020154951
V0_M_0,temporal.pair_wet_jsd_genens_hr,Wet-spell duration JSD,29,Temporal,0.12496662290395924,0.12317406426518278,0.001792558638776462,0.12026076731163952,0.1254583608820972,0.005197593570457668,0.3448824180799924
V0_M_1,temporal.pair_wet_jsd_genens_hr,Wet-spell duration JSD,29,Temporal,0.12967187402626826,0.12870677405771602,0.0009650999685522355,0.12026076731163952,0.1254583608820972,0.005197593570457668,0.18568207680525795
V0_T_0,temporal.pair_wet_jsd_genens_hr,Wet-spell duration JSD,29,Temporal,0.12100357630259842,0.13451747545698522,0.013513899154386805,0.12026076731163952,0.1254583608820972,0.005197593570457668,2.600029989108374
V0_T_1,temporal.pair_wet_jsd_genens_hr,Wet-spell duration JSD,29,Temporal,0.13094462232652607,0.12227518434390139,0.008669437982624678,0.12026076731163952,0.1254583608820972,0.005197593570457668,1.6679715074107462
V0_Z_0,temporal.pair_wet_jsd_genens_hr,Wet-spell duration JSD,29,Temporal,0.12709598751204187,0.13299654669359404,0.005900559181552162,0.12026076731163952,0.1254583608820972,0.005197593570457668,1.1352482839539522
V0_Z_1,temporal.pair_wet_jsd_genens_hr,Wet-spell duration JSD,29,Temporal,0.13505117617120097,0.1262098070687101,0.008841369102490865,0.12026076731163952,0.1254583608820972,0.005197593570457668,1.7010504924324719
D_IP_1,temporal.pair_wet_jsd_genens_hr,Wet-spell duration JSD,29,Temporal,0.13181947622901338,0.12027870829401101,0.011540767935002375,0.12026076731163952,0.1254583608820972,0.005197593570457668,2.2204059972288612
D_MZP_1,temporal.pair_wet_jsd_genens_hr,Wet-spell duration JSD,29,Temporal,0.1401275611871762,0.12153223456503595,0.01859532662214025,0.12026076731163952,0.1254583608820972,0.005197593570457668,3.5776800109637783
D_MTP_0,temporal.pair_wet_jsd_genens_hr,Wet-spell duration JSD,29,Temporal,0.12626132271882817,0.12150136938470758,0.00475995333412059,0.12026076731163952,0.1254583608820972,0.005197593570457668,0.9157994501869945
D_MTP_1,temporal.pair_wet_jsd_genens_hr,Wet-spell duration JSD,29,Temporal,0.13125692822585247,0.11858805615457181,0.01266887207128066,0.12026076731163952,0.1254583608820972,0.005197593570457668,2.437449542666938
D_MTCP_1,temporal.pair_wet_jsd_genens_hr,Wet-spell duration JSD,29,Temporal,0.12857658764451776,0.12677341562588942,0.0018031720186283406,0.12026076731163952,0.1254583608820972,0.005197593570457668,0.3469243976438051
D_MZIP_1,temporal.pair_wet_jsd_genens_hr,Wet-spell duration JSD,29,Temporal,0.12856517427479347,0.13426123663368464,0.0056960623588911685,0.12026076731163952,0.1254583608820972,0.005197593570457668,1.0959037642471166
D_MT_1,temporal.pair_wet_jsd_genens_hr,Wet-spell duration JSD,29,Temporal,0.29209396892998135,0.30361115570530633,0.011517186775324983,0.12026076731163952,0.1254583608820972,0.005197593570457668,2.215869059248288
D_MTC_1,temporal.pair_wet_jsd_genens_hr,Wet-spell duration JSD,29,Temporal,0.2379125814352536,0.18534296526241767,0.052569616172835926,0.12026076731163952,0.1254583608820972,0.005197593570457668,10.114222179978373
C_10,temporal.pair_dry_jsd_genens_hr,Dry-spell duration JSD,30,Temporal,0.10206384751550987,0.09100612168079857,0.011057725834711304,0.09665262683280754,0.10123826839738968,0.004585641564582146,2.4113803224650656
V0_C_0,temporal.pair_dry_jsd_genens_hr,Dry-spell duration JSD,30,Temporal,0.1185905908282933,0.09876243162473679,0.019828159203556517,0.09665262683280754,0.10123826839738968,0.004585641564582146,4.323966215916682
V0_C_1,temporal.pair_dry_jsd_genens_hr,Dry-spell duration JSD,30,Temporal,0.10484251534318012,0.08673439027540016,0.018108125067779965,0.09665262683280754,0.10123826839738968,0.004585641564582146,3.948874942088941
V0_I_0,temporal.pair_dry_jsd_genens_hr,Dry-spell duration JSD,30,Temporal,0.10553201216529919,0.1087869576827377,0.003254945517438518,0.09665262683280754,0.10123826839738968,0.004585641564582146,0.7098124595211609
V0_I_1,temporal.pair_dry_jsd_genens_hr,Dry-spell duration JSD,30,Temporal,0.1063439576555307,0.09518122340137905,0.011162734254151652,0.09665262683280754,0.10123826839738968,0.004585641564582146,2.434279717884759
V0_M_0,temporal.pair_dry_jsd_genens_hr,Dry-spell duration JSD,30,Temporal,0.10861046497974237,0.09964222100480194,0.008968243974940435,0.09665262683280754,0.10123826839738968,0.004585641564582146,1.9557228467676018
V0_M_1,temporal.pair_dry_jsd_genens_hr,Dry-spell duration JSD,30,Temporal,0.10495837522349011,0.09651369517969824,0.008444680043791869,0.09665262683280754,0.10123826839738968,0.004585641564582146,1.8415482162878918
V0_T_0,temporal.pair_dry_jsd_genens_hr,Dry-spell duration JSD,30,Temporal,0.1039350689753458,0.09797244663393032,0.00596262234141548,0.09665262683280754,0.10123826839738968,0.004585641564582146,1.3002809437764695
V0_T_1,temporal.pair_dry_jsd_genens_hr,Dry-spell duration JSD,30,Temporal,0.11092995613078889,0.09247204652380338,0.018457909606985512,0.09665262683280754,0.10123826839738968,0.004585641564582146,4.025153154042347
V0_Z_0,temporal.pair_dry_jsd_genens_hr,Dry-spell duration JSD,30,Temporal,0.10119407259952308,0.09963875577074872,0.0015553168287743557,0.09665262683280754,0.10123826839738968,0.004585641564582146,0.33917104223475864
V0_Z_1,temporal.pair_dry_jsd_genens_hr,Dry-spell duration JSD,30,Temporal,0.10498352313557408,0.09369091909690977,0.011292604038664306,0.09665262683280754,0.10123826839738968,0.004585641564582146,2.4626006807606458
D_IP_1,temporal.pair_dry_jsd_genens_hr,Dry-spell duration JSD,30,Temporal,0.10750063588318146,0.09256960081485772,0.01493103506832373,0.09665262683280754,0.10123826839738968,0.004585641564582146,3.2560405906221934
D_MZP_1,temporal.pair_dry_jsd_genens_hr,Dry-spell duration JSD,30,Temporal,0.11640937505582413,0.09391476390523332,0.022494611150590815,0.09665262683280754,0.10123826839738968,0.004585641564582146,4.905444709052521
D_MTP_0,temporal.pair_dry_jsd_genens_hr,Dry-spell duration JSD,30,Temporal,0.10664974113637563,0.09529683990307075,0.011352901233304874,0.09665262683280754,0.10123826839738968,0.004585641564582146,2.4757498102317066
D_MTP_1,temporal.pair_dry_jsd_genens_hr,Dry-spell duration JSD,30,Temporal,0.10621693712330439,0.09825101512498743,0.007965921998316958,0.09665262683280754,0.10123826839738968,0.004585641564582146,1.737144494642339
D_MTCP_1,temporal.pair_dry_jsd_genens_hr,Dry-spell duration JSD,30,Temporal,0.0990858972251058,0.1056811546506445,0.006595257425538695,0.09665262683280754,0.10123826839738968,0.004585641564582146,1.4382409380790033
D_MZIP_1,temporal.pair_dry_jsd_genens_hr,Dry-spell duration JSD,30,Temporal,0.10249772291263226,0.09708113217889995,0.00541659073373231,0.09665262683280754,0.10123826839738968,0.004585641564582146,1.1812067422731243
D_MT_1,temporal.pair_dry_jsd_genens_hr,Dry-spell duration JSD,30,Temporal,0.22402247633207134,0.24132427939817236,0.017301803066101018,0.09665262683280754,0.10123826839738968,0.004585641564582146,3.7730386953341384
D_MTC_1,temporal.pair_dry_jsd_genens_hr,Dry-spell duration JSD,30,Temporal,0.20116270725033347,0.20224781313792456,0.0010851058875910868,0.09665262683280754,0.10123826839738968,0.004585641564582146,0.23663120466546192
