run_id,run_label,configuration,seed,summary_path,metric,metric_label,unit,target_type,reference_key,reference_value,target_value,target_improvement,value,v0_mean_value,improvement,v0_band_min,v0_band_max,pillar,seed_class
C_10__HR_prcp_DANRA__SIZE_128x128__LR_prcp_ERA5__LOSS_sdfweighted__HEADS_4__TIMESTEPS_56,C_10,C_10,1,/Users/au728490/ceddar_runs/models_and_samples/evaluation/C_10__HR_prcp_DANRA__SIZE_128x128__LR_prcp_ERA5__LOSS_sdfweighted__HEADS_4__TIMESTEPS_56/summary/evaluation_summary.json,distributional.wasserstein,Wasserstein distance,,zero,,,0.0,0.534632,0.414539,0.534632,0.120093,-0.16473800000000005,0.230414,Distributional,inside_v0_range
C_10__seed2__HR_prcp_DANRA__SIZE_128x128__LR_prcp_ERA5__LOSS_sdfweighted__HEADS_4__TIMESTEPS_56,C_10_seed2,C_10,2,/Users/au728490/ceddar_runs/models_and_samples/evaluation/C_10__seed2__HR_prcp_DANRA__SIZE_128x128__LR_prcp_ERA5__LOSS_sdfweighted__HEADS_4__TIMESTEPS_56/summary/evaluation_summary.json,distributional.wasserstein,Wasserstein distance,,zero,,,0.0,0.534632,0.488466,0.534632,0.046165999999999985,-0.16473800000000005,0.230414,Distributional,inside_v0_range
V0_C_0__HR_prcp_DANRA__SIZE_128x128__LR_prcp_cape_ERA5__LOSS_sdfweighted__HEADS_4__TIMESTEPS_56,V0_C_0,V0_C_0,1,/Users/au728490/ceddar_runs/models_and_samples/evaluation/V0_C_0__HR_prcp_DANRA__SIZE_128x128__LR_prcp_cape_ERA5__LOSS_sdfweighted__HEADS_4__TIMESTEPS_56/summary/evaluation_summary.json,distributional.wasserstein,Wasserstein distance,,zero,,,0.0,0.534632,0.725185,0.534632,-0.19055299999999997,-0.16473800000000005,0.230414,Distributional,unfavourable
V0_C_0__seed2__HR_prcp_DANRA__SIZE_128x128__LR_prcp_cape_ERA5__LOSS_sdfweighted__HEADS_4__TIMESTEPS_56,V0_C_0_seed2,V0_C_0,2,/Users/au728490/ceddar_runs/models_and_samples/evaluation/V0_C_0__seed2__HR_prcp_DANRA__SIZE_128x128__LR_prcp_cape_ERA5__LOSS_sdfweighted__HEADS_4__TIMESTEPS_56/summary/evaluation_summary.json,distributional.wasserstein,Wasserstein distance,,zero,,,0.0,0.534632,0.541999,0.534632,-0.007367000000000012,-0.16473800000000005,0.230414,Distributional,inside_v0_range
V0_C_1__HR_prcp_DANRA__SIZE_128x128__LR_prcp_cape_ERA5__LOSS_sdfweighted__HEADS_4__TIMESTEPS_56,V0_C_1,V0_C_1,1,/Users/au728490/ceddar_runs/models_and_samples/evaluation/V0_C_1__HR_prcp_DANRA__SIZE_128x128__LR_prcp_cape_ERA5__LOSS_sdfweighted__HEADS_4__TIMESTEPS_56/summary/evaluation_summary.json,distributional.wasserstein,Wasserstein distance,,zero,,,0.0,0.534632,0.410171,0.534632,0.12446099999999999,-0.16473800000000005,0.230414,Distributional,inside_v0_range
V0_C_1__seed2__HR_prcp_DANRA__SIZE_128x128__LR_prcp_cape_ERA5__LOSS_sdfweighted__HEADS_4__TIMESTEPS_56,V0_C_1_seed2,V0_C_1,2,/Users/au728490/ceddar_runs/models_and_samples/evaluation/V0_C_1__seed2__HR_prcp_DANRA__SIZE_128x128__LR_prcp_cape_ERA5__LOSS_sdfweighted__HEADS_4__TIMESTEPS_56/summary/evaluation_summary.json,distributional.wasserstein,Wasserstein distance,,zero,,,0.0,0.534632,0.39567,0.534632,0.13896199999999997,-0.16473800000000005,0.230414,Distributional,inside_v0_range
V0_I_0__HR_prcp_DANRA__SIZE_128x128__LR_prcp_ewvf_nwvf_ERA5__LOSS_sdfweighted__HEADS_4__TIMESTEPS_56,V0_I_0,V0_I_0,1,/Users/au728490/ceddar_runs/models_and_samples/evaluation/V0_I_0__HR_prcp_DANRA__SIZE_128x128__LR_prcp_ewvf_nwvf_ERA5__LOSS_sdfweighted__HEADS_4__TIMESTEPS_56/summary/evaluation_summary.json,distributional.wasserstein,Wasserstein distance,,zero,,,0.0,0.534632,0.480651,0.534632,0.053981,-0.16473800000000005,0.230414,Distributional,inside_v0_range
V0_I_0__seed2__HR_prcp_DANRA__SIZE_128x128__LR_prcp_ewvf_nwvf_ERA5__LOSS_sdfweighted__HEADS_4__TIMESTEPS_56,V0_I_0_seed2,V0_I_0,2,/Users/au728490/ceddar_runs/models_and_samples/evaluation/V0_I_0__seed2__HR_prcp_DANRA__SIZE_128x128__LR_prcp_ewvf_nwvf_ERA5__LOSS_sdfweighted__HEADS_4__TIMESTEPS_56/summary/evaluation_summary.json,distributional.wasserstein,Wasserstein distance,,zero,,,0.0,0.534632,0.661727,0.534632,-0.12709499999999996,-0.16473800000000005,0.230414,Distributional,inside_v0_range
V0_I_1__HR_prcp_DANRA__SIZE_128x128__LR_prcp_ewvf_nwvf_ERA5__LOSS_sdfweighted__HEADS_4__TIMESTEPS_56,V0_I_1,V0_I_1,1,/Users/au728490/ceddar_runs/models_and_samples/evaluation/V0_I_1__HR_prcp_DANRA__SIZE_128x128__LR_prcp_ewvf_nwvf_ERA5__LOSS_sdfweighted__HEADS_4__TIMESTEPS_56/summary/evaluation_summary.json,distributional.wasserstein,Wasserstein distance,,zero,,,0.0,0.534632,0.757905,0.534632,-0.22327300000000005,-0.16473800000000005,0.230414,Distributional,unfavourable
V0_I_1__seed2__HR_prcp_DANRA__SIZE_128x128__LR_prcp_ewvf_nwvf_ERA5__LOSS_sdfweighted__HEADS_4__TIMESTEPS_56,V0_I_1_seed2,V0_I_1,2,/Users/au728490/ceddar_runs/models_and_samples/evaluation/V0_I_1__seed2__HR_prcp_DANRA__SIZE_128x128__LR_prcp_ewvf_nwvf_ERA5__LOSS_sdfweighted__HEADS_4__TIMESTEPS_56/summary/evaluation_summary.json,distributional.wasserstein,Wasserstein distance,,zero,,,0.0,0.534632,0.563952,0.534632,-0.029320000000000013,-0.16473800000000005,0.230414,Distributional,inside_v0_range
V0_M_0__HR_prcp_DANRA__SIZE_128x128__LR_prcp_msl_ERA5__LOSS_sdfweighted__HEADS_4__TIMESTEPS_56,V0_M_0,V0_M_0,1,/Users/au728490/ceddar_runs/models_and_samples/evaluation/V0_M_0__HR_prcp_DANRA__SIZE_128x128__LR_prcp_msl_ERA5__LOSS_sdfweighted__HEADS_4__TIMESTEPS_56/summary/evaluation_summary.json,distributional.wasserstein,Wasserstein distance,,zero,,,0.0,0.534632,0.621637,0.534632,-0.087005,-0.16473800000000005,0.230414,Distributional,inside_v0_range
V0_M_0__seed2__HR_prcp_DANRA__SIZE_128x128__LR_prcp_msl_ERA5__LOSS_sdfweighted__HEADS_4__TIMESTEPS_56,V0_M_0_seed2,V0_M_0,2,/Users/au728490/ceddar_runs/models_and_samples/evaluation/V0_M_0__seed2__HR_prcp_DANRA__SIZE_128x128__LR_prcp_msl_ERA5__LOSS_sdfweighted__HEADS_4__TIMESTEPS_56/summary/evaluation_summary.json,distributional.wasserstein,Wasserstein distance,,zero,,,0.0,0.534632,0.41116,0.534632,0.12347199999999997,-0.16473800000000005,0.230414,Distributional,inside_v0_range
V0_M_1__HR_prcp_DANRA__SIZE_128x128__LR_prcp_msl_ERA5__LOSS_sdfweighted__HEADS_4__TIMESTEPS_56,V0_M_1,V0_M_1,1,/Users/au728490/ceddar_runs/models_and_samples/evaluation/V0_M_1__HR_prcp_DANRA__SIZE_128x128__LR_prcp_msl_ERA5__LOSS_sdfweighted__HEADS_4__TIMESTEPS_56/summary/evaluation_summary.json,distributional.wasserstein,Wasserstein distance,,zero,,,0.0,0.534632,0.650348,0.534632,-0.11571600000000004,-0.16473800000000005,0.230414,Distributional,inside_v0_range
V0_M_1__seed2__HR_prcp_DANRA__SIZE_128x128__LR_prcp_msl_ERA5__LOSS_sdfweighted__HEADS_4__TIMESTEPS_56,V0_M_1_seed2,V0_M_1,2,/Users/au728490/ceddar_runs/models_and_samples/evaluation/V0_M_1__seed2__HR_prcp_DANRA__SIZE_128x128__LR_prcp_msl_ERA5__LOSS_sdfweighted__HEADS_4__TIMESTEPS_56/summary/evaluation_summary.json,distributional.wasserstein,Wasserstein distance,,zero,,,0.0,0.534632,0.375441,0.534632,0.15919099999999997,-0.16473800000000005,0.230414,Distributional,inside_v0_range
V0_T_0__HR_prcp_DANRA__SIZE_128x128__LR_prcp_thetae_pl_850_ERA5__LOSS_sdfweighted__HEADS_4__TIMESTEPS_56,V0_T_0,V0_T_0,1,/Users/au728490/ceddar_runs/models_and_samples/evaluation/V0_T_0__HR_prcp_DANRA__SIZE_128x128__LR_prcp_thetae_pl_850_ERA5__LOSS_sdfweighted__HEADS_4__TIMESTEPS_56/summary/evaluation_summary.json,distributional.wasserstein,Wasserstein distance,,zero,,,0.0,0.534632,0.614678,0.534632,-0.08004599999999995,-0.16473800000000005,0.230414,Distributional,inside_v0_range
V0_T_0__seed2__HR_prcp_DANRA__SIZE_128x128__LR_prcp_thetae_pl_850_ERA5__LOSS_sdfweighted__HEADS_4__TIMESTEPS_56,V0_T_0_seed2,V0_T_0,2,/Users/au728490/ceddar_runs/models_and_samples/evaluation/V0_T_0__seed2__HR_prcp_DANRA__SIZE_128x128__LR_prcp_thetae_pl_850_ERA5__LOSS_sdfweighted__HEADS_4__TIMESTEPS_56/summary/evaluation_summary.json,distributional.wasserstein,Wasserstein distance,,zero,,,0.0,0.534632,0.322292,0.534632,0.21233999999999997,-0.16473800000000005,0.230414,Distributional,inside_v0_range
V0_T_1__HR_prcp_DANRA__SIZE_128x128__LR_prcp_thetae_pl_850_ERA5__LOSS_sdfweighted__HEADS_4__TIMESTEPS_56,V0_T_1,V0_T_1,1,/Users/au728490/ceddar_runs/models_and_samples/evaluation/V0_T_1__HR_prcp_DANRA__SIZE_128x128__LR_prcp_thetae_pl_850_ERA5__LOSS_sdfweighted__HEADS_4__TIMESTEPS_56/summary/evaluation_summary.json,distributional.wasserstein,Wasserstein distance,,zero,,,0.0,0.534632,0.268105,0.534632,0.266527,-0.16473800000000005,0.230414,Distributional,favourable
V0_T_1__seed2__HR_prcp_DANRA__SIZE_128x128__LR_prcp_thetae_pl_850_ERA5__LOSS_sdfweighted__HEADS_4__TIMESTEPS_56,V0_T_1_seed2,V0_T_1,2,/Users/au728490/ceddar_runs/models_and_samples/evaluation/V0_T_1__seed2__HR_prcp_DANRA__SIZE_128x128__LR_prcp_thetae_pl_850_ERA5__LOSS_sdfweighted__HEADS_4__TIMESTEPS_56/summary/evaluation_summary.json,distributional.wasserstein,Wasserstein distance,,zero,,,0.0,0.534632,0.57384,0.534632,-0.03920800000000002,-0.16473800000000005,0.230414,Distributional,inside_v0_range
V0_Z_0__HR_prcp_DANRA__SIZE_128x128__LR_prcp_z_pl_500_ERA5__LOSS_sdfweighted__HEADS_4__TIMESTEPS_56,V0_Z_0,V0_Z_0,1,/Users/au728490/ceddar_runs/models_and_samples/evaluation/V0_Z_0__HR_prcp_DANRA__SIZE_128x128__LR_prcp_z_pl_500_ERA5__LOSS_sdfweighted__HEADS_4__TIMESTEPS_56/summary/evaluation_summary.json,distributional.wasserstein,Wasserstein distance,,zero,,,0.0,0.534632,0.39885,0.534632,0.135782,-0.16473800000000005,0.230414,Distributional,inside_v0_range
V0_Z_0__seed2__HR_prcp_DANRA__SIZE_128x128__LR_prcp_z_pl_500_ERA5__LOSS_sdfweighted__HEADS_4__TIMESTEPS_56,V0_Z_0_seed2,V0_Z_0,2,/Users/au728490/ceddar_runs/models_and_samples/evaluation/V0_Z_0__seed2__HR_prcp_DANRA__SIZE_128x128__LR_prcp_z_pl_500_ERA5__LOSS_sdfweighted__HEADS_4__TIMESTEPS_56/summary/evaluation_summary.json,distributional.wasserstein,Wasserstein distance,,zero,,,0.0,0.534632,0.539058,0.534632,-0.004426000000000041,-0.16473800000000005,0.230414,Distributional,inside_v0_range
V0_Z_1__HR_prcp_DANRA__SIZE_128x128__LR_prcp_z_pl_500_ERA5__LOSS_sdfweighted__HEADS_4__TIMESTEPS_56,V0_Z_1,V0_Z_1,1,/Users/au728490/ceddar_runs/models_and_samples/evaluation/V0_Z_1__HR_prcp_DANRA__SIZE_128x128__LR_prcp_z_pl_500_ERA5__LOSS_sdfweighted__HEADS_4__TIMESTEPS_56/summary/evaluation_summary.json,distributional.wasserstein,Wasserstein distance,,zero,,,0.0,0.534632,0.467451,0.534632,0.06718099999999999,-0.16473800000000005,0.230414,Distributional,inside_v0_range
V0_Z_1__seed2__HR_prcp_DANRA__SIZE_128x128__LR_prcp_z_pl_500_ERA5__LOSS_sdfweighted__HEADS_4__TIMESTEPS_56,V0_Z_1_seed2,V0_Z_1,2,/Users/au728490/ceddar_runs/models_and_samples/evaluation/V0_Z_1__seed2__HR_prcp_DANRA__SIZE_128x128__LR_prcp_z_pl_500_ERA5__LOSS_sdfweighted__HEADS_4__TIMESTEPS_56/summary/evaluation_summary.json,distributional.wasserstein,Wasserstein distance,,zero,,,0.0,0.534632,0.403703,0.534632,0.13092900000000002,-0.16473800000000005,0.230414,Distributional,inside_v0_range
D_IP_1__HR_prcp_DANRA__SIZE_128x128__LR_prcp_ewvf_nwvf_ERA5__LOSS_sdfweighted__HEADS_4__TIMESTEPS_56,D_IP_1,D_IP_1,1,/Users/au728490/ceddar_runs/models_and_samples/evaluation/D_IP_1__HR_prcp_DANRA__SIZE_128x128__LR_prcp_ewvf_nwvf_ERA5__LOSS_sdfweighted__HEADS_4__TIMESTEPS_56/summary/evaluation_summary.json,distributional.wasserstein,Wasserstein distance,,zero,,,0.0,0.534632,0.498497,0.534632,0.03613499999999997,-0.16473800000000005,0.230414,Distributional,inside_v0_range
D_IP_1__seed2__HR_prcp_DANRA__SIZE_128x128__LR_prcp_ewvf_nwvf_ERA5__LOSS_sdfweighted__HEADS_4__TIMESTEPS_56,D_IP_1_seed2,D_IP_1,2,/Users/au728490/ceddar_runs/models_and_samples/evaluation/D_IP_1__seed2__HR_prcp_DANRA__SIZE_128x128__LR_prcp_ewvf_nwvf_ERA5__LOSS_sdfweighted__HEADS_4__TIMESTEPS_56/summary/evaluation_summary.json,distributional.wasserstein,Wasserstein distance,,zero,,,0.0,0.534632,0.434689,0.534632,0.099943,-0.16473800000000005,0.230414,Distributional,inside_v0_range
D_MZP_1__HR_prcp_DANRA__SIZE_128x128__LR_prcp_msl_z_pl_500_ERA5__LOSS_sdfweighted__HEADS_4__TIMESTEPS_56,D_MZP_1,D_MZP_1,1,/Users/au728490/ceddar_runs/models_and_samples/evaluation/D_MZP_1__HR_prcp_DANRA__SIZE_128x128__LR_prcp_msl_z_pl_500_ERA5__LOSS_sdfweighted__HEADS_4__TIMESTEPS_56/summary/evaluation_summary.json,distributional.wasserstein,Wasserstein distance,,zero,,,0.0,0.534632,0.717182,0.534632,-0.18255,-0.16473800000000005,0.230414,Distributional,unfavourable
D_MZP_1__seed2__HR_prcp_DANRA__SIZE_128x128__LR_prcp_msl_z_pl_500_ERA5__LOSS_sdfweighted__HEADS_4__TIMESTEPS_56,D_MZP_1_seed2,D_MZP_1,2,/Users/au728490/ceddar_runs/models_and_samples/evaluation/D_MZP_1__seed2__HR_prcp_DANRA__SIZE_128x128__LR_prcp_msl_z_pl_500_ERA5__LOSS_sdfweighted__HEADS_4__TIMESTEPS_56/summary/evaluation_summary.json,distributional.wasserstein,Wasserstein distance,,zero,,,0.0,0.534632,0.379412,0.534632,0.15521999999999997,-0.16473800000000005,0.230414,Distributional,inside_v0_range
D_MTP_0__HR_prcp_DANRA__SIZE_128x128__LR_prcp_msl_thetae_pl_850_ERA5__LOSS_sdfweighted__HEADS_4__TIMESTEPS_56,D_MTP_0,D_MTP_0,1,/Users/au728490/ceddar_runs/models_and_samples/evaluation/D_MTP_0__HR_prcp_DANRA__SIZE_128x128__LR_prcp_msl_thetae_pl_850_ERA5__LOSS_sdfweighted__HEADS_4__TIMESTEPS_56/summary/evaluation_summary.json,distributional.wasserstein,Wasserstein distance,,zero,,,0.0,0.534632,0.634396,0.534632,-0.09976399999999996,-0.16473800000000005,0.230414,Distributional,inside_v0_range
D_MTP_0__seed2__HR_prcp_DANRA__SIZE_128x128__LR_prcp_msl_thetae_pl_850_ERA5__LOSS_sdfweighted__HEADS_4__TIMESTEPS_56,D_MTP_0_seed2,D_MTP_0,2,/Users/au728490/ceddar_runs/models_and_samples/evaluation/D_MTP_0__seed2__HR_prcp_DANRA__SIZE_128x128__LR_prcp_msl_thetae_pl_850_ERA5__LOSS_sdfweighted__HEADS_4__TIMESTEPS_56/summary/evaluation_summary.json,distributional.wasserstein,Wasserstein distance,,zero,,,0.0,0.534632,0.423649,0.534632,0.110983,-0.16473800000000005,0.230414,Distributional,inside_v0_range
D_MTP_1__HR_prcp_DANRA__SIZE_128x128__LR_prcp_msl_thetae_pl_850_ERA5__LOSS_sdfweighted__HEADS_4__TIMESTEPS_56,D_MTP_1,D_MTP_1,1,/Users/au728490/ceddar_runs/models_and_samples/evaluation/D_MTP_1__HR_prcp_DANRA__SIZE_128x128__LR_prcp_msl_thetae_pl_850_ERA5__LOSS_sdfweighted__HEADS_4__TIMESTEPS_56/summary/evaluation_summary.json,distributional.wasserstein,Wasserstein distance,,zero,,,0.0,0.534632,0.419605,0.534632,0.11502699999999999,-0.16473800000000005,0.230414,Distributional,inside_v0_range
D_MTP_1__seed2__HR_prcp_DANRA__SIZE_128x128__LR_prcp_msl_thetae_pl_850_ERA5__LOSS_sdfweighted__HEADS_4__TIMESTEPS_56,D_MTP_1_seed2,D_MTP_1,2,/Users/au728490/ceddar_runs/models_and_samples/evaluation/D_MTP_1__seed2__HR_prcp_DANRA__SIZE_128x128__LR_prcp_msl_thetae_pl_850_ERA5__LOSS_sdfweighted__HEADS_4__TIMESTEPS_56/summary/evaluation_summary.json,distributional.wasserstein,Wasserstein distance,,zero,,,0.0,0.534632,0.455036,0.534632,0.079596,-0.16473800000000005,0.230414,Distributional,inside_v0_range
D_MTCP_1__HR_prcp_DANRA__SIZE_128x128__LR_prcp_msl_thetae_pl_850_cape_ERA5__LOSS_sdfweighted__HEADS_4__TIMESTEPS_56,D_MTCP_1,D_MTCP_1,1,/Users/au728490/ceddar_runs/models_and_samples/evaluation/D_MTCP_1__HR_prcp_DANRA__SIZE_128x128__LR_prcp_msl_thetae_pl_850_cape_ERA5__LOSS_sdfweighted__HEADS_4__TIMESTEPS_56/summary/evaluation_summary.json,distributional.wasserstein,Wasserstein distance,,zero,,,0.0,0.534632,0.500449,0.534632,0.03418299999999996,-0.16473800000000005,0.230414,Distributional,inside_v0_range
D_MTCP_1__seed2__HR_prcp_DANRA__SIZE_128x128__LR_prcp_msl_thetae_pl_850_cape_ERA5__LOSS_sdfweighted__HEADS_4__TIMESTEPS_56,D_MTCP_1_seed2,D_MTCP_1,2,/Users/au728490/ceddar_runs/models_and_samples/evaluation/D_MTCP_1__seed2__HR_prcp_DANRA__SIZE_128x128__LR_prcp_msl_thetae_pl_850_cape_ERA5__LOSS_sdfweighted__HEADS_4__TIMESTEPS_56/summary/evaluation_summary.json,distributional.wasserstein,Wasserstein distance,,zero,,,0.0,0.534632,0.59002,0.534632,-0.05538799999999999,-0.16473800000000005,0.230414,Distributional,inside_v0_range
D_MZIP_1__HR_prcp_DANRA__SIZE_128x128__LR_prcp_msl_z_pl_500_ewvf_nwvf_ERA5__LOSS_sdfweighted__HEADS_4__TIMESTEPS_56,D_MZIP_1,D_MZIP_1,1,/Users/au728490/ceddar_runs/models_and_samples/evaluation/D_MZIP_1__HR_prcp_DANRA__SIZE_128x128__LR_prcp_msl_z_pl_500_ewvf_nwvf_ERA5__LOSS_sdfweighted__HEADS_4__TIMESTEPS_56/summary/evaluation_summary.json,distributional.wasserstein,Wasserstein distance,,zero,,,0.0,0.534632,0.395593,0.534632,0.13903900000000002,-0.16473800000000005,0.230414,Distributional,inside_v0_range
D_MZIP_1__seed2__HR_prcp_DANRA__SIZE_128x128__LR_prcp_msl_z_pl_500_ewvf_nwvf_ERA5__LOSS_sdfweighted__HEADS_4__TIMESTEPS_56,D_MZIP_1_seed2,D_MZIP_1,2,/Users/au728490/ceddar_runs/models_and_samples/evaluation/D_MZIP_1__seed2__HR_prcp_DANRA__SIZE_128x128__LR_prcp_msl_z_pl_500_ewvf_nwvf_ERA5__LOSS_sdfweighted__HEADS_4__TIMESTEPS_56/summary/evaluation_summary.json,distributional.wasserstein,Wasserstein distance,,zero,,,0.0,0.534632,0.39854,0.534632,0.136092,-0.16473800000000005,0.230414,Distributional,inside_v0_range
D_MT_1__HR_prcp_DANRA__SIZE_128x128__LR_msl_thetae_pl_850_ERA5__LOSS_sdfweighted__HEADS_4__TIMESTEPS_56,D_MT_1,D_MT_1,1,/Users/au728490/ceddar_runs/models_and_samples/evaluation/D_MT_1__HR_prcp_DANRA__SIZE_128x128__LR_msl_thetae_pl_850_ERA5__LOSS_sdfweighted__HEADS_4__TIMESTEPS_56/summary/evaluation_summary.json,distributional.wasserstein,Wasserstein distance,,zero,,,0.0,0.534632,1.248268,0.534632,-0.7136359999999999,-0.16473800000000005,0.230414,Distributional,unfavourable
D_MT_1__seed2__HR_prcp_DANRA__SIZE_128x128__LR_msl_thetae_pl_850_ERA5__LOSS_sdfweighted__HEADS_4__TIMESTEPS_56,D_MT_1_seed2,D_MT_1,2,/Users/au728490/ceddar_runs/models_and_samples/evaluation/D_MT_1__seed2__HR_prcp_DANRA__SIZE_128x128__LR_msl_thetae_pl_850_ERA5__LOSS_sdfweighted__HEADS_4__TIMESTEPS_56/summary/evaluation_summary.json,distributional.wasserstein,Wasserstein distance,,zero,,,0.0,0.534632,1.508355,0.534632,-0.9737229999999999,-0.16473800000000005,0.230414,Distributional,unfavourable
D_MTC_1__HR_prcp_DANRA__SIZE_128x128__LR_msl_thetae_pl_850_cape_ERA5__LOSS_sdfweighted__HEADS_4__TIMESTEPS_56,D_MTC_1,D_MTC_1,1,/Users/au728490/ceddar_runs/models_and_samples/evaluation/D_MTC_1__HR_prcp_DANRA__SIZE_128x128__LR_msl_thetae_pl_850_cape_ERA5__LOSS_sdfweighted__HEADS_4__TIMESTEPS_56/summary/evaluation_summary.json,distributional.wasserstein,Wasserstein distance,,zero,,,0.0,0.534632,1.196447,0.534632,-0.661815,-0.16473800000000005,0.230414,Distributional,unfavourable
D_MTC_1__seed2__HR_prcp_DANRA__SIZE_128x128__LR_msl_thetae_pl_850_cape_ERA5__LOSS_sdfweighted__HEADS_4__TIMESTEPS_56,D_MTC_1_seed2,D_MTC_1,2,/Users/au728490/ceddar_runs/models_and_samples/evaluation/D_MTC_1__seed2__HR_prcp_DANRA__SIZE_128x128__LR_msl_thetae_pl_850_cape_ERA5__LOSS_sdfweighted__HEADS_4__TIMESTEPS_56/summary/evaluation_summary.json,distributional.wasserstein,Wasserstein distance,,zero,,,0.0,0.534632,0.741807,0.534632,-0.207175,-0.16473800000000005,0.230414,Distributional,unfavourable
C_10__HR_prcp_DANRA__SIZE_128x128__LR_prcp_ERA5__LOSS_sdfweighted__HEADS_4__TIMESTEPS_56,C_10,C_10,1,/Users/au728490/ceddar_runs/models_and_samples/evaluation/C_10__HR_prcp_DANRA__SIZE_128x128__LR_prcp_ERA5__LOSS_sdfweighted__HEADS_4__TIMESTEPS_56/summary/evaluation_summary.json,distributional.ks_stat,KS statistic,,zero,,,0.0,0.11392066666666667,0.064228,0.11392066666666667,0.04969266666666668,-0.03432133333333334,0.023579666666666665,Distributional,favourable
C_10__seed2__HR_prcp_DANRA__SIZE_128x128__LR_prcp_ERA5__LOSS_sdfweighted__HEADS_4__TIMESTEPS_56,C_10_seed2,C_10,2,/Users/au728490/ceddar_runs/models_and_samples/evaluation/C_10__seed2__HR_prcp_DANRA__SIZE_128x128__LR_prcp_ERA5__LOSS_sdfweighted__HEADS_4__TIMESTEPS_56/summary/evaluation_summary.json,distributional.ks_stat,KS statistic,,zero,,,0.0,0.11392066666666667,0.100196,0.11392066666666667,0.013724666666666677,-0.03432133333333334,0.023579666666666665,Distributional,inside_v0_range
V0_C_0__HR_prcp_DANRA__SIZE_128x128__LR_prcp_cape_ERA5__LOSS_sdfweighted__HEADS_4__TIMESTEPS_56,V0_C_0,V0_C_0,1,/Users/au728490/ceddar_runs/models_and_samples/evaluation/V0_C_0__HR_prcp_DANRA__SIZE_128x128__LR_prcp_cape_ERA5__LOSS_sdfweighted__HEADS_4__TIMESTEPS_56/summary/evaluation_summary.json,distributional.ks_stat,KS statistic,,zero,,,0.0,0.11392066666666667,0.098358,0.11392066666666667,0.015562666666666669,-0.03432133333333334,0.023579666666666665,Distributional,inside_v0_range
V0_C_0__seed2__HR_prcp_DANRA__SIZE_128x128__LR_prcp_cape_ERA5__LOSS_sdfweighted__HEADS_4__TIMESTEPS_56,V0_C_0_seed2,V0_C_0,2,/Users/au728490/ceddar_runs/models_and_samples/evaluation/V0_C_0__seed2__HR_prcp_DANRA__SIZE_128x128__LR_prcp_cape_ERA5__LOSS_sdfweighted__HEADS_4__TIMESTEPS_56/summary/evaluation_summary.json,distributional.ks_stat,KS statistic,,zero,,,0.0,0.11392066666666667,0.135086,0.11392066666666667,-0.02116533333333334,-0.03432133333333334,0.023579666666666665,Distributional,inside_v0_range
V0_C_1__HR_prcp_DANRA__SIZE_128x128__LR_prcp_cape_ERA5__LOSS_sdfweighted__HEADS_4__TIMESTEPS_56,V0_C_1,V0_C_1,1,/Users/au728490/ceddar_runs/models_and_samples/evaluation/V0_C_1__HR_prcp_DANRA__SIZE_128x128__LR_prcp_cape_ERA5__LOSS_sdfweighted__HEADS_4__TIMESTEPS_56/summary/evaluation_summary.json,distributional.ks_stat,KS statistic,,zero,,,0.0,0.11392066666666667,0.100331,0.11392066666666667,0.013589666666666667,-0.03432133333333334,0.023579666666666665,Distributional,inside_v0_range
V0_C_1__seed2__HR_prcp_DANRA__SIZE_128x128__LR_prcp_cape_ERA5__LOSS_sdfweighted__HEADS_4__TIMESTEPS_56,V0_C_1_seed2,V0_C_1,2,/Users/au728490/ceddar_runs/models_and_samples/evaluation/V0_C_1__seed2__HR_prcp_DANRA__SIZE_128x128__LR_prcp_cape_ERA5__LOSS_sdfweighted__HEADS_4__TIMESTEPS_56/summary/evaluation_summary.json,distributional.ks_stat,KS statistic,,zero,,,0.0,0.11392066666666667,0.094387,0.11392066666666667,0.01953366666666667,-0.03432133333333334,0.023579666666666665,Distributional,inside_v0_range
V0_I_0__HR_prcp_DANRA__SIZE_128x128__LR_prcp_ewvf_nwvf_ERA5__LOSS_sdfweighted__HEADS_4__TIMESTEPS_56,V0_I_0,V0_I_0,1,/Users/au728490/ceddar_runs/models_and_samples/evaluation/V0_I_0__HR_prcp_DANRA__SIZE_128x128__LR_prcp_ewvf_nwvf_ERA5__LOSS_sdfweighted__HEADS_4__TIMESTEPS_56/summary/evaluation_summary.json,distributional.ks_stat,KS statistic,,zero,,,0.0,0.11392066666666667,0.085173,0.11392066666666667,0.02874766666666667,-0.03432133333333334,0.023579666666666665,Distributional,favourable
V0_I_0__seed2__HR_prcp_DANRA__SIZE_128x128__LR_prcp_ewvf_nwvf_ERA5__LOSS_sdfweighted__HEADS_4__TIMESTEPS_56,V0_I_0_seed2,V0_I_0,2,/Users/au728490/ceddar_runs/models_and_samples/evaluation/V0_I_0__seed2__HR_prcp_DANRA__SIZE_128x128__LR_prcp_ewvf_nwvf_ERA5__LOSS_sdfweighted__HEADS_4__TIMESTEPS_56/summary/evaluation_summary.json,distributional.ks_stat,KS statistic,,zero,,,0.0,0.11392066666666667,0.087324,0.11392066666666667,0.02659666666666667,-0.03432133333333334,0.023579666666666665,Distributional,favourable
V0_I_1__HR_prcp_DANRA__SIZE_128x128__LR_prcp_ewvf_nwvf_ERA5__LOSS_sdfweighted__HEADS_4__TIMESTEPS_56,V0_I_1,V0_I_1,1,/Users/au728490/ceddar_runs/models_and_samples/evaluation/V0_I_1__HR_prcp_DANRA__SIZE_128x128__LR_prcp_ewvf_nwvf_ERA5__LOSS_sdfweighted__HEADS_4__TIMESTEPS_56/summary/evaluation_summary.json,distributional.ks_stat,KS statistic,,zero,,,0.0,0.11392066666666667,0.103723,0.11392066666666667,0.010197666666666674,-0.03432133333333334,0.023579666666666665,Distributional,inside_v0_range
V0_I_1__seed2__HR_prcp_DANRA__SIZE_128x128__LR_prcp_ewvf_nwvf_ERA5__LOSS_sdfweighted__HEADS_4__TIMESTEPS_56,V0_I_1_seed2,V0_I_1,2,/Users/au728490/ceddar_runs/models_and_samples/evaluation/V0_I_1__seed2__HR_prcp_DANRA__SIZE_128x128__LR_prcp_ewvf_nwvf_ERA5__LOSS_sdfweighted__HEADS_4__TIMESTEPS_56/summary/evaluation_summary.json,distributional.ks_stat,KS statistic,,zero,,,0.0,0.11392066666666667,0.096874,0.11392066666666667,0.01704666666666667,-0.03432133333333334,0.023579666666666665,Distributional,inside_v0_range
V0_M_0__HR_prcp_DANRA__SIZE_128x128__LR_prcp_msl_ERA5__LOSS_sdfweighted__HEADS_4__TIMESTEPS_56,V0_M_0,V0_M_0,1,/Users/au728490/ceddar_runs/models_and_samples/evaluation/V0_M_0__HR_prcp_DANRA__SIZE_128x128__LR_prcp_msl_ERA5__LOSS_sdfweighted__HEADS_4__TIMESTEPS_56/summary/evaluation_summary.json,distributional.ks_stat,KS statistic,,zero,,,0.0,0.11392066666666667,0.072998,0.11392066666666667,0.04092266666666668,-0.03432133333333334,0.023579666666666665,Distributional,favourable
V0_M_0__seed2__HR_prcp_DANRA__SIZE_128x128__LR_prcp_msl_ERA5__LOSS_sdfweighted__HEADS_4__TIMESTEPS_56,V0_M_0_seed2,V0_M_0,2,/Users/au728490/ceddar_runs/models_and_samples/evaluation/V0_M_0__seed2__HR_prcp_DANRA__SIZE_128x128__LR_prcp_msl_ERA5__LOSS_sdfweighted__HEADS_4__TIMESTEPS_56/summary/evaluation_summary.json,distributional.ks_stat,KS statistic,,zero,,,0.0,0.11392066666666667,0.06107,0.11392066666666667,0.05285066666666667,-0.03432133333333334,0.023579666666666665,Distributional,favourable
V0_M_1__HR_prcp_DANRA__SIZE_128x128__LR_prcp_msl_ERA5__LOSS_sdfweighted__HEADS_4__TIMESTEPS_56,V0_M_1,V0_M_1,1,/Users/au728490/ceddar_runs/models_and_samples/evaluation/V0_M_1__HR_prcp_DANRA__SIZE_128x128__LR_prcp_msl_ERA5__LOSS_sdfweighted__HEADS_4__TIMESTEPS_56/summary/evaluation_summary.json,distributional.ks_stat,KS statistic,,zero,,,0.0,0.11392066666666667,0.101525,0.11392066666666667,0.012395666666666666,-0.03432133333333334,0.023579666666666665,Distributional,inside_v0_range
V0_M_1__seed2__HR_prcp_DANRA__SIZE_128x128__LR_prcp_msl_ERA5__LOSS_sdfweighted__HEADS_4__TIMESTEPS_56,V0_M_1_seed2,V0_M_1,2,/Users/au728490/ceddar_runs/models_and_samples/evaluation/V0_M_1__seed2__HR_prcp_DANRA__SIZE_128x128__LR_prcp_msl_ERA5__LOSS_sdfweighted__HEADS_4__TIMESTEPS_56/summary/evaluation_summary.json,distributional.ks_stat,KS statistic,,zero,,,0.0,0.11392066666666667,0.084003,0.11392066666666667,0.029917666666666676,-0.03432133333333334,0.023579666666666665,Distributional,favourable
V0_T_0__HR_prcp_DANRA__SIZE_128x128__LR_prcp_thetae_pl_850_ERA5__LOSS_sdfweighted__HEADS_4__TIMESTEPS_56,V0_T_0,V0_T_0,1,/Users/au728490/ceddar_runs/models_and_samples/evaluation/V0_T_0__HR_prcp_DANRA__SIZE_128x128__LR_prcp_thetae_pl_850_ERA5__LOSS_sdfweighted__HEADS_4__TIMESTEPS_56/summary/evaluation_summary.json,distributional.ks_stat,KS statistic,,zero,,,0.0,0.11392066666666667,0.123407,0.11392066666666667,-0.009486333333333333,-0.03432133333333334,0.023579666666666665,Distributional,inside_v0_range
V0_T_0__seed2__HR_prcp_DANRA__SIZE_128x128__LR_prcp_thetae_pl_850_ERA5__LOSS_sdfweighted__HEADS_4__TIMESTEPS_56,V0_T_0_seed2,V0_T_0,2,/Users/au728490/ceddar_runs/models_and_samples/evaluation/V0_T_0__seed2__HR_prcp_DANRA__SIZE_128x128__LR_prcp_thetae_pl_850_ERA5__LOSS_sdfweighted__HEADS_4__TIMESTEPS_56/summary/evaluation_summary.json,distributional.ks_stat,KS statistic,,zero,,,0.0,0.11392066666666667,0.112252,0.11392066666666667,0.0016686666666666655,-0.03432133333333334,0.023579666666666665,Distributional,inside_v0_range
V0_T_1__HR_prcp_DANRA__SIZE_128x128__LR_prcp_thetae_pl_850_ERA5__LOSS_sdfweighted__HEADS_4__TIMESTEPS_56,V0_T_1,V0_T_1,1,/Users/au728490/ceddar_runs/models_and_samples/evaluation/V0_T_1__HR_prcp_DANRA__SIZE_128x128__LR_prcp_thetae_pl_850_ERA5__LOSS_sdfweighted__HEADS_4__TIMESTEPS_56/summary/evaluation_summary.json,distributional.ks_stat,KS statistic,,zero,,,0.0,0.11392066666666667,0.04294,0.11392066666666667,0.07098066666666666,-0.03432133333333334,0.023579666666666665,Distributional,favourable
V0_T_1__seed2__HR_prcp_DANRA__SIZE_128x128__LR_prcp_thetae_pl_850_ERA5__LOSS_sdfweighted__HEADS_4__TIMESTEPS_56,V0_T_1_seed2,V0_T_1,2,/Users/au728490/ceddar_runs/models_and_samples/evaluation/V0_T_1__seed2__HR_prcp_DANRA__SIZE_128x128__LR_prcp_thetae_pl_850_ERA5__LOSS_sdfweighted__HEADS_4__TIMESTEPS_56/summary/evaluation_summary.json,distributional.ks_stat,KS statistic,,zero,,,0.0,0.11392066666666667,0.083884,0.11392066666666667,0.03003666666666667,-0.03432133333333334,0.023579666666666665,Distributional,favourable
V0_Z_0__HR_prcp_DANRA__SIZE_128x128__LR_prcp_z_pl_500_ERA5__LOSS_sdfweighted__HEADS_4__TIMESTEPS_56,V0_Z_0,V0_Z_0,1,/Users/au728490/ceddar_runs/models_and_samples/evaluation/V0_Z_0__HR_prcp_DANRA__SIZE_128x128__LR_prcp_z_pl_500_ERA5__LOSS_sdfweighted__HEADS_4__TIMESTEPS_56/summary/evaluation_summary.json,distributional.ks_stat,KS statistic,,zero,,,0.0,0.11392066666666667,0.108926,0.11392066666666667,0.004994666666666675,-0.03432133333333334,0.023579666666666665,Distributional,inside_v0_range
V0_Z_0__seed2__HR_prcp_DANRA__SIZE_128x128__LR_prcp_z_pl_500_ERA5__LOSS_sdfweighted__HEADS_4__TIMESTEPS_56,V0_Z_0_seed2,V0_Z_0,2,/Users/au728490/ceddar_runs/models_and_samples/evaluation/V0_Z_0__seed2__HR_prcp_DANRA__SIZE_128x128__LR_prcp_z_pl_500_ERA5__LOSS_sdfweighted__HEADS_4__TIMESTEPS_56/summary/evaluation_summary.json,distributional.ks_stat,KS statistic,,zero,,,0.0,0.11392066666666667,0.062301,0.11392066666666667,0.05161966666666667,-0.03432133333333334,0.023579666666666665,Distributional,favourable
V0_Z_1__HR_prcp_DANRA__SIZE_128x128__LR_prcp_z_pl_500_ERA5__LOSS_sdfweighted__HEADS_4__TIMESTEPS_56,V0_Z_1,V0_Z_1,1,/Users/au728490/ceddar_runs/models_and_samples/evaluation/V0_Z_1__HR_prcp_DANRA__SIZE_128x128__LR_prcp_z_pl_500_ERA5__LOSS_sdfweighted__HEADS_4__TIMESTEPS_56/summary/evaluation_summary.json,distributional.ks_stat,KS statistic,,zero,,,0.0,0.11392066666666667,0.150934,0.11392066666666667,-0.03701333333333334,-0.03432133333333334,0.023579666666666665,Distributional,unfavourable
V0_Z_1__seed2__HR_prcp_DANRA__SIZE_128x128__LR_prcp_z_pl_500_ERA5__LOSS_sdfweighted__HEADS_4__TIMESTEPS_56,V0_Z_1_seed2,V0_Z_1,2,/Users/au728490/ceddar_runs/models_and_samples/evaluation/V0_Z_1__seed2__HR_prcp_DANRA__SIZE_128x128__LR_prcp_z_pl_500_ERA5__LOSS_sdfweighted__HEADS_4__TIMESTEPS_56/summary/evaluation_summary.json,distributional.ks_stat,KS statistic,,zero,,,0.0,0.11392066666666667,0.079659,0.11392066666666667,0.034261666666666676,-0.03432133333333334,0.023579666666666665,Distributional,favourable
D_IP_1__HR_prcp_DANRA__SIZE_128x128__LR_prcp_ewvf_nwvf_ERA5__LOSS_sdfweighted__HEADS_4__TIMESTEPS_56,D_IP_1,D_IP_1,1,/Users/au728490/ceddar_runs/models_and_samples/evaluation/D_IP_1__HR_prcp_DANRA__SIZE_128x128__LR_prcp_ewvf_nwvf_ERA5__LOSS_sdfweighted__HEADS_4__TIMESTEPS_56/summary/evaluation_summary.json,distributional.ks_stat,KS statistic,,zero,,,0.0,0.11392066666666667,0.085442,0.11392066666666667,0.028478666666666666,-0.03432133333333334,0.023579666666666665,Distributional,favourable
D_IP_1__seed2__HR_prcp_DANRA__SIZE_128x128__LR_prcp_ewvf_nwvf_ERA5__LOSS_sdfweighted__HEADS_4__TIMESTEPS_56,D_IP_1_seed2,D_IP_1,2,/Users/au728490/ceddar_runs/models_and_samples/evaluation/D_IP_1__seed2__HR_prcp_DANRA__SIZE_128x128__LR_prcp_ewvf_nwvf_ERA5__LOSS_sdfweighted__HEADS_4__TIMESTEPS_56/summary/evaluation_summary.json,distributional.ks_stat,KS statistic,,zero,,,0.0,0.11392066666666667,0.090834,0.11392066666666667,0.023086666666666672,-0.03432133333333334,0.023579666666666665,Distributional,inside_v0_range
D_MZP_1__HR_prcp_DANRA__SIZE_128x128__LR_prcp_msl_z_pl_500_ERA5__LOSS_sdfweighted__HEADS_4__TIMESTEPS_56,D_MZP_1,D_MZP_1,1,/Users/au728490/ceddar_runs/models_and_samples/evaluation/D_MZP_1__HR_prcp_DANRA__SIZE_128x128__LR_prcp_msl_z_pl_500_ERA5__LOSS_sdfweighted__HEADS_4__TIMESTEPS_56/summary/evaluation_summary.json,distributional.ks_stat,KS statistic,,zero,,,0.0,0.11392066666666667,0.091379,0.11392066666666667,0.022541666666666668,-0.03432133333333334,0.023579666666666665,Distributional,inside_v0_range
D_MZP_1__seed2__HR_prcp_DANRA__SIZE_128x128__LR_prcp_msl_z_pl_500_ERA5__LOSS_sdfweighted__HEADS_4__TIMESTEPS_56,D_MZP_1_seed2,D_MZP_1,2,/Users/au728490/ceddar_runs/models_and_samples/evaluation/D_MZP_1__seed2__HR_prcp_DANRA__SIZE_128x128__LR_prcp_msl_z_pl_500_ERA5__LOSS_sdfweighted__HEADS_4__TIMESTEPS_56/summary/evaluation_summary.json,distributional.ks_stat,KS statistic,,zero,,,0.0,0.11392066666666667,0.108238,0.11392066666666667,0.005682666666666669,-0.03432133333333334,0.023579666666666665,Distributional,inside_v0_range
D_MTP_0__HR_prcp_DANRA__SIZE_128x128__LR_prcp_msl_thetae_pl_850_ERA5__LOSS_sdfweighted__HEADS_4__TIMESTEPS_56,D_MTP_0,D_MTP_0,1,/Users/au728490/ceddar_runs/models_and_samples/evaluation/D_MTP_0__HR_prcp_DANRA__SIZE_128x128__LR_prcp_msl_thetae_pl_850_ERA5__LOSS_sdfweighted__HEADS_4__TIMESTEPS_56/summary/evaluation_summary.json,distributional.ks_stat,KS statistic,,zero,,,0.0,0.11392066666666667,0.082155,0.11392066666666667,0.031765666666666664,-0.03432133333333334,0.023579666666666665,Distributional,favourable
D_MTP_0__seed2__HR_prcp_DANRA__SIZE_128x128__LR_prcp_msl_thetae_pl_850_ERA5__LOSS_sdfweighted__HEADS_4__TIMESTEPS_56,D_MTP_0_seed2,D_MTP_0,2,/Users/au728490/ceddar_runs/models_and_samples/evaluation/D_MTP_0__seed2__HR_prcp_DANRA__SIZE_128x128__LR_prcp_msl_thetae_pl_850_ERA5__LOSS_sdfweighted__HEADS_4__TIMESTEPS_56/summary/evaluation_summary.json,distributional.ks_stat,KS statistic,,zero,,,0.0,0.11392066666666667,0.083943,0.11392066666666667,0.029977666666666666,-0.03432133333333334,0.023579666666666665,Distributional,favourable
D_MTP_1__HR_prcp_DANRA__SIZE_128x128__LR_prcp_msl_thetae_pl_850_ERA5__LOSS_sdfweighted__HEADS_4__TIMESTEPS_56,D_MTP_1,D_MTP_1,1,/Users/au728490/ceddar_runs/models_and_samples/evaluation/D_MTP_1__HR_prcp_DANRA__SIZE_128x128__LR_prcp_msl_thetae_pl_850_ERA5__LOSS_sdfweighted__HEADS_4__TIMESTEPS_56/summary/evaluation_summary.json,distributional.ks_stat,KS statistic,,zero,,,0.0,0.11392066666666667,0.118344,0.11392066666666667,-0.004423333333333335,-0.03432133333333334,0.023579666666666665,Distributional,inside_v0_range
D_MTP_1__seed2__HR_prcp_DANRA__SIZE_128x128__LR_prcp_msl_thetae_pl_850_ERA5__LOSS_sdfweighted__HEADS_4__TIMESTEPS_56,D_MTP_1_seed2,D_MTP_1,2,/Users/au728490/ceddar_runs/models_and_samples/evaluation/D_MTP_1__seed2__HR_prcp_DANRA__SIZE_128x128__LR_prcp_msl_thetae_pl_850_ERA5__LOSS_sdfweighted__HEADS_4__TIMESTEPS_56/summary/evaluation_summary.json,distributional.ks_stat,KS statistic,,zero,,,0.0,0.11392066666666667,0.093247,0.11392066666666667,0.020673666666666674,-0.03432133333333334,0.023579666666666665,Distributional,inside_v0_range
D_MTCP_1__HR_prcp_DANRA__SIZE_128x128__LR_prcp_msl_thetae_pl_850_cape_ERA5__LOSS_sdfweighted__HEADS_4__TIMESTEPS_56,D_MTCP_1,D_MTCP_1,1,/Users/au728490/ceddar_runs/models_and_samples/evaluation/D_MTCP_1__HR_prcp_DANRA__SIZE_128x128__LR_prcp_msl_thetae_pl_850_cape_ERA5__LOSS_sdfweighted__HEADS_4__TIMESTEPS_56/summary/evaluation_summary.json,distributional.ks_stat,KS statistic,,zero,,,0.0,0.11392066666666667,0.106355,0.11392066666666667,0.007565666666666665,-0.03432133333333334,0.023579666666666665,Distributional,inside_v0_range
D_MTCP_1__seed2__HR_prcp_DANRA__SIZE_128x128__LR_prcp_msl_thetae_pl_850_cape_ERA5__LOSS_sdfweighted__HEADS_4__TIMESTEPS_56,D_MTCP_1_seed2,D_MTCP_1,2,/Users/au728490/ceddar_runs/models_and_samples/evaluation/D_MTCP_1__seed2__HR_prcp_DANRA__SIZE_128x128__LR_prcp_msl_thetae_pl_850_cape_ERA5__LOSS_sdfweighted__HEADS_4__TIMESTEPS_56/summary/evaluation_summary.json,distributional.ks_stat,KS statistic,,zero,,,0.0,0.11392066666666667,0.139016,0.11392066666666667,-0.02509533333333333,-0.03432133333333334,0.023579666666666665,Distributional,inside_v0_range
D_MZIP_1__HR_prcp_DANRA__SIZE_128x128__LR_prcp_msl_z_pl_500_ewvf_nwvf_ERA5__LOSS_sdfweighted__HEADS_4__TIMESTEPS_56,D_MZIP_1,D_MZIP_1,1,/Users/au728490/ceddar_runs/models_and_samples/evaluation/D_MZIP_1__HR_prcp_DANRA__SIZE_128x128__LR_prcp_msl_z_pl_500_ewvf_nwvf_ERA5__LOSS_sdfweighted__HEADS_4__TIMESTEPS_56/summary/evaluation_summary.json,distributional.ks_stat,KS statistic,,zero,,,0.0,0.11392066666666667,0.090838,0.11392066666666667,0.023082666666666668,-0.03432133333333334,0.023579666666666665,Distributional,inside_v0_range
D_MZIP_1__seed2__HR_prcp_DANRA__SIZE_128x128__LR_prcp_msl_z_pl_500_ewvf_nwvf_ERA5__LOSS_sdfweighted__HEADS_4__TIMESTEPS_56,D_MZIP_1_seed2,D_MZIP_1,2,/Users/au728490/ceddar_runs/models_and_samples/evaluation/D_MZIP_1__seed2__HR_prcp_DANRA__SIZE_128x128__LR_prcp_msl_z_pl_500_ewvf_nwvf_ERA5__LOSS_sdfweighted__HEADS_4__TIMESTEPS_56/summary/evaluation_summary.json,distributional.ks_stat,KS statistic,,zero,,,0.0,0.11392066666666667,0.112955,0.11392066666666667,0.0009656666666666702,-0.03432133333333334,0.023579666666666665,Distributional,inside_v0_range
D_MT_1__HR_prcp_DANRA__SIZE_128x128__LR_msl_thetae_pl_850_ERA5__LOSS_sdfweighted__HEADS_4__TIMESTEPS_56,D_MT_1,D_MT_1,1,/Users/au728490/ceddar_runs/models_and_samples/evaluation/D_MT_1__HR_prcp_DANRA__SIZE_128x128__LR_msl_thetae_pl_850_ERA5__LOSS_sdfweighted__HEADS_4__TIMESTEPS_56/summary/evaluation_summary.json,distributional.ks_stat,KS statistic,,zero,,,0.0,0.11392066666666667,0.154192,0.11392066666666667,-0.040271333333333326,-0.03432133333333334,0.023579666666666665,Distributional,unfavourable
D_MT_1__seed2__HR_prcp_DANRA__SIZE_128x128__LR_msl_thetae_pl_850_ERA5__LOSS_sdfweighted__HEADS_4__TIMESTEPS_56,D_MT_1_seed2,D_MT_1,2,/Users/au728490/ceddar_runs/models_and_samples/evaluation/D_MT_1__seed2__HR_prcp_DANRA__SIZE_128x128__LR_msl_thetae_pl_850_ERA5__LOSS_sdfweighted__HEADS_4__TIMESTEPS_56/summary/evaluation_summary.json,distributional.ks_stat,KS statistic,,zero,,,0.0,0.11392066666666667,0.182956,0.11392066666666667,-0.06903533333333334,-0.03432133333333334,0.023579666666666665,Distributional,unfavourable
D_MTC_1__HR_prcp_DANRA__SIZE_128x128__LR_msl_thetae_pl_850_cape_ERA5__LOSS_sdfweighted__HEADS_4__TIMESTEPS_56,D_MTC_1,D_MTC_1,1,/Users/au728490/ceddar_runs/models_and_samples/evaluation/D_MTC_1__HR_prcp_DANRA__SIZE_128x128__LR_msl_thetae_pl_850_cape_ERA5__LOSS_sdfweighted__HEADS_4__TIMESTEPS_56/summary/evaluation_summary.json,distributional.ks_stat,KS statistic,,zero,,,0.0,0.11392066666666667,0.135329,0.11392066666666667,-0.021408333333333335,-0.03432133333333334,0.023579666666666665,Distributional,inside_v0_range
D_MTC_1__seed2__HR_prcp_DANRA__SIZE_128x128__LR_msl_thetae_pl_850_cape_ERA5__LOSS_sdfweighted__HEADS_4__TIMESTEPS_56,D_MTC_1_seed2,D_MTC_1,2,/Users/au728490/ceddar_runs/models_and_samples/evaluation/D_MTC_1__seed2__HR_prcp_DANRA__SIZE_128x128__LR_msl_thetae_pl_850_cape_ERA5__LOSS_sdfweighted__HEADS_4__TIMESTEPS_56/summary/evaluation_summary.json,distributional.ks_stat,KS statistic,,zero,,,0.0,0.11392066666666667,0.112265,0.11392066666666667,0.0016556666666666664,-0.03432133333333334,0.023579666666666665,Distributional,inside_v0_range
C_10__HR_prcp_DANRA__SIZE_128x128__LR_prcp_ERA5__LOSS_sdfweighted__HEADS_4__TIMESTEPS_56,C_10,C_10,1,/Users/au728490/ceddar_runs/models_and_samples/evaluation/C_10__HR_prcp_DANRA__SIZE_128x128__LR_prcp_ERA5__LOSS_sdfweighted__HEADS_4__TIMESTEPS_56/summary/evaluation_summary.json,probabilistic.crps_mean,CRPS,mm day$^{-1}$,zero,,,0.0,0.941485,0.888114,0.941485,0.05337100000000006,-0.043193999999999955,0.05641099999999999,Probabilistic,inside_v0_range
C_10__seed2__HR_prcp_DANRA__SIZE_128x128__LR_prcp_ERA5__LOSS_sdfweighted__HEADS_4__TIMESTEPS_56,C_10_seed2,C_10,2,/Users/au728490/ceddar_runs/models_and_samples/evaluation/C_10__seed2__HR_prcp_DANRA__SIZE_128x128__LR_prcp_ERA5__LOSS_sdfweighted__HEADS_4__TIMESTEPS_56/summary/evaluation_summary.json,probabilistic.crps_mean,CRPS,mm day$^{-1}$,zero,,,0.0,0.941485,0.917511,0.941485,0.02397400000000005,-0.043193999999999955,0.05641099999999999,Probabilistic,inside_v0_range
V0_C_0__HR_prcp_DANRA__SIZE_128x128__LR_prcp_cape_ERA5__LOSS_sdfweighted__HEADS_4__TIMESTEPS_56,V0_C_0,V0_C_0,1,/Users/au728490/ceddar_runs/models_and_samples/evaluation/V0_C_0__HR_prcp_DANRA__SIZE_128x128__LR_prcp_cape_ERA5__LOSS_sdfweighted__HEADS_4__TIMESTEPS_56/summary/evaluation_summary.json,probabilistic.crps_mean,CRPS,mm day$^{-1}$,zero,,,0.0,0.941485,0.989702,0.941485,-0.048216999999999954,-0.043193999999999955,0.05641099999999999,Probabilistic,unfavourable
V0_C_0__seed2__HR_prcp_DANRA__SIZE_128x128__LR_prcp_cape_ERA5__LOSS_sdfweighted__HEADS_4__TIMESTEPS_56,V0_C_0_seed2,V0_C_0,2,/Users/au728490/ceddar_runs/models_and_samples/evaluation/V0_C_0__seed2__HR_prcp_DANRA__SIZE_128x128__LR_prcp_cape_ERA5__LOSS_sdfweighted__HEADS_4__TIMESTEPS_56/summary/evaluation_summary.json,probabilistic.crps_mean,CRPS,mm day$^{-1}$,zero,,,0.0,0.941485,0.942301,0.941485,-0.0008160000000000389,-0.043193999999999955,0.05641099999999999,Probabilistic,inside_v0_range
V0_C_1__HR_prcp_DANRA__SIZE_128x128__LR_prcp_cape_ERA5__LOSS_sdfweighted__HEADS_4__TIMESTEPS_56,V0_C_1,V0_C_1,1,/Users/au728490/ceddar_runs/models_and_samples/evaluation/V0_C_1__HR_prcp_DANRA__SIZE_128x128__LR_prcp_cape_ERA5__LOSS_sdfweighted__HEADS_4__TIMESTEPS_56/summary/evaluation_summary.json,probabilistic.crps_mean,CRPS,mm day$^{-1}$,zero,,,0.0,0.941485,0.885805,0.941485,0.05568000000000006,-0.043193999999999955,0.05641099999999999,Probabilistic,inside_v0_range
V0_C_1__seed2__HR_prcp_DANRA__SIZE_128x128__LR_prcp_cape_ERA5__LOSS_sdfweighted__HEADS_4__TIMESTEPS_56,V0_C_1_seed2,V0_C_1,2,/Users/au728490/ceddar_runs/models_and_samples/evaluation/V0_C_1__seed2__HR_prcp_DANRA__SIZE_128x128__LR_prcp_cape_ERA5__LOSS_sdfweighted__HEADS_4__TIMESTEPS_56/summary/evaluation_summary.json,probabilistic.crps_mean,CRPS,mm day$^{-1}$,zero,,,0.0,0.941485,0.89813,0.941485,0.04335500000000003,-0.043193999999999955,0.05641099999999999,Probabilistic,inside_v0_range
V0_I_0__HR_prcp_DANRA__SIZE_128x128__LR_prcp_ewvf_nwvf_ERA5__LOSS_sdfweighted__HEADS_4__TIMESTEPS_56,V0_I_0,V0_I_0,1,/Users/au728490/ceddar_runs/models_and_samples/evaluation/V0_I_0__HR_prcp_DANRA__SIZE_128x128__LR_prcp_ewvf_nwvf_ERA5__LOSS_sdfweighted__HEADS_4__TIMESTEPS_56/summary/evaluation_summary.json,probabilistic.crps_mean,CRPS,mm day$^{-1}$,zero,,,0.0,0.941485,0.891277,0.941485,0.05020800000000003,-0.043193999999999955,0.05641099999999999,Probabilistic,inside_v0_range
V0_I_0__seed2__HR_prcp_DANRA__SIZE_128x128__LR_prcp_ewvf_nwvf_ERA5__LOSS_sdfweighted__HEADS_4__TIMESTEPS_56,V0_I_0_seed2,V0_I_0,2,/Users/au728490/ceddar_runs/models_and_samples/evaluation/V0_I_0__seed2__HR_prcp_DANRA__SIZE_128x128__LR_prcp_ewvf_nwvf_ERA5__LOSS_sdfweighted__HEADS_4__TIMESTEPS_56/summary/evaluation_summary.json,probabilistic.crps_mean,CRPS,mm day$^{-1}$,zero,,,0.0,0.941485,0.949425,0.941485,-0.007939999999999947,-0.043193999999999955,0.05641099999999999,Probabilistic,inside_v0_range
V0_I_1__HR_prcp_DANRA__SIZE_128x128__LR_prcp_ewvf_nwvf_ERA5__LOSS_sdfweighted__HEADS_4__TIMESTEPS_56,V0_I_1,V0_I_1,1,/Users/au728490/ceddar_runs/models_and_samples/evaluation/V0_I_1__HR_prcp_DANRA__SIZE_128x128__LR_prcp_ewvf_nwvf_ERA5__LOSS_sdfweighted__HEADS_4__TIMESTEPS_56/summary/evaluation_summary.json,probabilistic.crps_mean,CRPS,mm day$^{-1}$,zero,,,0.0,0.941485,1.045367,0.941485,-0.10388199999999992,-0.043193999999999955,0.05641099999999999,Probabilistic,unfavourable
V0_I_1__seed2__HR_prcp_DANRA__SIZE_128x128__LR_prcp_ewvf_nwvf_ERA5__LOSS_sdfweighted__HEADS_4__TIMESTEPS_56,V0_I_1_seed2,V0_I_1,2,/Users/au728490/ceddar_runs/models_and_samples/evaluation/V0_I_1__seed2__HR_prcp_DANRA__SIZE_128x128__LR_prcp_ewvf_nwvf_ERA5__LOSS_sdfweighted__HEADS_4__TIMESTEPS_56/summary/evaluation_summary.json,probabilistic.crps_mean,CRPS,mm day$^{-1}$,zero,,,0.0,0.941485,0.93017,0.941485,0.011314999999999964,-0.043193999999999955,0.05641099999999999,Probabilistic,inside_v0_range
V0_M_0__HR_prcp_DANRA__SIZE_128x128__LR_prcp_msl_ERA5__LOSS_sdfweighted__HEADS_4__TIMESTEPS_56,V0_M_0,V0_M_0,1,/Users/au728490/ceddar_runs/models_and_samples/evaluation/V0_M_0__HR_prcp_DANRA__SIZE_128x128__LR_prcp_msl_ERA5__LOSS_sdfweighted__HEADS_4__TIMESTEPS_56/summary/evaluation_summary.json,probabilistic.crps_mean,CRPS,mm day$^{-1}$,zero,,,0.0,0.941485,0.946749,0.941485,-0.005263999999999935,-0.043193999999999955,0.05641099999999999,Probabilistic,inside_v0_range
V0_M_0__seed2__HR_prcp_DANRA__SIZE_128x128__LR_prcp_msl_ERA5__LOSS_sdfweighted__HEADS_4__TIMESTEPS_56,V0_M_0_seed2,V0_M_0,2,/Users/au728490/ceddar_runs/models_and_samples/evaluation/V0_M_0__seed2__HR_prcp_DANRA__SIZE_128x128__LR_prcp_msl_ERA5__LOSS_sdfweighted__HEADS_4__TIMESTEPS_56/summary/evaluation_summary.json,probabilistic.crps_mean,CRPS,mm day$^{-1}$,zero,,,0.0,0.941485,0.877256,0.941485,0.06422899999999998,-0.043193999999999955,0.05641099999999999,Probabilistic,favourable
V0_M_1__HR_prcp_DANRA__SIZE_128x128__LR_prcp_msl_ERA5__LOSS_sdfweighted__HEADS_4__TIMESTEPS_56,V0_M_1,V0_M_1,1,/Users/au728490/ceddar_runs/models_and_samples/evaluation/V0_M_1__HR_prcp_DANRA__SIZE_128x128__LR_prcp_msl_ERA5__LOSS_sdfweighted__HEADS_4__TIMESTEPS_56/summary/evaluation_summary.json,probabilistic.crps_mean,CRPS,mm day$^{-1}$,zero,,,0.0,0.941485,0.986981,0.941485,-0.04549599999999998,-0.043193999999999955,0.05641099999999999,Probabilistic,unfavourable
V0_M_1__seed2__HR_prcp_DANRA__SIZE_128x128__LR_prcp_msl_ERA5__LOSS_sdfweighted__HEADS_4__TIMESTEPS_56,V0_M_1_seed2,V0_M_1,2,/Users/au728490/ceddar_runs/models_and_samples/evaluation/V0_M_1__seed2__HR_prcp_DANRA__SIZE_128x128__LR_prcp_msl_ERA5__LOSS_sdfweighted__HEADS_4__TIMESTEPS_56/summary/evaluation_summary.json,probabilistic.crps_mean,CRPS,mm day$^{-1}$,zero,,,0.0,0.941485,0.876611,0.941485,0.06487399999999999,-0.043193999999999955,0.05641099999999999,Probabilistic,favourable
V0_T_0__HR_prcp_DANRA__SIZE_128x128__LR_prcp_thetae_pl_850_ERA5__LOSS_sdfweighted__HEADS_4__TIMESTEPS_56,V0_T_0,V0_T_0,1,/Users/au728490/ceddar_runs/models_and_samples/evaluation/V0_T_0__HR_prcp_DANRA__SIZE_128x128__LR_prcp_thetae_pl_850_ERA5__LOSS_sdfweighted__HEADS_4__TIMESTEPS_56/summary/evaluation_summary.json,probabilistic.crps_mean,CRPS,mm day$^{-1}$,zero,,,0.0,0.941485,0.960244,0.941485,-0.01875899999999997,-0.043193999999999955,0.05641099999999999,Probabilistic,inside_v0_range
V0_T_0__seed2__HR_prcp_DANRA__SIZE_128x128__LR_prcp_thetae_pl_850_ERA5__LOSS_sdfweighted__HEADS_4__TIMESTEPS_56,V0_T_0_seed2,V0_T_0,2,/Users/au728490/ceddar_runs/models_and_samples/evaluation/V0_T_0__seed2__HR_prcp_DANRA__SIZE_128x128__LR_prcp_thetae_pl_850_ERA5__LOSS_sdfweighted__HEADS_4__TIMESTEPS_56/summary/evaluation_summary.json,probabilistic.crps_mean,CRPS,mm day$^{-1}$,zero,,,0.0,0.941485,0.89841,0.941485,0.043074999999999974,-0.043193999999999955,0.05641099999999999,Probabilistic,inside_v0_range
V0_T_1__HR_prcp_DANRA__SIZE_128x128__LR_prcp_thetae_pl_850_ERA5__LOSS_sdfweighted__HEADS_4__TIMESTEPS_56,V0_T_1,V0_T_1,1,/Users/au728490/ceddar_runs/models_and_samples/evaluation/V0_T_1__HR_prcp_DANRA__SIZE_128x128__LR_prcp_thetae_pl_850_ERA5__LOSS_sdfweighted__HEADS_4__TIMESTEPS_56/summary/evaluation_summary.json,probabilistic.crps_mean,CRPS,mm day$^{-1}$,zero,,,0.0,0.941485,0.870516,0.941485,0.07096900000000006,-0.043193999999999955,0.05641099999999999,Probabilistic,favourable
V0_T_1__seed2__HR_prcp_DANRA__SIZE_128x128__LR_prcp_thetae_pl_850_ERA5__LOSS_sdfweighted__HEADS_4__TIMESTEPS_56,V0_T_1_seed2,V0_T_1,2,/Users/au728490/ceddar_runs/models_and_samples/evaluation/V0_T_1__seed2__HR_prcp_DANRA__SIZE_128x128__LR_prcp_thetae_pl_850_ERA5__LOSS_sdfweighted__HEADS_4__TIMESTEPS_56/summary/evaluation_summary.json,probabilistic.crps_mean,CRPS,mm day$^{-1}$,zero,,,0.0,0.941485,0.93404,0.941485,0.007445000000000035,-0.043193999999999955,0.05641099999999999,Probabilistic,inside_v0_range
V0_Z_0__HR_prcp_DANRA__SIZE_128x128__LR_prcp_z_pl_500_ERA5__LOSS_sdfweighted__HEADS_4__TIMESTEPS_56,V0_Z_0,V0_Z_0,1,/Users/au728490/ceddar_runs/models_and_samples/evaluation/V0_Z_0__HR_prcp_DANRA__SIZE_128x128__LR_prcp_z_pl_500_ERA5__LOSS_sdfweighted__HEADS_4__TIMESTEPS_56/summary/evaluation_summary.json,probabilistic.crps_mean,CRPS,mm day$^{-1}$,zero,,,0.0,0.941485,0.898814,0.941485,0.042671000000000014,-0.043193999999999955,0.05641099999999999,Probabilistic,inside_v0_range
V0_Z_0__seed2__HR_prcp_DANRA__SIZE_128x128__LR_prcp_z_pl_500_ERA5__LOSS_sdfweighted__HEADS_4__TIMESTEPS_56,V0_Z_0_seed2,V0_Z_0,2,/Users/au728490/ceddar_runs/models_and_samples/evaluation/V0_Z_0__seed2__HR_prcp_DANRA__SIZE_128x128__LR_prcp_z_pl_500_ERA5__LOSS_sdfweighted__HEADS_4__TIMESTEPS_56/summary/evaluation_summary.json,probabilistic.crps_mean,CRPS,mm day$^{-1}$,zero,,,0.0,0.941485,0.912702,0.941485,0.028783000000000003,-0.043193999999999955,0.05641099999999999,Probabilistic,inside_v0_range
V0_Z_1__HR_prcp_DANRA__SIZE_128x128__LR_prcp_z_pl_500_ERA5__LOSS_sdfweighted__HEADS_4__TIMESTEPS_56,V0_Z_1,V0_Z_1,1,/Users/au728490/ceddar_runs/models_and_samples/evaluation/V0_Z_1__HR_prcp_DANRA__SIZE_128x128__LR_prcp_z_pl_500_ERA5__LOSS_sdfweighted__HEADS_4__TIMESTEPS_56/summary/evaluation_summary.json,probabilistic.crps_mean,CRPS,mm day$^{-1}$,zero,,,0.0,0.941485,0.900433,0.941485,0.04105199999999998,-0.043193999999999955,0.05641099999999999,Probabilistic,inside_v0_range
V0_Z_1__seed2__HR_prcp_DANRA__SIZE_128x128__LR_prcp_z_pl_500_ERA5__LOSS_sdfweighted__HEADS_4__TIMESTEPS_56,V0_Z_1_seed2,V0_Z_1,2,/Users/au728490/ceddar_runs/models_and_samples/evaluation/V0_Z_1__seed2__HR_prcp_DANRA__SIZE_128x128__LR_prcp_z_pl_500_ERA5__LOSS_sdfweighted__HEADS_4__TIMESTEPS_56/summary/evaluation_summary.json,probabilistic.crps_mean,CRPS,mm day$^{-1}$,zero,,,0.0,0.941485,0.899673,0.941485,0.04181200000000007,-0.043193999999999955,0.05641099999999999,Probabilistic,inside_v0_range
D_IP_1__HR_prcp_DANRA__SIZE_128x128__LR_prcp_ewvf_nwvf_ERA5__LOSS_sdfweighted__HEADS_4__TIMESTEPS_56,D_IP_1,D_IP_1,1,/Users/au728490/ceddar_runs/models_and_samples/evaluation/D_IP_1__HR_prcp_DANRA__SIZE_128x128__LR_prcp_ewvf_nwvf_ERA5__LOSS_sdfweighted__HEADS_4__TIMESTEPS_56/summary/evaluation_summary.json,probabilistic.crps_mean,CRPS,mm day$^{-1}$,zero,,,0.0,0.941485,0.920705,0.941485,0.02078000000000002,-0.043193999999999955,0.05641099999999999,Probabilistic,inside_v0_range
D_IP_1__seed2__HR_prcp_DANRA__SIZE_128x128__LR_prcp_ewvf_nwvf_ERA5__LOSS_sdfweighted__HEADS_4__TIMESTEPS_56,D_IP_1_seed2,D_IP_1,2,/Users/au728490/ceddar_runs/models_and_samples/evaluation/D_IP_1__seed2__HR_prcp_DANRA__SIZE_128x128__LR_prcp_ewvf_nwvf_ERA5__LOSS_sdfweighted__HEADS_4__TIMESTEPS_56/summary/evaluation_summary.json,probabilistic.crps_mean,CRPS,mm day$^{-1}$,zero,,,0.0,0.941485,0.894841,0.941485,0.04664400000000002,-0.043193999999999955,0.05641099999999999,Probabilistic,inside_v0_range
D_MZP_1__HR_prcp_DANRA__SIZE_128x128__LR_prcp_msl_z_pl_500_ERA5__LOSS_sdfweighted__HEADS_4__TIMESTEPS_56,D_MZP_1,D_MZP_1,1,/Users/au728490/ceddar_runs/models_and_samples/evaluation/D_MZP_1__HR_prcp_DANRA__SIZE_128x128__LR_prcp_msl_z_pl_500_ERA5__LOSS_sdfweighted__HEADS_4__TIMESTEPS_56/summary/evaluation_summary.json,probabilistic.crps_mean,CRPS,mm day$^{-1}$,zero,,,0.0,0.941485,1.025877,0.941485,-0.08439199999999991,-0.043193999999999955,0.05641099999999999,Probabilistic,unfavourable
D_MZP_1__seed2__HR_prcp_DANRA__SIZE_128x128__LR_prcp_msl_z_pl_500_ERA5__LOSS_sdfweighted__HEADS_4__TIMESTEPS_56,D_MZP_1_seed2,D_MZP_1,2,/Users/au728490/ceddar_runs/models_and_samples/evaluation/D_MZP_1__seed2__HR_prcp_DANRA__SIZE_128x128__LR_prcp_msl_z_pl_500_ERA5__LOSS_sdfweighted__HEADS_4__TIMESTEPS_56/summary/evaluation_summary.json,probabilistic.crps_mean,CRPS,mm day$^{-1}$,zero,,,0.0,0.941485,0.896224,0.941485,0.045260999999999996,-0.043193999999999955,0.05641099999999999,Probabilistic,inside_v0_range
D_MTP_0__HR_prcp_DANRA__SIZE_128x128__LR_prcp_msl_thetae_pl_850_ERA5__LOSS_sdfweighted__HEADS_4__TIMESTEPS_56,D_MTP_0,D_MTP_0,1,/Users/au728490/ceddar_runs/models_and_samples/evaluation/D_MTP_0__HR_prcp_DANRA__SIZE_128x128__LR_prcp_msl_thetae_pl_850_ERA5__LOSS_sdfweighted__HEADS_4__TIMESTEPS_56/summary/evaluation_summary.json,probabilistic.crps_mean,CRPS,mm day$^{-1}$,zero,,,0.0,0.941485,0.964238,0.941485,-0.022753000000000023,-0.043193999999999955,0.05641099999999999,Probabilistic,inside_v0_range
D_MTP_0__seed2__HR_prcp_DANRA__SIZE_128x128__LR_prcp_msl_thetae_pl_850_ERA5__LOSS_sdfweighted__HEADS_4__TIMESTEPS_56,D_MTP_0_seed2,D_MTP_0,2,/Users/au728490/ceddar_runs/models_and_samples/evaluation/D_MTP_0__seed2__HR_prcp_DANRA__SIZE_128x128__LR_prcp_msl_thetae_pl_850_ERA5__LOSS_sdfweighted__HEADS_4__TIMESTEPS_56/summary/evaluation_summary.json,probabilistic.crps_mean,CRPS,mm day$^{-1}$,zero,,,0.0,0.941485,0.903149,0.941485,0.03833600000000004,-0.043193999999999955,0.05641099999999999,Probabilistic,inside_v0_range
D_MTP_1__HR_prcp_DANRA__SIZE_128x128__LR_prcp_msl_thetae_pl_850_ERA5__LOSS_sdfweighted__HEADS_4__TIMESTEPS_56,D_MTP_1,D_MTP_1,1,/Users/au728490/ceddar_runs/models_and_samples/evaluation/D_MTP_1__HR_prcp_DANRA__SIZE_128x128__LR_prcp_msl_thetae_pl_850_ERA5__LOSS_sdfweighted__HEADS_4__TIMESTEPS_56/summary/evaluation_summary.json,probabilistic.crps_mean,CRPS,mm day$^{-1}$,zero,,,0.0,0.941485,0.921863,0.941485,0.01962200000000003,-0.043193999999999955,0.05641099999999999,Probabilistic,inside_v0_range
D_MTP_1__seed2__HR_prcp_DANRA__SIZE_128x128__LR_prcp_msl_thetae_pl_850_ERA5__LOSS_sdfweighted__HEADS_4__TIMESTEPS_56,D_MTP_1_seed2,D_MTP_1,2,/Users/au728490/ceddar_runs/models_and_samples/evaluation/D_MTP_1__seed2__HR_prcp_DANRA__SIZE_128x128__LR_prcp_msl_thetae_pl_850_ERA5__LOSS_sdfweighted__HEADS_4__TIMESTEPS_56/summary/evaluation_summary.json,probabilistic.crps_mean,CRPS,mm day$^{-1}$,zero,,,0.0,0.941485,0.906127,0.941485,0.035358,-0.043193999999999955,0.05641099999999999,Probabilistic,inside_v0_range
D_MTCP_1__HR_prcp_DANRA__SIZE_128x128__LR_prcp_msl_thetae_pl_850_cape_ERA5__LOSS_sdfweighted__HEADS_4__TIMESTEPS_56,D_MTCP_1,D_MTCP_1,1,/Users/au728490/ceddar_runs/models_and_samples/evaluation/D_MTCP_1__HR_prcp_DANRA__SIZE_128x128__LR_prcp_msl_thetae_pl_850_cape_ERA5__LOSS_sdfweighted__HEADS_4__TIMESTEPS_56/summary/evaluation_summary.json,probabilistic.crps_mean,CRPS,mm day$^{-1}$,zero,,,0.0,0.941485,0.93955,0.941485,0.00193500000000002,-0.043193999999999955,0.05641099999999999,Probabilistic,inside_v0_range
D_MTCP_1__seed2__HR_prcp_DANRA__SIZE_128x128__LR_prcp_msl_thetae_pl_850_cape_ERA5__LOSS_sdfweighted__HEADS_4__TIMESTEPS_56,D_MTCP_1_seed2,D_MTCP_1,2,/Users/au728490/ceddar_runs/models_and_samples/evaluation/D_MTCP_1__seed2__HR_prcp_DANRA__SIZE_128x128__LR_prcp_msl_thetae_pl_850_cape_ERA5__LOSS_sdfweighted__HEADS_4__TIMESTEPS_56/summary/evaluation_summary.json,probabilistic.crps_mean,CRPS,mm day$^{-1}$,zero,,,0.0,0.941485,0.951089,0.941485,-0.009603999999999946,-0.043193999999999955,0.05641099999999999,Probabilistic,inside_v0_range
D_MZIP_1__HR_prcp_DANRA__SIZE_128x128__LR_prcp_msl_z_pl_500_ewvf_nwvf_ERA5__LOSS_sdfweighted__HEADS_4__TIMESTEPS_56,D_MZIP_1,D_MZIP_1,1,/Users/au728490/ceddar_runs/models_and_samples/evaluation/D_MZIP_1__HR_prcp_DANRA__SIZE_128x128__LR_prcp_msl_z_pl_500_ewvf_nwvf_ERA5__LOSS_sdfweighted__HEADS_4__TIMESTEPS_56/summary/evaluation_summary.json,probabilistic.crps_mean,CRPS,mm day$^{-1}$,zero,,,0.0,0.941485,0.889042,0.941485,0.05244300000000002,-0.043193999999999955,0.05641099999999999,Probabilistic,inside_v0_range
D_MZIP_1__seed2__HR_prcp_DANRA__SIZE_128x128__LR_prcp_msl_z_pl_500_ewvf_nwvf_ERA5__LOSS_sdfweighted__HEADS_4__TIMESTEPS_56,D_MZIP_1_seed2,D_MZIP_1,2,/Users/au728490/ceddar_runs/models_and_samples/evaluation/D_MZIP_1__seed2__HR_prcp_DANRA__SIZE_128x128__LR_prcp_msl_z_pl_500_ewvf_nwvf_ERA5__LOSS_sdfweighted__HEADS_4__TIMESTEPS_56/summary/evaluation_summary.json,probabilistic.crps_mean,CRPS,mm day$^{-1}$,zero,,,0.0,0.941485,0.925265,0.941485,0.016220000000000012,-0.043193999999999955,0.05641099999999999,Probabilistic,inside_v0_range
D_MT_1__HR_prcp_DANRA__SIZE_128x128__LR_msl_thetae_pl_850_ERA5__LOSS_sdfweighted__HEADS_4__TIMESTEPS_56,D_MT_1,D_MT_1,1,/Users/au728490/ceddar_runs/models_and_samples/evaluation/D_MT_1__HR_prcp_DANRA__SIZE_128x128__LR_msl_thetae_pl_850_ERA5__LOSS_sdfweighted__HEADS_4__TIMESTEPS_56/summary/evaluation_summary.json,probabilistic.crps_mean,CRPS,mm day$^{-1}$,zero,,,0.0,0.941485,1.770419,0.941485,-0.828934,-0.043193999999999955,0.05641099999999999,Probabilistic,unfavourable
D_MT_1__seed2__HR_prcp_DANRA__SIZE_128x128__LR_msl_thetae_pl_850_ERA5__LOSS_sdfweighted__HEADS_4__TIMESTEPS_56,D_MT_1_seed2,D_MT_1,2,/Users/au728490/ceddar_runs/models_and_samples/evaluation/D_MT_1__seed2__HR_prcp_DANRA__SIZE_128x128__LR_msl_thetae_pl_850_ERA5__LOSS_sdfweighted__HEADS_4__TIMESTEPS_56/summary/evaluation_summary.json,probabilistic.crps_mean,CRPS,mm day$^{-1}$,zero,,,0.0,0.941485,1.825387,0.941485,-0.8839020000000001,-0.043193999999999955,0.05641099999999999,Probabilistic,unfavourable
D_MTC_1__HR_prcp_DANRA__SIZE_128x128__LR_msl_thetae_pl_850_cape_ERA5__LOSS_sdfweighted__HEADS_4__TIMESTEPS_56,D_MTC_1,D_MTC_1,1,/Users/au728490/ceddar_runs/models_and_samples/evaluation/D_MTC_1__HR_prcp_DANRA__SIZE_128x128__LR_msl_thetae_pl_850_cape_ERA5__LOSS_sdfweighted__HEADS_4__TIMESTEPS_56/summary/evaluation_summary.json,probabilistic.crps_mean,CRPS,mm day$^{-1}$,zero,,,0.0,0.941485,1.682172,0.941485,-0.740687,-0.043193999999999955,0.05641099999999999,Probabilistic,unfavourable
D_MTC_1__seed2__HR_prcp_DANRA__SIZE_128x128__LR_msl_thetae_pl_850_cape_ERA5__LOSS_sdfweighted__HEADS_4__TIMESTEPS_56,D_MTC_1_seed2,D_MTC_1,2,/Users/au728490/ceddar_runs/models_and_samples/evaluation/D_MTC_1__seed2__HR_prcp_DANRA__SIZE_128x128__LR_msl_thetae_pl_850_cape_ERA5__LOSS_sdfweighted__HEADS_4__TIMESTEPS_56/summary/evaluation_summary.json,probabilistic.crps_mean,CRPS,mm day$^{-1}$,zero,,,0.0,0.941485,1.562658,0.941485,-0.6211730000000001,-0.043193999999999955,0.05641099999999999,Probabilistic,unfavourable
C_10__HR_prcp_DANRA__SIZE_128x128__LR_prcp_ERA5__LOSS_sdfweighted__HEADS_4__TIMESTEPS_56,C_10,C_10,1,/Users/au728490/ceddar_runs/models_and_samples/evaluation/C_10__HR_prcp_DANRA__SIZE_128x128__LR_prcp_ERA5__LOSS_sdfweighted__HEADS_4__TIMESTEPS_56/summary/evaluation_summary.json,probabilistic.pit_ks_D,PIT KS statistic,,zero,,,0.0,0.09976133333333333,0.054034,0.09976133333333333,0.04572733333333333,-0.023254666666666673,0.02519733333333332,Probabilistic,favourable
C_10__seed2__HR_prcp_DANRA__SIZE_128x128__LR_prcp_ERA5__LOSS_sdfweighted__HEADS_4__TIMESTEPS_56,C_10_seed2,C_10,2,/Users/au728490/ceddar_runs/models_and_samples/evaluation/C_10__seed2__HR_prcp_DANRA__SIZE_128x128__LR_prcp_ERA5__LOSS_sdfweighted__HEADS_4__TIMESTEPS_56/summary/evaluation_summary.json,probabilistic.pit_ks_D,PIT KS statistic,,zero,,,0.0,0.09976133333333333,0.067533,0.09976133333333333,0.03222833333333333,-0.023254666666666673,0.02519733333333332,Probabilistic,favourable
V0_C_0__HR_prcp_DANRA__SIZE_128x128__LR_prcp_cape_ERA5__LOSS_sdfweighted__HEADS_4__TIMESTEPS_56,V0_C_0,V0_C_0,1,/Users/au728490/ceddar_runs/models_and_samples/evaluation/V0_C_0__HR_prcp_DANRA__SIZE_128x128__LR_prcp_cape_ERA5__LOSS_sdfweighted__HEADS_4__TIMESTEPS_56/summary/evaluation_summary.json,probabilistic.pit_ks_D,PIT KS statistic,,zero,,,0.0,0.09976133333333333,0.097232,0.09976133333333333,0.002529333333333328,-0.023254666666666673,0.02519733333333332,Probabilistic,inside_v0_range
V0_C_0__seed2__HR_prcp_DANRA__SIZE_128x128__LR_prcp_cape_ERA5__LOSS_sdfweighted__HEADS_4__TIMESTEPS_56,V0_C_0_seed2,V0_C_0,2,/Users/au728490/ceddar_runs/models_and_samples/evaluation/V0_C_0__seed2__HR_prcp_DANRA__SIZE_128x128__LR_prcp_cape_ERA5__LOSS_sdfweighted__HEADS_4__TIMESTEPS_56/summary/evaluation_summary.json,probabilistic.pit_ks_D,PIT KS statistic,,zero,,,0.0,0.09976133333333333,0.057419,0.09976133333333333,0.04234233333333333,-0.023254666666666673,0.02519733333333332,Probabilistic,favourable
V0_C_1__HR_prcp_DANRA__SIZE_128x128__LR_prcp_cape_ERA5__LOSS_sdfweighted__HEADS_4__TIMESTEPS_56,V0_C_1,V0_C_1,1,/Users/au728490/ceddar_runs/models_and_samples/evaluation/V0_C_1__HR_prcp_DANRA__SIZE_128x128__LR_prcp_cape_ERA5__LOSS_sdfweighted__HEADS_4__TIMESTEPS_56/summary/evaluation_summary.json,probabilistic.pit_ks_D,PIT KS statistic,,zero,,,0.0,0.09976133333333333,0.053806,0.09976133333333333,0.04595533333333333,-0.023254666666666673,0.02519733333333332,Probabilistic,favourable
V0_C_1__seed2__HR_prcp_DANRA__SIZE_128x128__LR_prcp_cape_ERA5__LOSS_sdfweighted__HEADS_4__TIMESTEPS_56,V0_C_1_seed2,V0_C_1,2,/Users/au728490/ceddar_runs/models_and_samples/evaluation/V0_C_1__seed2__HR_prcp_DANRA__SIZE_128x128__LR_prcp_cape_ERA5__LOSS_sdfweighted__HEADS_4__TIMESTEPS_56/summary/evaluation_summary.json,probabilistic.pit_ks_D,PIT KS statistic,,zero,,,0.0,0.09976133333333333,0.054485,0.09976133333333333,0.04527633333333333,-0.023254666666666673,0.02519733333333332,Probabilistic,favourable
V0_I_0__HR_prcp_DANRA__SIZE_128x128__LR_prcp_ewvf_nwvf_ERA5__LOSS_sdfweighted__HEADS_4__TIMESTEPS_56,V0_I_0,V0_I_0,1,/Users/au728490/ceddar_runs/models_and_samples/evaluation/V0_I_0__HR_prcp_DANRA__SIZE_128x128__LR_prcp_ewvf_nwvf_ERA5__LOSS_sdfweighted__HEADS_4__TIMESTEPS_56/summary/evaluation_summary.json,probabilistic.pit_ks_D,PIT KS statistic,,zero,,,0.0,0.09976133333333333,0.054691,0.09976133333333333,0.04507033333333333,-0.023254666666666673,0.02519733333333332,Probabilistic,favourable
V0_I_0__seed2__HR_prcp_DANRA__SIZE_128x128__LR_prcp_ewvf_nwvf_ERA5__LOSS_sdfweighted__HEADS_4__TIMESTEPS_56,V0_I_0_seed2,V0_I_0,2,/Users/au728490/ceddar_runs/models_and_samples/evaluation/V0_I_0__seed2__HR_prcp_DANRA__SIZE_128x128__LR_prcp_ewvf_nwvf_ERA5__LOSS_sdfweighted__HEADS_4__TIMESTEPS_56/summary/evaluation_summary.json,probabilistic.pit_ks_D,PIT KS statistic,,zero,,,0.0,0.09976133333333333,0.091331,0.09976133333333333,0.008430333333333331,-0.023254666666666673,0.02519733333333332,Probabilistic,inside_v0_range
V0_I_1__HR_prcp_DANRA__SIZE_128x128__LR_prcp_ewvf_nwvf_ERA5__LOSS_sdfweighted__HEADS_4__TIMESTEPS_56,V0_I_1,V0_I_1,1,/Users/au728490/ceddar_runs/models_and_samples/evaluation/V0_I_1__HR_prcp_DANRA__SIZE_128x128__LR_prcp_ewvf_nwvf_ERA5__LOSS_sdfweighted__HEADS_4__TIMESTEPS_56/summary/evaluation_summary.json,probabilistic.pit_ks_D,PIT KS statistic,,zero,,,0.0,0.09976133333333333,0.117871,0.09976133333333333,-0.018109666666666677,-0.023254666666666673,0.02519733333333332,Probabilistic,inside_v0_range
V0_I_1__seed2__HR_prcp_DANRA__SIZE_128x128__LR_prcp_ewvf_nwvf_ERA5__LOSS_sdfweighted__HEADS_4__TIMESTEPS_56,V0_I_1_seed2,V0_I_1,2,/Users/au728490/ceddar_runs/models_and_samples/evaluation/V0_I_1__seed2__HR_prcp_DANRA__SIZE_128x128__LR_prcp_ewvf_nwvf_ERA5__LOSS_sdfweighted__HEADS_4__TIMESTEPS_56/summary/evaluation_summary.json,probabilistic.pit_ks_D,PIT KS statistic,,zero,,,0.0,0.09976133333333333,0.083024,0.09976133333333333,0.016737333333333326,-0.023254666666666673,0.02519733333333332,Probabilistic,inside_v0_range
V0_M_0__HR_prcp_DANRA__SIZE_128x128__LR_prcp_msl_ERA5__LOSS_sdfweighted__HEADS_4__TIMESTEPS_56,V0_M_0,V0_M_0,1,/Users/au728490/ceddar_runs/models_and_samples/evaluation/V0_M_0__HR_prcp_DANRA__SIZE_128x128__LR_prcp_msl_ERA5__LOSS_sdfweighted__HEADS_4__TIMESTEPS_56/summary/evaluation_summary.json,probabilistic.pit_ks_D,PIT KS statistic,,zero,,,0.0,0.09976133333333333,0.085071,0.09976133333333333,0.014690333333333333,-0.023254666666666673,0.02519733333333332,Probabilistic,inside_v0_range
V0_M_0__seed2__HR_prcp_DANRA__SIZE_128x128__LR_prcp_msl_ERA5__LOSS_sdfweighted__HEADS_4__TIMESTEPS_56,V0_M_0_seed2,V0_M_0,2,/Users/au728490/ceddar_runs/models_and_samples/evaluation/V0_M_0__seed2__HR_prcp_DANRA__SIZE_128x128__LR_prcp_msl_ERA5__LOSS_sdfweighted__HEADS_4__TIMESTEPS_56/summary/evaluation_summary.json,probabilistic.pit_ks_D,PIT KS statistic,,zero,,,0.0,0.09976133333333333,0.0638,0.09976133333333333,0.03596133333333333,-0.023254666666666673,0.02519733333333332,Probabilistic,favourable
V0_M_1__HR_prcp_DANRA__SIZE_128x128__LR_prcp_msl_ERA5__LOSS_sdfweighted__HEADS_4__TIMESTEPS_56,V0_M_1,V0_M_1,1,/Users/au728490/ceddar_runs/models_and_samples/evaluation/V0_M_1__HR_prcp_DANRA__SIZE_128x128__LR_prcp_msl_ERA5__LOSS_sdfweighted__HEADS_4__TIMESTEPS_56/summary/evaluation_summary.json,probabilistic.pit_ks_D,PIT KS statistic,,zero,,,0.0,0.09976133333333333,0.086596,0.09976133333333333,0.01316533333333332,-0.023254666666666673,0.02519733333333332,Probabilistic,inside_v0_range
V0_M_1__seed2__HR_prcp_DANRA__SIZE_128x128__LR_prcp_msl_ERA5__LOSS_sdfweighted__HEADS_4__TIMESTEPS_56,V0_M_1_seed2,V0_M_1,2,/Users/au728490/ceddar_runs/models_and_samples/evaluation/V0_M_1__seed2__HR_prcp_DANRA__SIZE_128x128__LR_prcp_msl_ERA5__LOSS_sdfweighted__HEADS_4__TIMESTEPS_56/summary/evaluation_summary.json,probabilistic.pit_ks_D,PIT KS statistic,,zero,,,0.0,0.09976133333333333,0.064142,0.09976133333333333,0.03561933333333332,-0.023254666666666673,0.02519733333333332,Probabilistic,favourable
V0_T_0__HR_prcp_DANRA__SIZE_128x128__LR_prcp_thetae_pl_850_ERA5__LOSS_sdfweighted__HEADS_4__TIMESTEPS_56,V0_T_0,V0_T_0,1,/Users/au728490/ceddar_runs/models_and_samples/evaluation/V0_T_0__HR_prcp_DANRA__SIZE_128x128__LR_prcp_thetae_pl_850_ERA5__LOSS_sdfweighted__HEADS_4__TIMESTEPS_56/summary/evaluation_summary.json,probabilistic.pit_ks_D,PIT KS statistic,,zero,,,0.0,0.09976133333333333,0.066666,0.09976133333333333,0.033095333333333324,-0.023254666666666673,0.02519733333333332,Probabilistic,favourable
V0_T_0__seed2__HR_prcp_DANRA__SIZE_128x128__LR_prcp_thetae_pl_850_ERA5__LOSS_sdfweighted__HEADS_4__TIMESTEPS_56,V0_T_0_seed2,V0_T_0,2,/Users/au728490/ceddar_runs/models_and_samples/evaluation/V0_T_0__seed2__HR_prcp_DANRA__SIZE_128x128__LR_prcp_thetae_pl_850_ERA5__LOSS_sdfweighted__HEADS_4__TIMESTEPS_56/summary/evaluation_summary.json,probabilistic.pit_ks_D,PIT KS statistic,,zero,,,0.0,0.09976133333333333,0.049498,0.09976133333333333,0.05026333333333333,-0.023254666666666673,0.02519733333333332,Probabilistic,favourable
V0_T_1__HR_prcp_DANRA__SIZE_128x128__LR_prcp_thetae_pl_850_ERA5__LOSS_sdfweighted__HEADS_4__TIMESTEPS_56,V0_T_1,V0_T_1,1,/Users/au728490/ceddar_runs/models_and_samples/evaluation/V0_T_1__HR_prcp_DANRA__SIZE_128x128__LR_prcp_thetae_pl_850_ERA5__LOSS_sdfweighted__HEADS_4__TIMESTEPS_56/summary/evaluation_summary.json,probabilistic.pit_ks_D,PIT KS statistic,,zero,,,0.0,0.09976133333333333,0.062274,0.09976133333333333,0.037487333333333324,-0.023254666666666673,0.02519733333333332,Probabilistic,favourable
V0_T_1__seed2__HR_prcp_DANRA__SIZE_128x128__LR_prcp_thetae_pl_850_ERA5__LOSS_sdfweighted__HEADS_4__TIMESTEPS_56,V0_T_1_seed2,V0_T_1,2,/Users/au728490/ceddar_runs/models_and_samples/evaluation/V0_T_1__seed2__HR_prcp_DANRA__SIZE_128x128__LR_prcp_thetae_pl_850_ERA5__LOSS_sdfweighted__HEADS_4__TIMESTEPS_56/summary/evaluation_summary.json,probabilistic.pit_ks_D,PIT KS statistic,,zero,,,0.0,0.09976133333333333,0.075406,0.09976133333333333,0.024355333333333326,-0.023254666666666673,0.02519733333333332,Probabilistic,inside_v0_range
V0_Z_0__HR_prcp_DANRA__SIZE_128x128__LR_prcp_z_pl_500_ERA5__LOSS_sdfweighted__HEADS_4__TIMESTEPS_56,V0_Z_0,V0_Z_0,1,/Users/au728490/ceddar_runs/models_and_samples/evaluation/V0_Z_0__HR_prcp_DANRA__SIZE_128x128__LR_prcp_z_pl_500_ERA5__LOSS_sdfweighted__HEADS_4__TIMESTEPS_56/summary/evaluation_summary.json,probabilistic.pit_ks_D,PIT KS statistic,,zero,,,0.0,0.09976133333333333,0.05518,0.09976133333333333,0.04458133333333333,-0.023254666666666673,0.02519733333333332,Probabilistic,favourable
V0_Z_0__seed2__HR_prcp_DANRA__SIZE_128x128__LR_prcp_z_pl_500_ERA5__LOSS_sdfweighted__HEADS_4__TIMESTEPS_56,V0_Z_0_seed2,V0_Z_0,2,/Users/au728490/ceddar_runs/models_and_samples/evaluation/V0_Z_0__seed2__HR_prcp_DANRA__SIZE_128x128__LR_prcp_z_pl_500_ERA5__LOSS_sdfweighted__HEADS_4__TIMESTEPS_56/summary/evaluation_summary.json,probabilistic.pit_ks_D,PIT KS statistic,,zero,,,0.0,0.09976133333333333,0.088802,0.09976133333333333,0.010959333333333321,-0.023254666666666673,0.02519733333333332,Probabilistic,inside_v0_range
V0_Z_1__HR_prcp_DANRA__SIZE_128x128__LR_prcp_z_pl_500_ERA5__LOSS_sdfweighted__HEADS_4__TIMESTEPS_56,V0_Z_1,V0_Z_1,1,/Users/au728490/ceddar_runs/models_and_samples/evaluation/V0_Z_1__HR_prcp_DANRA__SIZE_128x128__LR_prcp_z_pl_500_ERA5__LOSS_sdfweighted__HEADS_4__TIMESTEPS_56/summary/evaluation_summary.json,probabilistic.pit_ks_D,PIT KS statistic,,zero,,,0.0,0.09976133333333333,0.092305,0.09976133333333333,0.007456333333333329,-0.023254666666666673,0.02519733333333332,Probabilistic,inside_v0_range
V0_Z_1__seed2__HR_prcp_DANRA__SIZE_128x128__LR_prcp_z_pl_500_ERA5__LOSS_sdfweighted__HEADS_4__TIMESTEPS_56,V0_Z_1_seed2,V0_Z_1,2,/Users/au728490/ceddar_runs/models_and_samples/evaluation/V0_Z_1__seed2__HR_prcp_DANRA__SIZE_128x128__LR_prcp_z_pl_500_ERA5__LOSS_sdfweighted__HEADS_4__TIMESTEPS_56/summary/evaluation_summary.json,probabilistic.pit_ks_D,PIT KS statistic,,zero,,,0.0,0.09976133333333333,0.048701,0.09976133333333333,0.051060333333333326,-0.023254666666666673,0.02519733333333332,Probabilistic,favourable
D_IP_1__HR_prcp_DANRA__SIZE_128x128__LR_prcp_ewvf_nwvf_ERA5__LOSS_sdfweighted__HEADS_4__TIMESTEPS_56,D_IP_1,D_IP_1,1,/Users/au728490/ceddar_runs/models_and_samples/evaluation/D_IP_1__HR_prcp_DANRA__SIZE_128x128__LR_prcp_ewvf_nwvf_ERA5__LOSS_sdfweighted__HEADS_4__TIMESTEPS_56/summary/evaluation_summary.json,probabilistic.pit_ks_D,PIT KS statistic,,zero,,,0.0,0.09976133333333333,0.064994,0.09976133333333333,0.03476733333333333,-0.023254666666666673,0.02519733333333332,Probabilistic,favourable
D_IP_1__seed2__HR_prcp_DANRA__SIZE_128x128__LR_prcp_ewvf_nwvf_ERA5__LOSS_sdfweighted__HEADS_4__TIMESTEPS_56,D_IP_1_seed2,D_IP_1,2,/Users/au728490/ceddar_runs/models_and_samples/evaluation/D_IP_1__seed2__HR_prcp_DANRA__SIZE_128x128__LR_prcp_ewvf_nwvf_ERA5__LOSS_sdfweighted__HEADS_4__TIMESTEPS_56/summary/evaluation_summary.json,probabilistic.pit_ks_D,PIT KS statistic,,zero,,,0.0,0.09976133333333333,0.059906,0.09976133333333333,0.039855333333333326,-0.023254666666666673,0.02519733333333332,Probabilistic,favourable
D_MZP_1__HR_prcp_DANRA__SIZE_128x128__LR_prcp_msl_z_pl_500_ERA5__LOSS_sdfweighted__HEADS_4__TIMESTEPS_56,D_MZP_1,D_MZP_1,1,/Users/au728490/ceddar_runs/models_and_samples/evaluation/D_MZP_1__HR_prcp_DANRA__SIZE_128x128__LR_prcp_msl_z_pl_500_ERA5__LOSS_sdfweighted__HEADS_4__TIMESTEPS_56/summary/evaluation_summary.json,probabilistic.pit_ks_D,PIT KS statistic,,zero,,,0.0,0.09976133333333333,0.107091,0.09976133333333333,-0.007329666666666679,-0.023254666666666673,0.02519733333333332,Probabilistic,inside_v0_range
D_MZP_1__seed2__HR_prcp_DANRA__SIZE_128x128__LR_prcp_msl_z_pl_500_ERA5__LOSS_sdfweighted__HEADS_4__TIMESTEPS_56,D_MZP_1_seed2,D_MZP_1,2,/Users/au728490/ceddar_runs/models_and_samples/evaluation/D_MZP_1__seed2__HR_prcp_DANRA__SIZE_128x128__LR_prcp_msl_z_pl_500_ERA5__LOSS_sdfweighted__HEADS_4__TIMESTEPS_56/summary/evaluation_summary.json,probabilistic.pit_ks_D,PIT KS statistic,,zero,,,0.0,0.09976133333333333,0.042842,0.09976133333333333,0.05691933333333333,-0.023254666666666673,0.02519733333333332,Probabilistic,favourable
D_MTP_0__HR_prcp_DANRA__SIZE_128x128__LR_prcp_msl_thetae_pl_850_ERA5__LOSS_sdfweighted__HEADS_4__TIMESTEPS_56,D_MTP_0,D_MTP_0,1,/Users/au728490/ceddar_runs/models_and_samples/evaluation/D_MTP_0__HR_prcp_DANRA__SIZE_128x128__LR_prcp_msl_thetae_pl_850_ERA5__LOSS_sdfweighted__HEADS_4__TIMESTEPS_56/summary/evaluation_summary.json,probabilistic.pit_ks_D,PIT KS statistic,,zero,,,0.0,0.09976133333333333,0.087343,0.09976133333333333,0.012418333333333323,-0.023254666666666673,0.02519733333333332,Probabilistic,inside_v0_range
D_MTP_0__seed2__HR_prcp_DANRA__SIZE_128x128__LR_prcp_msl_thetae_pl_850_ERA5__LOSS_sdfweighted__HEADS_4__TIMESTEPS_56,D_MTP_0_seed2,D_MTP_0,2,/Users/au728490/ceddar_runs/models_and_samples/evaluation/D_MTP_0__seed2__HR_prcp_DANRA__SIZE_128x128__LR_prcp_msl_thetae_pl_850_ERA5__LOSS_sdfweighted__HEADS_4__TIMESTEPS_56/summary/evaluation_summary.json,probabilistic.pit_ks_D,PIT KS statistic,,zero,,,0.0,0.09976133333333333,0.060239,0.09976133333333333,0.039522333333333326,-0.023254666666666673,0.02519733333333332,Probabilistic,favourable
D_MTP_1__HR_prcp_DANRA__SIZE_128x128__LR_prcp_msl_thetae_pl_850_ERA5__LOSS_sdfweighted__HEADS_4__TIMESTEPS_56,D_MTP_1,D_MTP_1,1,/Users/au728490/ceddar_runs/models_and_samples/evaluation/D_MTP_1__HR_prcp_DANRA__SIZE_128x128__LR_prcp_msl_thetae_pl_850_ERA5__LOSS_sdfweighted__HEADS_4__TIMESTEPS_56/summary/evaluation_summary.json,probabilistic.pit_ks_D,PIT KS statistic,,zero,,,0.0,0.09976133333333333,0.054566,0.09976133333333333,0.045195333333333323,-0.023254666666666673,0.02519733333333332,Probabilistic,favourable
D_MTP_1__seed2__HR_prcp_DANRA__SIZE_128x128__LR_prcp_msl_thetae_pl_850_ERA5__LOSS_sdfweighted__HEADS_4__TIMESTEPS_56,D_MTP_1_seed2,D_MTP_1,2,/Users/au728490/ceddar_runs/models_and_samples/evaluation/D_MTP_1__seed2__HR_prcp_DANRA__SIZE_128x128__LR_prcp_msl_thetae_pl_850_ERA5__LOSS_sdfweighted__HEADS_4__TIMESTEPS_56/summary/evaluation_summary.json,probabilistic.pit_ks_D,PIT KS statistic,,zero,,,0.0,0.09976133333333333,0.083531,0.09976133333333333,0.016230333333333333,-0.023254666666666673,0.02519733333333332,Probabilistic,inside_v0_range
D_MTCP_1__HR_prcp_DANRA__SIZE_128x128__LR_prcp_msl_thetae_pl_850_cape_ERA5__LOSS_sdfweighted__HEADS_4__TIMESTEPS_56,D_MTCP_1,D_MTCP_1,1,/Users/au728490/ceddar_runs/models_and_samples/evaluation/D_MTCP_1__HR_prcp_DANRA__SIZE_128x128__LR_prcp_msl_thetae_pl_850_cape_ERA5__LOSS_sdfweighted__HEADS_4__TIMESTEPS_56/summary/evaluation_summary.json,probabilistic.pit_ks_D,PIT KS statistic,,zero,,,0.0,0.09976133333333333,0.046127,0.09976133333333333,0.053634333333333326,-0.023254666666666673,0.02519733333333332,Probabilistic,favourable
D_MTCP_1__seed2__HR_prcp_DANRA__SIZE_128x128__LR_prcp_msl_thetae_pl_850_cape_ERA5__LOSS_sdfweighted__HEADS_4__TIMESTEPS_56,D_MTCP_1_seed2,D_MTCP_1,2,/Users/au728490/ceddar_runs/models_and_samples/evaluation/D_MTCP_1__seed2__HR_prcp_DANRA__SIZE_128x128__LR_prcp_msl_thetae_pl_850_cape_ERA5__LOSS_sdfweighted__HEADS_4__TIMESTEPS_56/summary/evaluation_summary.json,probabilistic.pit_ks_D,PIT KS statistic,,zero,,,0.0,0.09976133333333333,0.080575,0.09976133333333333,0.019186333333333333,-0.023254666666666673,0.02519733333333332,Probabilistic,inside_v0_range
D_MZIP_1__HR_prcp_DANRA__SIZE_128x128__LR_prcp_msl_z_pl_500_ewvf_nwvf_ERA5__LOSS_sdfweighted__HEADS_4__TIMESTEPS_56,D_MZIP_1,D_MZIP_1,1,/Users/au728490/ceddar_runs/models_and_samples/evaluation/D_MZIP_1__HR_prcp_DANRA__SIZE_128x128__LR_prcp_msl_z_pl_500_ewvf_nwvf_ERA5__LOSS_sdfweighted__HEADS_4__TIMESTEPS_56/summary/evaluation_summary.json,probabilistic.pit_ks_D,PIT KS statistic,,zero,,,0.0,0.09976133333333333,0.050337,0.09976133333333333,0.04942433333333333,-0.023254666666666673,0.02519733333333332,Probabilistic,favourable
D_MZIP_1__seed2__HR_prcp_DANRA__SIZE_128x128__LR_prcp_msl_z_pl_500_ewvf_nwvf_ERA5__LOSS_sdfweighted__HEADS_4__TIMESTEPS_56,D_MZIP_1_seed2,D_MZIP_1,2,/Users/au728490/ceddar_runs/models_and_samples/evaluation/D_MZIP_1__seed2__HR_prcp_DANRA__SIZE_128x128__LR_prcp_msl_z_pl_500_ewvf_nwvf_ERA5__LOSS_sdfweighted__HEADS_4__TIMESTEPS_56/summary/evaluation_summary.json,probabilistic.pit_ks_D,PIT KS statistic,,zero,,,0.0,0.09976133333333333,0.043118,0.09976133333333333,0.05664333333333333,-0.023254666666666673,0.02519733333333332,Probabilistic,favourable
D_MT_1__HR_prcp_DANRA__SIZE_128x128__LR_msl_thetae_pl_850_ERA5__LOSS_sdfweighted__HEADS_4__TIMESTEPS_56,D_MT_1,D_MT_1,1,/Users/au728490/ceddar_runs/models_and_samples/evaluation/D_MT_1__HR_prcp_DANRA__SIZE_128x128__LR_msl_thetae_pl_850_ERA5__LOSS_sdfweighted__HEADS_4__TIMESTEPS_56/summary/evaluation_summary.json,probabilistic.pit_ks_D,PIT KS statistic,,zero,,,0.0,0.09976133333333333,0.171619,0.09976133333333333,-0.07185766666666667,-0.023254666666666673,0.02519733333333332,Probabilistic,unfavourable
D_MT_1__seed2__HR_prcp_DANRA__SIZE_128x128__LR_msl_thetae_pl_850_ERA5__LOSS_sdfweighted__HEADS_4__TIMESTEPS_56,D_MT_1_seed2,D_MT_1,2,/Users/au728490/ceddar_runs/models_and_samples/evaluation/D_MT_1__seed2__HR_prcp_DANRA__SIZE_128x128__LR_msl_thetae_pl_850_ERA5__LOSS_sdfweighted__HEADS_4__TIMESTEPS_56/summary/evaluation_summary.json,probabilistic.pit_ks_D,PIT KS statistic,,zero,,,0.0,0.09976133333333333,0.20284,0.09976133333333333,-0.10307866666666667,-0.023254666666666673,0.02519733333333332,Probabilistic,unfavourable
D_MTC_1__HR_prcp_DANRA__SIZE_128x128__LR_msl_thetae_pl_850_cape_ERA5__LOSS_sdfweighted__HEADS_4__TIMESTEPS_56,D_MTC_1,D_MTC_1,1,/Users/au728490/ceddar_runs/models_and_samples/evaluation/D_MTC_1__HR_prcp_DANRA__SIZE_128x128__LR_msl_thetae_pl_850_cape_ERA5__LOSS_sdfweighted__HEADS_4__TIMESTEPS_56/summary/evaluation_summary.json,probabilistic.pit_ks_D,PIT KS statistic,,zero,,,0.0,0.09976133333333333,0.126398,0.09976133333333333,-0.026636666666666683,-0.023254666666666673,0.02519733333333332,Probabilistic,unfavourable
D_MTC_1__seed2__HR_prcp_DANRA__SIZE_128x128__LR_msl_thetae_pl_850_cape_ERA5__LOSS_sdfweighted__HEADS_4__TIMESTEPS_56,D_MTC_1_seed2,D_MTC_1,2,/Users/au728490/ceddar_runs/models_and_samples/evaluation/D_MTC_1__seed2__HR_prcp_DANRA__SIZE_128x128__LR_msl_thetae_pl_850_cape_ERA5__LOSS_sdfweighted__HEADS_4__TIMESTEPS_56/summary/evaluation_summary.json,probabilistic.pit_ks_D,PIT KS statistic,,zero,,,0.0,0.09976133333333333,0.052066,0.09976133333333333,0.047695333333333326,-0.023254666666666673,0.02519733333333332,Probabilistic,favourable
C_10__HR_prcp_DANRA__SIZE_128x128__LR_prcp_ERA5__LOSS_sdfweighted__HEADS_4__TIMESTEPS_56,C_10,C_10,1,/Users/au728490/ceddar_runs/models_and_samples/evaluation/C_10__HR_prcp_DANRA__SIZE_128x128__LR_prcp_ERA5__LOSS_sdfweighted__HEADS_4__TIMESTEPS_56/summary/evaluation_summary.json,probabilistic.spatial_crps_land_mean,Land-only spatial CRPS,mm day$^{-1}$,zero,,,0.0,0.941485,0.888113,0.941485,0.053371999999999975,-0.043193999999999955,0.05641099999999999,Probabilistic,inside_v0_range
C_10__seed2__HR_prcp_DANRA__SIZE_128x128__LR_prcp_ERA5__LOSS_sdfweighted__HEADS_4__TIMESTEPS_56,C_10_seed2,C_10,2,/Users/au728490/ceddar_runs/models_and_samples/evaluation/C_10__seed2__HR_prcp_DANRA__SIZE_128x128__LR_prcp_ERA5__LOSS_sdfweighted__HEADS_4__TIMESTEPS_56/summary/evaluation_summary.json,probabilistic.spatial_crps_land_mean,Land-only spatial CRPS,mm day$^{-1}$,zero,,,0.0,0.941485,0.917511,0.941485,0.02397400000000005,-0.043193999999999955,0.05641099999999999,Probabilistic,inside_v0_range
V0_C_0__HR_prcp_DANRA__SIZE_128x128__LR_prcp_cape_ERA5__LOSS_sdfweighted__HEADS_4__TIMESTEPS_56,V0_C_0,V0_C_0,1,/Users/au728490/ceddar_runs/models_and_samples/evaluation/V0_C_0__HR_prcp_DANRA__SIZE_128x128__LR_prcp_cape_ERA5__LOSS_sdfweighted__HEADS_4__TIMESTEPS_56/summary/evaluation_summary.json,probabilistic.spatial_crps_land_mean,Land-only spatial CRPS,mm day$^{-1}$,zero,,,0.0,0.941485,0.989702,0.941485,-0.048216999999999954,-0.043193999999999955,0.05641099999999999,Probabilistic,unfavourable
V0_C_0__seed2__HR_prcp_DANRA__SIZE_128x128__LR_prcp_cape_ERA5__LOSS_sdfweighted__HEADS_4__TIMESTEPS_56,V0_C_0_seed2,V0_C_0,2,/Users/au728490/ceddar_runs/models_and_samples/evaluation/V0_C_0__seed2__HR_prcp_DANRA__SIZE_128x128__LR_prcp_cape_ERA5__LOSS_sdfweighted__HEADS_4__TIMESTEPS_56/summary/evaluation_summary.json,probabilistic.spatial_crps_land_mean,Land-only spatial CRPS,mm day$^{-1}$,zero,,,0.0,0.941485,0.942301,0.941485,-0.0008160000000000389,-0.043193999999999955,0.05641099999999999,Probabilistic,inside_v0_range
V0_C_1__HR_prcp_DANRA__SIZE_128x128__LR_prcp_cape_ERA5__LOSS_sdfweighted__HEADS_4__TIMESTEPS_56,V0_C_1,V0_C_1,1,/Users/au728490/ceddar_runs/models_and_samples/evaluation/V0_C_1__HR_prcp_DANRA__SIZE_128x128__LR_prcp_cape_ERA5__LOSS_sdfweighted__HEADS_4__TIMESTEPS_56/summary/evaluation_summary.json,probabilistic.spatial_crps_land_mean,Land-only spatial CRPS,mm day$^{-1}$,zero,,,0.0,0.941485,0.885805,0.941485,0.05568000000000006,-0.043193999999999955,0.05641099999999999,Probabilistic,inside_v0_range
V0_C_1__seed2__HR_prcp_DANRA__SIZE_128x128__LR_prcp_cape_ERA5__LOSS_sdfweighted__HEADS_4__TIMESTEPS_56,V0_C_1_seed2,V0_C_1,2,/Users/au728490/ceddar_runs/models_and_samples/evaluation/V0_C_1__seed2__HR_prcp_DANRA__SIZE_128x128__LR_prcp_cape_ERA5__LOSS_sdfweighted__HEADS_4__TIMESTEPS_56/summary/evaluation_summary.json,probabilistic.spatial_crps_land_mean,Land-only spatial CRPS,mm day$^{-1}$,zero,,,0.0,0.941485,0.89813,0.941485,0.04335500000000003,-0.043193999999999955,0.05641099999999999,Probabilistic,inside_v0_range
V0_I_0__HR_prcp_DANRA__SIZE_128x128__LR_prcp_ewvf_nwvf_ERA5__LOSS_sdfweighted__HEADS_4__TIMESTEPS_56,V0_I_0,V0_I_0,1,/Users/au728490/ceddar_runs/models_and_samples/evaluation/V0_I_0__HR_prcp_DANRA__SIZE_128x128__LR_prcp_ewvf_nwvf_ERA5__LOSS_sdfweighted__HEADS_4__TIMESTEPS_56/summary/evaluation_summary.json,probabilistic.spatial_crps_land_mean,Land-only spatial CRPS,mm day$^{-1}$,zero,,,0.0,0.941485,0.891277,0.941485,0.05020800000000003,-0.043193999999999955,0.05641099999999999,Probabilistic,inside_v0_range
V0_I_0__seed2__HR_prcp_DANRA__SIZE_128x128__LR_prcp_ewvf_nwvf_ERA5__LOSS_sdfweighted__HEADS_4__TIMESTEPS_56,V0_I_0_seed2,V0_I_0,2,/Users/au728490/ceddar_runs/models_and_samples/evaluation/V0_I_0__seed2__HR_prcp_DANRA__SIZE_128x128__LR_prcp_ewvf_nwvf_ERA5__LOSS_sdfweighted__HEADS_4__TIMESTEPS_56/summary/evaluation_summary.json,probabilistic.spatial_crps_land_mean,Land-only spatial CRPS,mm day$^{-1}$,zero,,,0.0,0.941485,0.949425,0.941485,-0.007939999999999947,-0.043193999999999955,0.05641099999999999,Probabilistic,inside_v0_range
V0_I_1__HR_prcp_DANRA__SIZE_128x128__LR_prcp_ewvf_nwvf_ERA5__LOSS_sdfweighted__HEADS_4__TIMESTEPS_56,V0_I_1,V0_I_1,1,/Users/au728490/ceddar_runs/models_and_samples/evaluation/V0_I_1__HR_prcp_DANRA__SIZE_128x128__LR_prcp_ewvf_nwvf_ERA5__LOSS_sdfweighted__HEADS_4__TIMESTEPS_56/summary/evaluation_summary.json,probabilistic.spatial_crps_land_mean,Land-only spatial CRPS,mm day$^{-1}$,zero,,,0.0,0.941485,1.045367,0.941485,-0.10388199999999992,-0.043193999999999955,0.05641099999999999,Probabilistic,unfavourable
V0_I_1__seed2__HR_prcp_DANRA__SIZE_128x128__LR_prcp_ewvf_nwvf_ERA5__LOSS_sdfweighted__HEADS_4__TIMESTEPS_56,V0_I_1_seed2,V0_I_1,2,/Users/au728490/ceddar_runs/models_and_samples/evaluation/V0_I_1__seed2__HR_prcp_DANRA__SIZE_128x128__LR_prcp_ewvf_nwvf_ERA5__LOSS_sdfweighted__HEADS_4__TIMESTEPS_56/summary/evaluation_summary.json,probabilistic.spatial_crps_land_mean,Land-only spatial CRPS,mm day$^{-1}$,zero,,,0.0,0.941485,0.93017,0.941485,0.011314999999999964,-0.043193999999999955,0.05641099999999999,Probabilistic,inside_v0_range
V0_M_0__HR_prcp_DANRA__SIZE_128x128__LR_prcp_msl_ERA5__LOSS_sdfweighted__HEADS_4__TIMESTEPS_56,V0_M_0,V0_M_0,1,/Users/au728490/ceddar_runs/models_and_samples/evaluation/V0_M_0__HR_prcp_DANRA__SIZE_128x128__LR_prcp_msl_ERA5__LOSS_sdfweighted__HEADS_4__TIMESTEPS_56/summary/evaluation_summary.json,probabilistic.spatial_crps_land_mean,Land-only spatial CRPS,mm day$^{-1}$,zero,,,0.0,0.941485,0.946749,0.941485,-0.005263999999999935,-0.043193999999999955,0.05641099999999999,Probabilistic,inside_v0_range
V0_M_0__seed2__HR_prcp_DANRA__SIZE_128x128__LR_prcp_msl_ERA5__LOSS_sdfweighted__HEADS_4__TIMESTEPS_56,V0_M_0_seed2,V0_M_0,2,/Users/au728490/ceddar_runs/models_and_samples/evaluation/V0_M_0__seed2__HR_prcp_DANRA__SIZE_128x128__LR_prcp_msl_ERA5__LOSS_sdfweighted__HEADS_4__TIMESTEPS_56/summary/evaluation_summary.json,probabilistic.spatial_crps_land_mean,Land-only spatial CRPS,mm day$^{-1}$,zero,,,0.0,0.941485,0.877256,0.941485,0.06422899999999998,-0.043193999999999955,0.05641099999999999,Probabilistic,favourable
V0_M_1__HR_prcp_DANRA__SIZE_128x128__LR_prcp_msl_ERA5__LOSS_sdfweighted__HEADS_4__TIMESTEPS_56,V0_M_1,V0_M_1,1,/Users/au728490/ceddar_runs/models_and_samples/evaluation/V0_M_1__HR_prcp_DANRA__SIZE_128x128__LR_prcp_msl_ERA5__LOSS_sdfweighted__HEADS_4__TIMESTEPS_56/summary/evaluation_summary.json,probabilistic.spatial_crps_land_mean,Land-only spatial CRPS,mm day$^{-1}$,zero,,,0.0,0.941485,0.986981,0.941485,-0.04549599999999998,-0.043193999999999955,0.05641099999999999,Probabilistic,unfavourable
V0_M_1__seed2__HR_prcp_DANRA__SIZE_128x128__LR_prcp_msl_ERA5__LOSS_sdfweighted__HEADS_4__TIMESTEPS_56,V0_M_1_seed2,V0_M_1,2,/Users/au728490/ceddar_runs/models_and_samples/evaluation/V0_M_1__seed2__HR_prcp_DANRA__SIZE_128x128__LR_prcp_msl_ERA5__LOSS_sdfweighted__HEADS_4__TIMESTEPS_56/summary/evaluation_summary.json,probabilistic.spatial_crps_land_mean,Land-only spatial CRPS,mm day$^{-1}$,zero,,,0.0,0.941485,0.876611,0.941485,0.06487399999999999,-0.043193999999999955,0.05641099999999999,Probabilistic,favourable
V0_T_0__HR_prcp_DANRA__SIZE_128x128__LR_prcp_thetae_pl_850_ERA5__LOSS_sdfweighted__HEADS_4__TIMESTEPS_56,V0_T_0,V0_T_0,1,/Users/au728490/ceddar_runs/models_and_samples/evaluation/V0_T_0__HR_prcp_DANRA__SIZE_128x128__LR_prcp_thetae_pl_850_ERA5__LOSS_sdfweighted__HEADS_4__TIMESTEPS_56/summary/evaluation_summary.json,probabilistic.spatial_crps_land_mean,Land-only spatial CRPS,mm day$^{-1}$,zero,,,0.0,0.941485,0.960244,0.941485,-0.01875899999999997,-0.043193999999999955,0.05641099999999999,Probabilistic,inside_v0_range
V0_T_0__seed2__HR_prcp_DANRA__SIZE_128x128__LR_prcp_thetae_pl_850_ERA5__LOSS_sdfweighted__HEADS_4__TIMESTEPS_56,V0_T_0_seed2,V0_T_0,2,/Users/au728490/ceddar_runs/models_and_samples/evaluation/V0_T_0__seed2__HR_prcp_DANRA__SIZE_128x128__LR_prcp_thetae_pl_850_ERA5__LOSS_sdfweighted__HEADS_4__TIMESTEPS_56/summary/evaluation_summary.json,probabilistic.spatial_crps_land_mean,Land-only spatial CRPS,mm day$^{-1}$,zero,,,0.0,0.941485,0.89841,0.941485,0.043074999999999974,-0.043193999999999955,0.05641099999999999,Probabilistic,inside_v0_range
V0_T_1__HR_prcp_DANRA__SIZE_128x128__LR_prcp_thetae_pl_850_ERA5__LOSS_sdfweighted__HEADS_4__TIMESTEPS_56,V0_T_1,V0_T_1,1,/Users/au728490/ceddar_runs/models_and_samples/evaluation/V0_T_1__HR_prcp_DANRA__SIZE_128x128__LR_prcp_thetae_pl_850_ERA5__LOSS_sdfweighted__HEADS_4__TIMESTEPS_56/summary/evaluation_summary.json,probabilistic.spatial_crps_land_mean,Land-only spatial CRPS,mm day$^{-1}$,zero,,,0.0,0.941485,0.870516,0.941485,0.07096900000000006,-0.043193999999999955,0.05641099999999999,Probabilistic,favourable
V0_T_1__seed2__HR_prcp_DANRA__SIZE_128x128__LR_prcp_thetae_pl_850_ERA5__LOSS_sdfweighted__HEADS_4__TIMESTEPS_56,V0_T_1_seed2,V0_T_1,2,/Users/au728490/ceddar_runs/models_and_samples/evaluation/V0_T_1__seed2__HR_prcp_DANRA__SIZE_128x128__LR_prcp_thetae_pl_850_ERA5__LOSS_sdfweighted__HEADS_4__TIMESTEPS_56/summary/evaluation_summary.json,probabilistic.spatial_crps_land_mean,Land-only spatial CRPS,mm day$^{-1}$,zero,,,0.0,0.941485,0.93404,0.941485,0.007445000000000035,-0.043193999999999955,0.05641099999999999,Probabilistic,inside_v0_range
V0_Z_0__HR_prcp_DANRA__SIZE_128x128__LR_prcp_z_pl_500_ERA5__LOSS_sdfweighted__HEADS_4__TIMESTEPS_56,V0_Z_0,V0_Z_0,1,/Users/au728490/ceddar_runs/models_and_samples/evaluation/V0_Z_0__HR_prcp_DANRA__SIZE_128x128__LR_prcp_z_pl_500_ERA5__LOSS_sdfweighted__HEADS_4__TIMESTEPS_56/summary/evaluation_summary.json,probabilistic.spatial_crps_land_mean,Land-only spatial CRPS,mm day$^{-1}$,zero,,,0.0,0.941485,0.898814,0.941485,0.042671000000000014,-0.043193999999999955,0.05641099999999999,Probabilistic,inside_v0_range
V0_Z_0__seed2__HR_prcp_DANRA__SIZE_128x128__LR_prcp_z_pl_500_ERA5__LOSS_sdfweighted__HEADS_4__TIMESTEPS_56,V0_Z_0_seed2,V0_Z_0,2,/Users/au728490/ceddar_runs/models_and_samples/evaluation/V0_Z_0__seed2__HR_prcp_DANRA__SIZE_128x128__LR_prcp_z_pl_500_ERA5__LOSS_sdfweighted__HEADS_4__TIMESTEPS_56/summary/evaluation_summary.json,probabilistic.spatial_crps_land_mean,Land-only spatial CRPS,mm day$^{-1}$,zero,,,0.0,0.941485,0.912702,0.941485,0.028783000000000003,-0.043193999999999955,0.05641099999999999,Probabilistic,inside_v0_range
V0_Z_1__HR_prcp_DANRA__SIZE_128x128__LR_prcp_z_pl_500_ERA5__LOSS_sdfweighted__HEADS_4__TIMESTEPS_56,V0_Z_1,V0_Z_1,1,/Users/au728490/ceddar_runs/models_and_samples/evaluation/V0_Z_1__HR_prcp_DANRA__SIZE_128x128__LR_prcp_z_pl_500_ERA5__LOSS_sdfweighted__HEADS_4__TIMESTEPS_56/summary/evaluation_summary.json,probabilistic.spatial_crps_land_mean,Land-only spatial CRPS,mm day$^{-1}$,zero,,,0.0,0.941485,0.900433,0.941485,0.04105199999999998,-0.043193999999999955,0.05641099999999999,Probabilistic,inside_v0_range
V0_Z_1__seed2__HR_prcp_DANRA__SIZE_128x128__LR_prcp_z_pl_500_ERA5__LOSS_sdfweighted__HEADS_4__TIMESTEPS_56,V0_Z_1_seed2,V0_Z_1,2,/Users/au728490/ceddar_runs/models_and_samples/evaluation/V0_Z_1__seed2__HR_prcp_DANRA__SIZE_128x128__LR_prcp_z_pl_500_ERA5__LOSS_sdfweighted__HEADS_4__TIMESTEPS_56/summary/evaluation_summary.json,probabilistic.spatial_crps_land_mean,Land-only spatial CRPS,mm day$^{-1}$,zero,,,0.0,0.941485,0.899673,0.941485,0.04181200000000007,-0.043193999999999955,0.05641099999999999,Probabilistic,inside_v0_range
D_IP_1__HR_prcp_DANRA__SIZE_128x128__LR_prcp_ewvf_nwvf_ERA5__LOSS_sdfweighted__HEADS_4__TIMESTEPS_56,D_IP_1,D_IP_1,1,/Users/au728490/ceddar_runs/models_and_samples/evaluation/D_IP_1__HR_prcp_DANRA__SIZE_128x128__LR_prcp_ewvf_nwvf_ERA5__LOSS_sdfweighted__HEADS_4__TIMESTEPS_56/summary/evaluation_summary.json,probabilistic.spatial_crps_land_mean,Land-only spatial CRPS,mm day$^{-1}$,zero,,,0.0,0.941485,0.920705,0.941485,0.02078000000000002,-0.043193999999999955,0.05641099999999999,Probabilistic,inside_v0_range
D_IP_1__seed2__HR_prcp_DANRA__SIZE_128x128__LR_prcp_ewvf_nwvf_ERA5__LOSS_sdfweighted__HEADS_4__TIMESTEPS_56,D_IP_1_seed2,D_IP_1,2,/Users/au728490/ceddar_runs/models_and_samples/evaluation/D_IP_1__seed2__HR_prcp_DANRA__SIZE_128x128__LR_prcp_ewvf_nwvf_ERA5__LOSS_sdfweighted__HEADS_4__TIMESTEPS_56/summary/evaluation_summary.json,probabilistic.spatial_crps_land_mean,Land-only spatial CRPS,mm day$^{-1}$,zero,,,0.0,0.941485,0.894841,0.941485,0.04664400000000002,-0.043193999999999955,0.05641099999999999,Probabilistic,inside_v0_range
D_MZP_1__HR_prcp_DANRA__SIZE_128x128__LR_prcp_msl_z_pl_500_ERA5__LOSS_sdfweighted__HEADS_4__TIMESTEPS_56,D_MZP_1,D_MZP_1,1,/Users/au728490/ceddar_runs/models_and_samples/evaluation/D_MZP_1__HR_prcp_DANRA__SIZE_128x128__LR_prcp_msl_z_pl_500_ERA5__LOSS_sdfweighted__HEADS_4__TIMESTEPS_56/summary/evaluation_summary.json,probabilistic.spatial_crps_land_mean,Land-only spatial CRPS,mm day$^{-1}$,zero,,,0.0,0.941485,1.025877,0.941485,-0.08439199999999991,-0.043193999999999955,0.05641099999999999,Probabilistic,unfavourable
D_MZP_1__seed2__HR_prcp_DANRA__SIZE_128x128__LR_prcp_msl_z_pl_500_ERA5__LOSS_sdfweighted__HEADS_4__TIMESTEPS_56,D_MZP_1_seed2,D_MZP_1,2,/Users/au728490/ceddar_runs/models_and_samples/evaluation/D_MZP_1__seed2__HR_prcp_DANRA__SIZE_128x128__LR_prcp_msl_z_pl_500_ERA5__LOSS_sdfweighted__HEADS_4__TIMESTEPS_56/summary/evaluation_summary.json,probabilistic.spatial_crps_land_mean,Land-only spatial CRPS,mm day$^{-1}$,zero,,,0.0,0.941485,0.896224,0.941485,0.045260999999999996,-0.043193999999999955,0.05641099999999999,Probabilistic,inside_v0_range
D_MTP_0__HR_prcp_DANRA__SIZE_128x128__LR_prcp_msl_thetae_pl_850_ERA5__LOSS_sdfweighted__HEADS_4__TIMESTEPS_56,D_MTP_0,D_MTP_0,1,/Users/au728490/ceddar_runs/models_and_samples/evaluation/D_MTP_0__HR_prcp_DANRA__SIZE_128x128__LR_prcp_msl_thetae_pl_850_ERA5__LOSS_sdfweighted__HEADS_4__TIMESTEPS_56/summary/evaluation_summary.json,probabilistic.spatial_crps_land_mean,Land-only spatial CRPS,mm day$^{-1}$,zero,,,0.0,0.941485,0.964238,0.941485,-0.022753000000000023,-0.043193999999999955,0.05641099999999999,Probabilistic,inside_v0_range
D_MTP_0__seed2__HR_prcp_DANRA__SIZE_128x128__LR_prcp_msl_thetae_pl_850_ERA5__LOSS_sdfweighted__HEADS_4__TIMESTEPS_56,D_MTP_0_seed2,D_MTP_0,2,/Users/au728490/ceddar_runs/models_and_samples/evaluation/D_MTP_0__seed2__HR_prcp_DANRA__SIZE_128x128__LR_prcp_msl_thetae_pl_850_ERA5__LOSS_sdfweighted__HEADS_4__TIMESTEPS_56/summary/evaluation_summary.json,probabilistic.spatial_crps_land_mean,Land-only spatial CRPS,mm day$^{-1}$,zero,,,0.0,0.941485,0.903149,0.941485,0.03833600000000004,-0.043193999999999955,0.05641099999999999,Probabilistic,inside_v0_range
D_MTP_1__HR_prcp_DANRA__SIZE_128x128__LR_prcp_msl_thetae_pl_850_ERA5__LOSS_sdfweighted__HEADS_4__TIMESTEPS_56,D_MTP_1,D_MTP_1,1,/Users/au728490/ceddar_runs/models_and_samples/evaluation/D_MTP_1__HR_prcp_DANRA__SIZE_128x128__LR_prcp_msl_thetae_pl_850_ERA5__LOSS_sdfweighted__HEADS_4__TIMESTEPS_56/summary/evaluation_summary.json,probabilistic.spatial_crps_land_mean,Land-only spatial CRPS,mm day$^{-1}$,zero,,,0.0,0.941485,0.921863,0.941485,0.01962200000000003,-0.043193999999999955,0.05641099999999999,Probabilistic,inside_v0_range
D_MTP_1__seed2__HR_prcp_DANRA__SIZE_128x128__LR_prcp_msl_thetae_pl_850_ERA5__LOSS_sdfweighted__HEADS_4__TIMESTEPS_56,D_MTP_1_seed2,D_MTP_1,2,/Users/au728490/ceddar_runs/models_and_samples/evaluation/D_MTP_1__seed2__HR_prcp_DANRA__SIZE_128x128__LR_prcp_msl_thetae_pl_850_ERA5__LOSS_sdfweighted__HEADS_4__TIMESTEPS_56/summary/evaluation_summary.json,probabilistic.spatial_crps_land_mean,Land-only spatial CRPS,mm day$^{-1}$,zero,,,0.0,0.941485,0.906127,0.941485,0.035358,-0.043193999999999955,0.05641099999999999,Probabilistic,inside_v0_range
D_MTCP_1__HR_prcp_DANRA__SIZE_128x128__LR_prcp_msl_thetae_pl_850_cape_ERA5__LOSS_sdfweighted__HEADS_4__TIMESTEPS_56,D_MTCP_1,D_MTCP_1,1,/Users/au728490/ceddar_runs/models_and_samples/evaluation/D_MTCP_1__HR_prcp_DANRA__SIZE_128x128__LR_prcp_msl_thetae_pl_850_cape_ERA5__LOSS_sdfweighted__HEADS_4__TIMESTEPS_56/summary/evaluation_summary.json,probabilistic.spatial_crps_land_mean,Land-only spatial CRPS,mm day$^{-1}$,zero,,,0.0,0.941485,0.93955,0.941485,0.00193500000000002,-0.043193999999999955,0.05641099999999999,Probabilistic,inside_v0_range
D_MTCP_1__seed2__HR_prcp_DANRA__SIZE_128x128__LR_prcp_msl_thetae_pl_850_cape_ERA5__LOSS_sdfweighted__HEADS_4__TIMESTEPS_56,D_MTCP_1_seed2,D_MTCP_1,2,/Users/au728490/ceddar_runs/models_and_samples/evaluation/D_MTCP_1__seed2__HR_prcp_DANRA__SIZE_128x128__LR_prcp_msl_thetae_pl_850_cape_ERA5__LOSS_sdfweighted__HEADS_4__TIMESTEPS_56/summary/evaluation_summary.json,probabilistic.spatial_crps_land_mean,Land-only spatial CRPS,mm day$^{-1}$,zero,,,0.0,0.941485,0.951089,0.941485,-0.009603999999999946,-0.043193999999999955,0.05641099999999999,Probabilistic,inside_v0_range
D_MZIP_1__HR_prcp_DANRA__SIZE_128x128__LR_prcp_msl_z_pl_500_ewvf_nwvf_ERA5__LOSS_sdfweighted__HEADS_4__TIMESTEPS_56,D_MZIP_1,D_MZIP_1,1,/Users/au728490/ceddar_runs/models_and_samples/evaluation/D_MZIP_1__HR_prcp_DANRA__SIZE_128x128__LR_prcp_msl_z_pl_500_ewvf_nwvf_ERA5__LOSS_sdfweighted__HEADS_4__TIMESTEPS_56/summary/evaluation_summary.json,probabilistic.spatial_crps_land_mean,Land-only spatial CRPS,mm day$^{-1}$,zero,,,0.0,0.941485,0.889042,0.941485,0.05244300000000002,-0.043193999999999955,0.05641099999999999,Probabilistic,inside_v0_range
D_MZIP_1__seed2__HR_prcp_DANRA__SIZE_128x128__LR_prcp_msl_z_pl_500_ewvf_nwvf_ERA5__LOSS_sdfweighted__HEADS_4__TIMESTEPS_56,D_MZIP_1_seed2,D_MZIP_1,2,/Users/au728490/ceddar_runs/models_and_samples/evaluation/D_MZIP_1__seed2__HR_prcp_DANRA__SIZE_128x128__LR_prcp_msl_z_pl_500_ewvf_nwvf_ERA5__LOSS_sdfweighted__HEADS_4__TIMESTEPS_56/summary/evaluation_summary.json,probabilistic.spatial_crps_land_mean,Land-only spatial CRPS,mm day$^{-1}$,zero,,,0.0,0.941485,0.925265,0.941485,0.016220000000000012,-0.043193999999999955,0.05641099999999999,Probabilistic,inside_v0_range
D_MT_1__HR_prcp_DANRA__SIZE_128x128__LR_msl_thetae_pl_850_ERA5__LOSS_sdfweighted__HEADS_4__TIMESTEPS_56,D_MT_1,D_MT_1,1,/Users/au728490/ceddar_runs/models_and_samples/evaluation/D_MT_1__HR_prcp_DANRA__SIZE_128x128__LR_msl_thetae_pl_850_ERA5__LOSS_sdfweighted__HEADS_4__TIMESTEPS_56/summary/evaluation_summary.json,probabilistic.spatial_crps_land_mean,Land-only spatial CRPS,mm day$^{-1}$,zero,,,0.0,0.941485,1.770419,0.941485,-0.828934,-0.043193999999999955,0.05641099999999999,Probabilistic,unfavourable
D_MT_1__seed2__HR_prcp_DANRA__SIZE_128x128__LR_msl_thetae_pl_850_ERA5__LOSS_sdfweighted__HEADS_4__TIMESTEPS_56,D_MT_1_seed2,D_MT_1,2,/Users/au728490/ceddar_runs/models_and_samples/evaluation/D_MT_1__seed2__HR_prcp_DANRA__SIZE_128x128__LR_msl_thetae_pl_850_ERA5__LOSS_sdfweighted__HEADS_4__TIMESTEPS_56/summary/evaluation_summary.json,probabilistic.spatial_crps_land_mean,Land-only spatial CRPS,mm day$^{-1}$,zero,,,0.0,0.941485,1.825387,0.941485,-0.8839020000000001,-0.043193999999999955,0.05641099999999999,Probabilistic,unfavourable
D_MTC_1__HR_prcp_DANRA__SIZE_128x128__LR_msl_thetae_pl_850_cape_ERA5__LOSS_sdfweighted__HEADS_4__TIMESTEPS_56,D_MTC_1,D_MTC_1,1,/Users/au728490/ceddar_runs/models_and_samples/evaluation/D_MTC_1__HR_prcp_DANRA__SIZE_128x128__LR_msl_thetae_pl_850_cape_ERA5__LOSS_sdfweighted__HEADS_4__TIMESTEPS_56/summary/evaluation_summary.json,probabilistic.spatial_crps_land_mean,Land-only spatial CRPS,mm day$^{-1}$,zero,,,0.0,0.941485,1.682172,0.941485,-0.740687,-0.043193999999999955,0.05641099999999999,Probabilistic,unfavourable
D_MTC_1__seed2__HR_prcp_DANRA__SIZE_128x128__LR_msl_thetae_pl_850_cape_ERA5__LOSS_sdfweighted__HEADS_4__TIMESTEPS_56,D_MTC_1_seed2,D_MTC_1,2,/Users/au728490/ceddar_runs/models_and_samples/evaluation/D_MTC_1__seed2__HR_prcp_DANRA__SIZE_128x128__LR_msl_thetae_pl_850_cape_ERA5__LOSS_sdfweighted__HEADS_4__TIMESTEPS_56/summary/evaluation_summary.json,probabilistic.spatial_crps_land_mean,Land-only spatial CRPS,mm day$^{-1}$,zero,,,0.0,0.941485,1.562658,0.941485,-0.6211730000000001,-0.043193999999999955,0.05641099999999999,Probabilistic,unfavourable
C_10__HR_prcp_DANRA__SIZE_128x128__LR_prcp_ERA5__LOSS_sdfweighted__HEADS_4__TIMESTEPS_56,C_10,C_10,1,/Users/au728490/ceddar_runs/models_and_samples/evaluation/C_10__HR_prcp_DANRA__SIZE_128x128__LR_prcp_ERA5__LOSS_sdfweighted__HEADS_4__TIMESTEPS_56/summary/evaluation_summary.json,probabilistic.rankhist_max_abs_z,Rank-histogram max |z|,,zero,,,0.0,355.4821963333333,212.427741,355.4821963333333,143.05445533333332,-40.62893066666669,57.83559833333334,Probabilistic,favourable
C_10__seed2__HR_prcp_DANRA__SIZE_128x128__LR_prcp_ERA5__LOSS_sdfweighted__HEADS_4__TIMESTEPS_56,C_10_seed2,C_10,2,/Users/au728490/ceddar_runs/models_and_samples/evaluation/C_10__seed2__HR_prcp_DANRA__SIZE_128x128__LR_prcp_ERA5__LOSS_sdfweighted__HEADS_4__TIMESTEPS_56/summary/evaluation_summary.json,probabilistic.rankhist_max_abs_z,Rank-histogram max |z|,,zero,,,0.0,355.4821963333333,267.45472,355.4821963333333,88.02747633333331,-40.62893066666669,57.83559833333334,Probabilistic,favourable
V0_C_0__HR_prcp_DANRA__SIZE_128x128__LR_prcp_cape_ERA5__LOSS_sdfweighted__HEADS_4__TIMESTEPS_56,V0_C_0,V0_C_0,1,/Users/au728490/ceddar_runs/models_and_samples/evaluation/V0_C_0__HR_prcp_DANRA__SIZE_128x128__LR_prcp_cape_ERA5__LOSS_sdfweighted__HEADS_4__TIMESTEPS_56/summary/evaluation_summary.json,probabilistic.rankhist_max_abs_z,Rank-histogram max |z|,,zero,,,0.0,355.4821963333333,420.158769,355.4821963333333,-64.67657266666669,-40.62893066666669,57.83559833333334,Probabilistic,unfavourable
V0_C_0__seed2__HR_prcp_DANRA__SIZE_128x128__LR_prcp_cape_ERA5__LOSS_sdfweighted__HEADS_4__TIMESTEPS_56,V0_C_0_seed2,V0_C_0,2,/Users/au728490/ceddar_runs/models_and_samples/evaluation/V0_C_0__seed2__HR_prcp_DANRA__SIZE_128x128__LR_prcp_cape_ERA5__LOSS_sdfweighted__HEADS_4__TIMESTEPS_56/summary/evaluation_summary.json,probabilistic.rankhist_max_abs_z,Rank-histogram max |z|,,zero,,,0.0,355.4821963333333,149.11119,355.4821963333333,206.37100633333333,-40.62893066666669,57.83559833333334,Probabilistic,favourable
V0_C_1__HR_prcp_DANRA__SIZE_128x128__LR_prcp_cape_ERA5__LOSS_sdfweighted__HEADS_4__TIMESTEPS_56,V0_C_1,V0_C_1,1,/Users/au728490/ceddar_runs/models_and_samples/evaluation/V0_C_1__HR_prcp_DANRA__SIZE_128x128__LR_prcp_cape_ERA5__LOSS_sdfweighted__HEADS_4__TIMESTEPS_56/summary/evaluation_summary.json,probabilistic.rankhist_max_abs_z,Rank-histogram max |z|,,zero,,,0.0,355.4821963333333,243.34808,355.4821963333333,112.13411633333331,-40.62893066666669,57.83559833333334,Probabilistic,favourable
V0_C_1__seed2__HR_prcp_DANRA__SIZE_128x128__LR_prcp_cape_ERA5__LOSS_sdfweighted__HEADS_4__TIMESTEPS_56,V0_C_1_seed2,V0_C_1,2,/Users/au728490/ceddar_runs/models_and_samples/evaluation/V0_C_1__seed2__HR_prcp_DANRA__SIZE_128x128__LR_prcp_cape_ERA5__LOSS_sdfweighted__HEADS_4__TIMESTEPS_56/summary/evaluation_summary.json,probabilistic.rankhist_max_abs_z,Rank-histogram max |z|,,zero,,,0.0,355.4821963333333,147.922543,355.4821963333333,207.55965333333333,-40.62893066666669,57.83559833333334,Probabilistic,favourable
V0_I_0__HR_prcp_DANRA__SIZE_128x128__LR_prcp_ewvf_nwvf_ERA5__LOSS_sdfweighted__HEADS_4__TIMESTEPS_56,V0_I_0,V0_I_0,1,/Users/au728490/ceddar_runs/models_and_samples/evaluation/V0_I_0__HR_prcp_DANRA__SIZE_128x128__LR_prcp_ewvf_nwvf_ERA5__LOSS_sdfweighted__HEADS_4__TIMESTEPS_56/summary/evaluation_summary.json,probabilistic.rankhist_max_abs_z,Rank-histogram max |z|,,zero,,,0.0,355.4821963333333,304.4061,355.4821963333333,51.07609633333334,-40.62893066666669,57.83559833333334,Probabilistic,inside_v0_range
V0_I_0__seed2__HR_prcp_DANRA__SIZE_128x128__LR_prcp_ewvf_nwvf_ERA5__LOSS_sdfweighted__HEADS_4__TIMESTEPS_56,V0_I_0_seed2,V0_I_0,2,/Users/au728490/ceddar_runs/models_and_samples/evaluation/V0_I_0__seed2__HR_prcp_DANRA__SIZE_128x128__LR_prcp_ewvf_nwvf_ERA5__LOSS_sdfweighted__HEADS_4__TIMESTEPS_56/summary/evaluation_summary.json,probabilistic.rankhist_max_abs_z,Rank-histogram max |z|,,zero,,,0.0,355.4821963333333,370.315453,355.4821963333333,-14.83325666666667,-40.62893066666669,57.83559833333334,Probabilistic,inside_v0_range
V0_I_1__HR_prcp_DANRA__SIZE_128x128__LR_prcp_ewvf_nwvf_ERA5__LOSS_sdfweighted__HEADS_4__TIMESTEPS_56,V0_I_1,V0_I_1,1,/Users/au728490/ceddar_runs/models_and_samples/evaluation/V0_I_1__HR_prcp_DANRA__SIZE_128x128__LR_prcp_ewvf_nwvf_ERA5__LOSS_sdfweighted__HEADS_4__TIMESTEPS_56/summary/evaluation_summary.json,probabilistic.rankhist_max_abs_z,Rank-histogram max |z|,,zero,,,0.0,355.4821963333333,303.128369,355.4821963333333,52.3538273333333,-40.62893066666669,57.83559833333334,Probabilistic,inside_v0_range
V0_I_1__seed2__HR_prcp_DANRA__SIZE_128x128__LR_prcp_ewvf_nwvf_ERA5__LOSS_sdfweighted__HEADS_4__TIMESTEPS_56,V0_I_1_seed2,V0_I_1,2,/Users/au728490/ceddar_runs/models_and_samples/evaluation/V0_I_1__seed2__HR_prcp_DANRA__SIZE_128x128__LR_prcp_ewvf_nwvf_ERA5__LOSS_sdfweighted__HEADS_4__TIMESTEPS_56/summary/evaluation_summary.json,probabilistic.rankhist_max_abs_z,Rank-histogram max |z|,,zero,,,0.0,355.4821963333333,292.065374,355.4821963333333,63.4168223333333,-40.62893066666669,57.83559833333334,Probabilistic,favourable
V0_M_0__HR_prcp_DANRA__SIZE_128x128__LR_prcp_msl_ERA5__LOSS_sdfweighted__HEADS_4__TIMESTEPS_56,V0_M_0,V0_M_0,1,/Users/au728490/ceddar_runs/models_and_samples/evaluation/V0_M_0__HR_prcp_DANRA__SIZE_128x128__LR_prcp_msl_ERA5__LOSS_sdfweighted__HEADS_4__TIMESTEPS_56/summary/evaluation_summary.json,probabilistic.rankhist_max_abs_z,Rank-histogram max |z|,,zero,,,0.0,355.4821963333333,311.949434,355.4821963333333,43.532762333333324,-40.62893066666669,57.83559833333334,Probabilistic,inside_v0_range
V0_M_0__seed2__HR_prcp_DANRA__SIZE_128x128__LR_prcp_msl_ERA5__LOSS_sdfweighted__HEADS_4__TIMESTEPS_56,V0_M_0_seed2,V0_M_0,2,/Users/au728490/ceddar_runs/models_and_samples/evaluation/V0_M_0__seed2__HR_prcp_DANRA__SIZE_128x128__LR_prcp_msl_ERA5__LOSS_sdfweighted__HEADS_4__TIMESTEPS_56/summary/evaluation_summary.json,probabilistic.rankhist_max_abs_z,Rank-histogram max |z|,,zero,,,0.0,355.4821963333333,268.813363,355.4821963333333,86.66883333333334,-40.62893066666669,57.83559833333334,Probabilistic,favourable
V0_M_1__HR_prcp_DANRA__SIZE_128x128__LR_prcp_msl_ERA5__LOSS_sdfweighted__HEADS_4__TIMESTEPS_56,V0_M_1,V0_M_1,1,/Users/au728490/ceddar_runs/models_and_samples/evaluation/V0_M_1__HR_prcp_DANRA__SIZE_128x128__LR_prcp_msl_ERA5__LOSS_sdfweighted__HEADS_4__TIMESTEPS_56/summary/evaluation_summary.json,probabilistic.rankhist_max_abs_z,Rank-histogram max |z|,,zero,,,0.0,355.4821963333333,251.978665,355.4821963333333,103.50353133333331,-40.62893066666669,57.83559833333334,Probabilistic,favourable
V0_M_1__seed2__HR_prcp_DANRA__SIZE_128x128__LR_prcp_msl_ERA5__LOSS_sdfweighted__HEADS_4__TIMESTEPS_56,V0_M_1_seed2,V0_M_1,2,/Users/au728490/ceddar_runs/models_and_samples/evaluation/V0_M_1__seed2__HR_prcp_DANRA__SIZE_128x128__LR_prcp_msl_ERA5__LOSS_sdfweighted__HEADS_4__TIMESTEPS_56/summary/evaluation_summary.json,probabilistic.rankhist_max_abs_z,Rank-histogram max |z|,,zero,,,0.0,355.4821963333333,255.269076,355.4821963333333,100.21312033333331,-40.62893066666669,57.83559833333334,Probabilistic,favourable
V0_T_0__HR_prcp_DANRA__SIZE_128x128__LR_prcp_thetae_pl_850_ERA5__LOSS_sdfweighted__HEADS_4__TIMESTEPS_56,V0_T_0,V0_T_0,1,/Users/au728490/ceddar_runs/models_and_samples/evaluation/V0_T_0__HR_prcp_DANRA__SIZE_128x128__LR_prcp_thetae_pl_850_ERA5__LOSS_sdfweighted__HEADS_4__TIMESTEPS_56/summary/evaluation_summary.json,probabilistic.rankhist_max_abs_z,Rank-histogram max |z|,,zero,,,0.0,355.4821963333333,239.203039,355.4821963333333,116.27915733333333,-40.62893066666669,57.83559833333334,Probabilistic,favourable
V0_T_0__seed2__HR_prcp_DANRA__SIZE_128x128__LR_prcp_thetae_pl_850_ERA5__LOSS_sdfweighted__HEADS_4__TIMESTEPS_56,V0_T_0_seed2,V0_T_0,2,/Users/au728490/ceddar_runs/models_and_samples/evaluation/V0_T_0__seed2__HR_prcp_DANRA__SIZE_128x128__LR_prcp_thetae_pl_850_ERA5__LOSS_sdfweighted__HEADS_4__TIMESTEPS_56/summary/evaluation_summary.json,probabilistic.rankhist_max_abs_z,Rank-histogram max |z|,,zero,,,0.0,355.4821963333333,116.663642,355.4821963333333,238.81855433333334,-40.62893066666669,57.83559833333334,Probabilistic,favourable
V0_T_1__HR_prcp_DANRA__SIZE_128x128__LR_prcp_thetae_pl_850_ERA5__LOSS_sdfweighted__HEADS_4__TIMESTEPS_56,V0_T_1,V0_T_1,1,/Users/au728490/ceddar_runs/models_and_samples/evaluation/V0_T_1__HR_prcp_DANRA__SIZE_128x128__LR_prcp_thetae_pl_850_ERA5__LOSS_sdfweighted__HEADS_4__TIMESTEPS_56/summary/evaluation_summary.json,probabilistic.rankhist_max_abs_z,Rank-histogram max |z|,,zero,,,0.0,355.4821963333333,268.410235,355.4821963333333,87.07196133333332,-40.62893066666669,57.83559833333334,Probabilistic,favourable
V0_T_1__seed2__HR_prcp_DANRA__SIZE_128x128__LR_prcp_thetae_pl_850_ERA5__LOSS_sdfweighted__HEADS_4__TIMESTEPS_56,V0_T_1_seed2,V0_T_1,2,/Users/au728490/ceddar_runs/models_and_samples/evaluation/V0_T_1__seed2__HR_prcp_DANRA__SIZE_128x128__LR_prcp_thetae_pl_850_ERA5__LOSS_sdfweighted__HEADS_4__TIMESTEPS_56/summary/evaluation_summary.json,probabilistic.rankhist_max_abs_z,Rank-histogram max |z|,,zero,,,0.0,355.4821963333333,415.573771,355.4821963333333,-60.0915746666667,-40.62893066666669,57.83559833333334,Probabilistic,unfavourable
V0_Z_0__HR_prcp_DANRA__SIZE_128x128__LR_prcp_z_pl_500_ERA5__LOSS_sdfweighted__HEADS_4__TIMESTEPS_56,V0_Z_0,V0_Z_0,1,/Users/au728490/ceddar_runs/models_and_samples/evaluation/V0_Z_0__HR_prcp_DANRA__SIZE_128x128__LR_prcp_z_pl_500_ERA5__LOSS_sdfweighted__HEADS_4__TIMESTEPS_56/summary/evaluation_summary.json,probabilistic.rankhist_max_abs_z,Rank-histogram max |z|,,zero,,,0.0,355.4821963333333,106.95929,355.4821963333333,248.5229063333333,-40.62893066666669,57.83559833333334,Probabilistic,favourable
V0_Z_0__seed2__HR_prcp_DANRA__SIZE_128x128__LR_prcp_z_pl_500_ERA5__LOSS_sdfweighted__HEADS_4__TIMESTEPS_56,V0_Z_0_seed2,V0_Z_0,2,/Users/au728490/ceddar_runs/models_and_samples/evaluation/V0_Z_0__seed2__HR_prcp_DANRA__SIZE_128x128__LR_prcp_z_pl_500_ERA5__LOSS_sdfweighted__HEADS_4__TIMESTEPS_56/summary/evaluation_summary.json,probabilistic.rankhist_max_abs_z,Rank-histogram max |z|,,zero,,,0.0,355.4821963333333,414.119045,355.4821963333333,-58.63684866666671,-40.62893066666669,57.83559833333334,Probabilistic,unfavourable
V0_Z_1__HR_prcp_DANRA__SIZE_128x128__LR_prcp_z_pl_500_ERA5__LOSS_sdfweighted__HEADS_4__TIMESTEPS_56,V0_Z_1,V0_Z_1,1,/Users/au728490/ceddar_runs/models_and_samples/evaluation/V0_Z_1__HR_prcp_DANRA__SIZE_128x128__LR_prcp_z_pl_500_ERA5__LOSS_sdfweighted__HEADS_4__TIMESTEPS_56/summary/evaluation_summary.json,probabilistic.rankhist_max_abs_z,Rank-histogram max |z|,,zero,,,0.0,355.4821963333333,347.665223,355.4821963333333,7.816973333333294,-40.62893066666669,57.83559833333334,Probabilistic,inside_v0_range
V0_Z_1__seed2__HR_prcp_DANRA__SIZE_128x128__LR_prcp_z_pl_500_ERA5__LOSS_sdfweighted__HEADS_4__TIMESTEPS_56,V0_Z_1_seed2,V0_Z_1,2,/Users/au728490/ceddar_runs/models_and_samples/evaluation/V0_Z_1__seed2__HR_prcp_DANRA__SIZE_128x128__LR_prcp_z_pl_500_ERA5__LOSS_sdfweighted__HEADS_4__TIMESTEPS_56/summary/evaluation_summary.json,probabilistic.rankhist_max_abs_z,Rank-histogram max |z|,,zero,,,0.0,355.4821963333333,218.16236,355.4821963333333,137.3198363333333,-40.62893066666669,57.83559833333334,Probabilistic,favourable
D_IP_1__HR_prcp_DANRA__SIZE_128x128__LR_prcp_ewvf_nwvf_ERA5__LOSS_sdfweighted__HEADS_4__TIMESTEPS_56,D_IP_1,D_IP_1,1,/Users/au728490/ceddar_runs/models_and_samples/evaluation/D_IP_1__HR_prcp_DANRA__SIZE_128x128__LR_prcp_ewvf_nwvf_ERA5__LOSS_sdfweighted__HEADS_4__TIMESTEPS_56/summary/evaluation_summary.json,probabilistic.rankhist_max_abs_z,Rank-histogram max |z|,,zero,,,0.0,355.4821963333333,231.283547,355.4821963333333,124.19864933333332,-40.62893066666669,57.83559833333334,Probabilistic,favourable
D_IP_1__seed2__HR_prcp_DANRA__SIZE_128x128__LR_prcp_ewvf_nwvf_ERA5__LOSS_sdfweighted__HEADS_4__TIMESTEPS_56,D_IP_1_seed2,D_IP_1,2,/Users/au728490/ceddar_runs/models_and_samples/evaluation/D_IP_1__seed2__HR_prcp_DANRA__SIZE_128x128__LR_prcp_ewvf_nwvf_ERA5__LOSS_sdfweighted__HEADS_4__TIMESTEPS_56/summary/evaluation_summary.json,probabilistic.rankhist_max_abs_z,Rank-histogram max |z|,,zero,,,0.0,355.4821963333333,239.599169,355.4821963333333,115.88302733333333,-40.62893066666669,57.83559833333334,Probabilistic,favourable
D_MZP_1__HR_prcp_DANRA__SIZE_128x128__LR_prcp_msl_z_pl_500_ERA5__LOSS_sdfweighted__HEADS_4__TIMESTEPS_56,D_MZP_1,D_MZP_1,1,/Users/au728490/ceddar_runs/models_and_samples/evaluation/D_MZP_1__HR_prcp_DANRA__SIZE_128x128__LR_prcp_msl_z_pl_500_ERA5__LOSS_sdfweighted__HEADS_4__TIMESTEPS_56/summary/evaluation_summary.json,probabilistic.rankhist_max_abs_z,Rank-histogram max |z|,,zero,,,0.0,355.4821963333333,270.753304,355.4821963333333,84.7288923333333,-40.62893066666669,57.83559833333334,Probabilistic,favourable
D_MZP_1__seed2__HR_prcp_DANRA__SIZE_128x128__LR_prcp_msl_z_pl_500_ERA5__LOSS_sdfweighted__HEADS_4__TIMESTEPS_56,D_MZP_1_seed2,D_MZP_1,2,/Users/au728490/ceddar_runs/models_and_samples/evaluation/D_MZP_1__seed2__HR_prcp_DANRA__SIZE_128x128__LR_prcp_msl_z_pl_500_ERA5__LOSS_sdfweighted__HEADS_4__TIMESTEPS_56/summary/evaluation_summary.json,probabilistic.rankhist_max_abs_z,Rank-histogram max |z|,,zero,,,0.0,355.4821963333333,94.949209,355.4821963333333,260.5329873333333,-40.62893066666669,57.83559833333334,Probabilistic,favourable
D_MTP_0__HR_prcp_DANRA__SIZE_128x128__LR_prcp_msl_thetae_pl_850_ERA5__LOSS_sdfweighted__HEADS_4__TIMESTEPS_56,D_MTP_0,D_MTP_0,1,/Users/au728490/ceddar_runs/models_and_samples/evaluation/D_MTP_0__HR_prcp_DANRA__SIZE_128x128__LR_prcp_msl_thetae_pl_850_ERA5__LOSS_sdfweighted__HEADS_4__TIMESTEPS_56/summary/evaluation_summary.json,probabilistic.rankhist_max_abs_z,Rank-histogram max |z|,,zero,,,0.0,355.4821963333333,321.893149,355.4821963333333,33.589047333333326,-40.62893066666669,57.83559833333334,Probabilistic,inside_v0_range
D_MTP_0__seed2__HR_prcp_DANRA__SIZE_128x128__LR_prcp_msl_thetae_pl_850_ERA5__LOSS_sdfweighted__HEADS_4__TIMESTEPS_56,D_MTP_0_seed2,D_MTP_0,2,/Users/au728490/ceddar_runs/models_and_samples/evaluation/D_MTP_0__seed2__HR_prcp_DANRA__SIZE_128x128__LR_prcp_msl_thetae_pl_850_ERA5__LOSS_sdfweighted__HEADS_4__TIMESTEPS_56/summary/evaluation_summary.json,probabilistic.rankhist_max_abs_z,Rank-histogram max |z|,,zero,,,0.0,355.4821963333333,248.00219,355.4821963333333,107.48000633333331,-40.62893066666669,57.83559833333334,Probabilistic,favourable
D_MTP_1__HR_prcp_DANRA__SIZE_128x128__LR_prcp_msl_thetae_pl_850_ERA5__LOSS_sdfweighted__HEADS_4__TIMESTEPS_56,D_MTP_1,D_MTP_1,1,/Users/au728490/ceddar_runs/models_and_samples/evaluation/D_MTP_1__HR_prcp_DANRA__SIZE_128x128__LR_prcp_msl_thetae_pl_850_ERA5__LOSS_sdfweighted__HEADS_4__TIMESTEPS_56/summary/evaluation_summary.json,probabilistic.rankhist_max_abs_z,Rank-histogram max |z|,,zero,,,0.0,355.4821963333333,166.046772,355.4821963333333,189.43542433333332,-40.62893066666669,57.83559833333334,Probabilistic,favourable
D_MTP_1__seed2__HR_prcp_DANRA__SIZE_128x128__LR_prcp_msl_thetae_pl_850_ERA5__LOSS_sdfweighted__HEADS_4__TIMESTEPS_56,D_MTP_1_seed2,D_MTP_1,2,/Users/au728490/ceddar_runs/models_and_samples/evaluation/D_MTP_1__seed2__HR_prcp_DANRA__SIZE_128x128__LR_prcp_msl_thetae_pl_850_ERA5__LOSS_sdfweighted__HEADS_4__TIMESTEPS_56/summary/evaluation_summary.json,probabilistic.rankhist_max_abs_z,Rank-histogram max |z|,,zero,,,0.0,355.4821963333333,393.570835,355.4821963333333,-38.08863866666667,-40.62893066666669,57.83559833333334,Probabilistic,inside_v0_range
D_MTCP_1__HR_prcp_DANRA__SIZE_128x128__LR_prcp_msl_thetae_pl_850_cape_ERA5__LOSS_sdfweighted__HEADS_4__TIMESTEPS_56,D_MTCP_1,D_MTCP_1,1,/Users/au728490/ceddar_runs/models_and_samples/evaluation/D_MTCP_1__HR_prcp_DANRA__SIZE_128x128__LR_prcp_msl_thetae_pl_850_cape_ERA5__LOSS_sdfweighted__HEADS_4__TIMESTEPS_56/summary/evaluation_summary.json,probabilistic.rankhist_max_abs_z,Rank-histogram max |z|,,zero,,,0.0,355.4821963333333,160.637741,355.4821963333333,194.84445533333331,-40.62893066666669,57.83559833333334,Probabilistic,favourable
D_MTCP_1__seed2__HR_prcp_DANRA__SIZE_128x128__LR_prcp_msl_thetae_pl_850_cape_ERA5__LOSS_sdfweighted__HEADS_4__TIMESTEPS_56,D_MTCP_1_seed2,D_MTCP_1,2,/Users/au728490/ceddar_runs/models_and_samples/evaluation/D_MTCP_1__seed2__HR_prcp_DANRA__SIZE_128x128__LR_prcp_msl_thetae_pl_850_cape_ERA5__LOSS_sdfweighted__HEADS_4__TIMESTEPS_56/summary/evaluation_summary.json,probabilistic.rankhist_max_abs_z,Rank-histogram max |z|,,zero,,,0.0,355.4821963333333,204.304795,355.4821963333333,151.1774013333333,-40.62893066666669,57.83559833333334,Probabilistic,favourable
D_MZIP_1__HR_prcp_DANRA__SIZE_128x128__LR_prcp_msl_z_pl_500_ewvf_nwvf_ERA5__LOSS_sdfweighted__HEADS_4__TIMESTEPS_56,D_MZIP_1,D_MZIP_1,1,/Users/au728490/ceddar_runs/models_and_samples/evaluation/D_MZIP_1__HR_prcp_DANRA__SIZE_128x128__LR_prcp_msl_z_pl_500_ewvf_nwvf_ERA5__LOSS_sdfweighted__HEADS_4__TIMESTEPS_56/summary/evaluation_summary.json,probabilistic.rankhist_max_abs_z,Rank-histogram max |z|,,zero,,,0.0,355.4821963333333,236.97628,355.4821963333333,118.50591633333332,-40.62893066666669,57.83559833333334,Probabilistic,favourable
D_MZIP_1__seed2__HR_prcp_DANRA__SIZE_128x128__LR_prcp_msl_z_pl_500_ewvf_nwvf_ERA5__LOSS_sdfweighted__HEADS_4__TIMESTEPS_56,D_MZIP_1_seed2,D_MZIP_1,2,/Users/au728490/ceddar_runs/models_and_samples/evaluation/D_MZIP_1__seed2__HR_prcp_DANRA__SIZE_128x128__LR_prcp_msl_z_pl_500_ewvf_nwvf_ERA5__LOSS_sdfweighted__HEADS_4__TIMESTEPS_56/summary/evaluation_summary.json,probabilistic.rankhist_max_abs_z,Rank-histogram max |z|,,zero,,,0.0,355.4821963333333,139.784171,355.4821963333333,215.69802533333333,-40.62893066666669,57.83559833333334,Probabilistic,favourable
D_MT_1__HR_prcp_DANRA__SIZE_128x128__LR_msl_thetae_pl_850_ERA5__LOSS_sdfweighted__HEADS_4__TIMESTEPS_56,D_MT_1,D_MT_1,1,/Users/au728490/ceddar_runs/models_and_samples/evaluation/D_MT_1__HR_prcp_DANRA__SIZE_128x128__LR_msl_thetae_pl_850_ERA5__LOSS_sdfweighted__HEADS_4__TIMESTEPS_56/summary/evaluation_summary.json,probabilistic.rankhist_max_abs_z,Rank-histogram max |z|,,zero,,,0.0,355.4821963333333,690.66188,355.4821963333333,-335.1796836666667,-40.62893066666669,57.83559833333334,Probabilistic,unfavourable
D_MT_1__seed2__HR_prcp_DANRA__SIZE_128x128__LR_msl_thetae_pl_850_ERA5__LOSS_sdfweighted__HEADS_4__TIMESTEPS_56,D_MT_1_seed2,D_MT_1,2,/Users/au728490/ceddar_runs/models_and_samples/evaluation/D_MT_1__seed2__HR_prcp_DANRA__SIZE_128x128__LR_msl_thetae_pl_850_ERA5__LOSS_sdfweighted__HEADS_4__TIMESTEPS_56/summary/evaluation_summary.json,probabilistic.rankhist_max_abs_z,Rank-histogram max |z|,,zero,,,0.0,355.4821963333333,1355.623199,355.4821963333333,-1000.1410026666667,-40.62893066666669,57.83559833333334,Probabilistic,unfavourable
D_MTC_1__HR_prcp_DANRA__SIZE_128x128__LR_msl_thetae_pl_850_cape_ERA5__LOSS_sdfweighted__HEADS_4__TIMESTEPS_56,D_MTC_1,D_MTC_1,1,/Users/au728490/ceddar_runs/models_and_samples/evaluation/D_MTC_1__HR_prcp_DANRA__SIZE_128x128__LR_msl_thetae_pl_850_cape_ERA5__LOSS_sdfweighted__HEADS_4__TIMESTEPS_56/summary/evaluation_summary.json,probabilistic.rankhist_max_abs_z,Rank-histogram max |z|,,zero,,,0.0,355.4821963333333,591.421948,355.4821963333333,-235.93975166666672,-40.62893066666669,57.83559833333334,Probabilistic,unfavourable
D_MTC_1__seed2__HR_prcp_DANRA__SIZE_128x128__LR_msl_thetae_pl_850_cape_ERA5__LOSS_sdfweighted__HEADS_4__TIMESTEPS_56,D_MTC_1_seed2,D_MTC_1,2,/Users/au728490/ceddar_runs/models_and_samples/evaluation/D_MTC_1__seed2__HR_prcp_DANRA__SIZE_128x128__LR_msl_thetae_pl_850_cape_ERA5__LOSS_sdfweighted__HEADS_4__TIMESTEPS_56/summary/evaluation_summary.json,probabilistic.rankhist_max_abs_z,Rank-histogram max |z|,,zero,,,0.0,355.4821963333333,254.920144,355.4821963333333,100.56205233333333,-40.62893066666669,57.83559833333334,Probabilistic,favourable
C_10__HR_prcp_DANRA__SIZE_128x128__LR_prcp_ERA5__LOSS_sdfweighted__HEADS_4__TIMESTEPS_56,C_10,C_10,1,/Users/au728490/ceddar_runs/models_and_samples/evaluation/C_10__HR_prcp_DANRA__SIZE_128x128__LR_prcp_ERA5__LOSS_sdfweighted__HEADS_4__TIMESTEPS_56/summary/evaluation_summary.json,probabilistic.spread_skill_slope,Spread-skill slope,,one,,,1.0,0.019278000000000017,0.877278,0.980722,-0.10344399999999998,-0.02773700000000001,0.015653000000000028,Probabilistic,unfavourable
C_10__seed2__HR_prcp_DANRA__SIZE_128x128__LR_prcp_ERA5__LOSS_sdfweighted__HEADS_4__TIMESTEPS_56,C_10_seed2,C_10,2,/Users/au728490/ceddar_runs/models_and_samples/evaluation/C_10__seed2__HR_prcp_DANRA__SIZE_128x128__LR_prcp_ERA5__LOSS_sdfweighted__HEADS_4__TIMESTEPS_56/summary/evaluation_summary.json,probabilistic.spread_skill_slope,Spread-skill slope,,one,,,1.0,0.019278000000000017,0.947048,0.980722,-0.03367399999999998,-0.02773700000000001,0.015653000000000028,Probabilistic,unfavourable
V0_C_0__HR_prcp_DANRA__SIZE_128x128__LR_prcp_cape_ERA5__LOSS_sdfweighted__HEADS_4__TIMESTEPS_56,V0_C_0,V0_C_0,1,/Users/au728490/ceddar_runs/models_and_samples/evaluation/V0_C_0__HR_prcp_DANRA__SIZE_128x128__LR_prcp_cape_ERA5__LOSS_sdfweighted__HEADS_4__TIMESTEPS_56/summary/evaluation_summary.json,probabilistic.spread_skill_slope,Spread-skill slope,,one,,,1.0,0.019278000000000017,1.063678,0.980722,0.08295599999999992,-0.02773700000000001,0.015653000000000028,Probabilistic,favourable
V0_C_0__seed2__HR_prcp_DANRA__SIZE_128x128__LR_prcp_cape_ERA5__LOSS_sdfweighted__HEADS_4__TIMESTEPS_56,V0_C_0_seed2,V0_C_0,2,/Users/au728490/ceddar_runs/models_and_samples/evaluation/V0_C_0__seed2__HR_prcp_DANRA__SIZE_128x128__LR_prcp_cape_ERA5__LOSS_sdfweighted__HEADS_4__TIMESTEPS_56/summary/evaluation_summary.json,probabilistic.spread_skill_slope,Spread-skill slope,,one,,,1.0,0.019278000000000017,0.90636,0.980722,-0.07436199999999993,-0.02773700000000001,0.015653000000000028,Probabilistic,unfavourable
V0_C_1__HR_prcp_DANRA__SIZE_128x128__LR_prcp_cape_ERA5__LOSS_sdfweighted__HEADS_4__TIMESTEPS_56,V0_C_1,V0_C_1,1,/Users/au728490/ceddar_runs/models_and_samples/evaluation/V0_C_1__HR_prcp_DANRA__SIZE_128x128__LR_prcp_cape_ERA5__LOSS_sdfweighted__HEADS_4__TIMESTEPS_56/summary/evaluation_summary.json,probabilistic.spread_skill_slope,Spread-skill slope,,one,,,1.0,0.019278000000000017,0.941851,0.980722,-0.03887099999999999,-0.02773700000000001,0.015653000000000028,Probabilistic,unfavourable
V0_C_1__seed2__HR_prcp_DANRA__SIZE_128x128__LR_prcp_cape_ERA5__LOSS_sdfweighted__HEADS_4__TIMESTEPS_56,V0_C_1_seed2,V0_C_1,2,/Users/au728490/ceddar_runs/models_and_samples/evaluation/V0_C_1__seed2__HR_prcp_DANRA__SIZE_128x128__LR_prcp_cape_ERA5__LOSS_sdfweighted__HEADS_4__TIMESTEPS_56/summary/evaluation_summary.json,probabilistic.spread_skill_slope,Spread-skill slope,,one,,,1.0,0.019278000000000017,0.836369,0.980722,-0.14435299999999995,-0.02773700000000001,0.015653000000000028,Probabilistic,unfavourable
V0_I_0__HR_prcp_DANRA__SIZE_128x128__LR_prcp_ewvf_nwvf_ERA5__LOSS_sdfweighted__HEADS_4__TIMESTEPS_56,V0_I_0,V0_I_0,1,/Users/au728490/ceddar_runs/models_and_samples/evaluation/V0_I_0__HR_prcp_DANRA__SIZE_128x128__LR_prcp_ewvf_nwvf_ERA5__LOSS_sdfweighted__HEADS_4__TIMESTEPS_56/summary/evaluation_summary.json,probabilistic.spread_skill_slope,Spread-skill slope,,one,,,1.0,0.019278000000000017,1.022871,0.980722,0.0421490000000001,-0.02773700000000001,0.015653000000000028,Probabilistic,favourable
V0_I_0__seed2__HR_prcp_DANRA__SIZE_128x128__LR_prcp_ewvf_nwvf_ERA5__LOSS_sdfweighted__HEADS_4__TIMESTEPS_56,V0_I_0_seed2,V0_I_0,2,/Users/au728490/ceddar_runs/models_and_samples/evaluation/V0_I_0__seed2__HR_prcp_DANRA__SIZE_128x128__LR_prcp_ewvf_nwvf_ERA5__LOSS_sdfweighted__HEADS_4__TIMESTEPS_56/summary/evaluation_summary.json,probabilistic.spread_skill_slope,Spread-skill slope,,one,,,1.0,0.019278000000000017,1.025943,0.980722,0.04522100000000007,-0.02773700000000001,0.015653000000000028,Probabilistic,favourable
V0_I_1__HR_prcp_DANRA__SIZE_128x128__LR_prcp_ewvf_nwvf_ERA5__LOSS_sdfweighted__HEADS_4__TIMESTEPS_56,V0_I_1,V0_I_1,1,/Users/au728490/ceddar_runs/models_and_samples/evaluation/V0_I_1__HR_prcp_DANRA__SIZE_128x128__LR_prcp_ewvf_nwvf_ERA5__LOSS_sdfweighted__HEADS_4__TIMESTEPS_56/summary/evaluation_summary.json,probabilistic.spread_skill_slope,Spread-skill slope,,one,,,1.0,0.019278000000000017,0.902103,0.980722,-0.078619,-0.02773700000000001,0.015653000000000028,Probabilistic,unfavourable
V0_I_1__seed2__HR_prcp_DANRA__SIZE_128x128__LR_prcp_ewvf_nwvf_ERA5__LOSS_sdfweighted__HEADS_4__TIMESTEPS_56,V0_I_1_seed2,V0_I_1,2,/Users/au728490/ceddar_runs/models_and_samples/evaluation/V0_I_1__seed2__HR_prcp_DANRA__SIZE_128x128__LR_prcp_ewvf_nwvf_ERA5__LOSS_sdfweighted__HEADS_4__TIMESTEPS_56/summary/evaluation_summary.json,probabilistic.spread_skill_slope,Spread-skill slope,,one,,,1.0,0.019278000000000017,0.932749,0.980722,-0.04797299999999993,-0.02773700000000001,0.015653000000000028,Probabilistic,unfavourable
V0_M_0__HR_prcp_DANRA__SIZE_128x128__LR_prcp_msl_ERA5__LOSS_sdfweighted__HEADS_4__TIMESTEPS_56,V0_M_0,V0_M_0,1,/Users/au728490/ceddar_runs/models_and_samples/evaluation/V0_M_0__HR_prcp_DANRA__SIZE_128x128__LR_prcp_msl_ERA5__LOSS_sdfweighted__HEADS_4__TIMESTEPS_56/summary/evaluation_summary.json,probabilistic.spread_skill_slope,Spread-skill slope,,one,,,1.0,0.019278000000000017,0.933079,0.980722,-0.04764299999999999,-0.02773700000000001,0.015653000000000028,Probabilistic,unfavourable
V0_M_0__seed2__HR_prcp_DANRA__SIZE_128x128__LR_prcp_msl_ERA5__LOSS_sdfweighted__HEADS_4__TIMESTEPS_56,V0_M_0_seed2,V0_M_0,2,/Users/au728490/ceddar_runs/models_and_samples/evaluation/V0_M_0__seed2__HR_prcp_DANRA__SIZE_128x128__LR_prcp_msl_ERA5__LOSS_sdfweighted__HEADS_4__TIMESTEPS_56/summary/evaluation_summary.json,probabilistic.spread_skill_slope,Spread-skill slope,,one,,,1.0,0.019278000000000017,0.943934,0.980722,-0.03678799999999993,-0.02773700000000001,0.015653000000000028,Probabilistic,unfavourable
V0_M_1__HR_prcp_DANRA__SIZE_128x128__LR_prcp_msl_ERA5__LOSS_sdfweighted__HEADS_4__TIMESTEPS_56,V0_M_1,V0_M_1,1,/Users/au728490/ceddar_runs/models_and_samples/evaluation/V0_M_1__HR_prcp_DANRA__SIZE_128x128__LR_prcp_msl_ERA5__LOSS_sdfweighted__HEADS_4__TIMESTEPS_56/summary/evaluation_summary.json,probabilistic.spread_skill_slope,Spread-skill slope,,one,,,1.0,0.019278000000000017,0.96443,0.980722,-0.016291999999999973,-0.02773700000000001,0.015653000000000028,Probabilistic,inside_v0_range
V0_M_1__seed2__HR_prcp_DANRA__SIZE_128x128__LR_prcp_msl_ERA5__LOSS_sdfweighted__HEADS_4__TIMESTEPS_56,V0_M_1_seed2,V0_M_1,2,/Users/au728490/ceddar_runs/models_and_samples/evaluation/V0_M_1__seed2__HR_prcp_DANRA__SIZE_128x128__LR_prcp_msl_ERA5__LOSS_sdfweighted__HEADS_4__TIMESTEPS_56/summary/evaluation_summary.json,probabilistic.spread_skill_slope,Spread-skill slope,,one,,,1.0,0.019278000000000017,0.873337,0.980722,-0.10738499999999995,-0.02773700000000001,0.015653000000000028,Probabilistic,unfavourable
V0_T_0__HR_prcp_DANRA__SIZE_128x128__LR_prcp_thetae_pl_850_ERA5__LOSS_sdfweighted__HEADS_4__TIMESTEPS_56,V0_T_0,V0_T_0,1,/Users/au728490/ceddar_runs/models_and_samples/evaluation/V0_T_0__HR_prcp_DANRA__SIZE_128x128__LR_prcp_thetae_pl_850_ERA5__LOSS_sdfweighted__HEADS_4__TIMESTEPS_56/summary/evaluation_summary.json,probabilistic.spread_skill_slope,Spread-skill slope,,one,,,1.0,0.019278000000000017,0.98373,0.980722,0.0030080000000000107,-0.02773700000000001,0.015653000000000028,Probabilistic,inside_v0_range
V0_T_0__seed2__HR_prcp_DANRA__SIZE_128x128__LR_prcp_thetae_pl_850_ERA5__LOSS_sdfweighted__HEADS_4__TIMESTEPS_56,V0_T_0_seed2,V0_T_0,2,/Users/au728490/ceddar_runs/models_and_samples/evaluation/V0_T_0__seed2__HR_prcp_DANRA__SIZE_128x128__LR_prcp_thetae_pl_850_ERA5__LOSS_sdfweighted__HEADS_4__TIMESTEPS_56/summary/evaluation_summary.json,probabilistic.spread_skill_slope,Spread-skill slope,,one,,,1.0,0.019278000000000017,0.840752,0.980722,-0.13996999999999993,-0.02773700000000001,0.015653000000000028,Probabilistic,unfavourable
V0_T_1__HR_prcp_DANRA__SIZE_128x128__LR_prcp_thetae_pl_850_ERA5__LOSS_sdfweighted__HEADS_4__TIMESTEPS_56,V0_T_1,V0_T_1,1,/Users/au728490/ceddar_runs/models_and_samples/evaluation/V0_T_1__HR_prcp_DANRA__SIZE_128x128__LR_prcp_thetae_pl_850_ERA5__LOSS_sdfweighted__HEADS_4__TIMESTEPS_56/summary/evaluation_summary.json,probabilistic.spread_skill_slope,Spread-skill slope,,one,,,1.0,0.019278000000000017,0.850346,0.980722,-0.13037599999999994,-0.02773700000000001,0.015653000000000028,Probabilistic,unfavourable
V0_T_1__seed2__HR_prcp_DANRA__SIZE_128x128__LR_prcp_thetae_pl_850_ERA5__LOSS_sdfweighted__HEADS_4__TIMESTEPS_56,V0_T_1_seed2,V0_T_1,2,/Users/au728490/ceddar_runs/models_and_samples/evaluation/V0_T_1__seed2__HR_prcp_DANRA__SIZE_128x128__LR_prcp_thetae_pl_850_ERA5__LOSS_sdfweighted__HEADS_4__TIMESTEPS_56/summary/evaluation_summary.json,probabilistic.spread_skill_slope,Spread-skill slope,,one,,,1.0,0.019278000000000017,1.037916,0.980722,0.05719400000000008,-0.02773700000000001,0.015653000000000028,Probabilistic,favourable
V0_Z_0__HR_prcp_DANRA__SIZE_128x128__LR_prcp_z_pl_500_ERA5__LOSS_sdfweighted__HEADS_4__TIMESTEPS_56,V0_Z_0,V0_Z_0,1,/Users/au728490/ceddar_runs/models_and_samples/evaluation/V0_Z_0__HR_prcp_DANRA__SIZE_128x128__LR_prcp_z_pl_500_ERA5__LOSS_sdfweighted__HEADS_4__TIMESTEPS_56/summary/evaluation_summary.json,probabilistic.spread_skill_slope,Spread-skill slope,,one,,,1.0,0.019278000000000017,0.877935,0.980722,-0.10278699999999996,-0.02773700000000001,0.015653000000000028,Probabilistic,unfavourable
V0_Z_0__seed2__HR_prcp_DANRA__SIZE_128x128__LR_prcp_z_pl_500_ERA5__LOSS_sdfweighted__HEADS_4__TIMESTEPS_56,V0_Z_0_seed2,V0_Z_0,2,/Users/au728490/ceddar_runs/models_and_samples/evaluation/V0_Z_0__seed2__HR_prcp_DANRA__SIZE_128x128__LR_prcp_z_pl_500_ERA5__LOSS_sdfweighted__HEADS_4__TIMESTEPS_56/summary/evaluation_summary.json,probabilistic.spread_skill_slope,Spread-skill slope,,one,,,1.0,0.019278000000000017,0.979273,0.980722,-0.0014490000000000336,-0.02773700000000001,0.015653000000000028,Probabilistic,inside_v0_range
V0_Z_1__HR_prcp_DANRA__SIZE_128x128__LR_prcp_z_pl_500_ERA5__LOSS_sdfweighted__HEADS_4__TIMESTEPS_56,V0_Z_1,V0_Z_1,1,/Users/au728490/ceddar_runs/models_and_samples/evaluation/V0_Z_1__HR_prcp_DANRA__SIZE_128x128__LR_prcp_z_pl_500_ERA5__LOSS_sdfweighted__HEADS_4__TIMESTEPS_56/summary/evaluation_summary.json,probabilistic.spread_skill_slope,Spread-skill slope,,one,,,1.0,0.019278000000000017,0.951148,0.980722,-0.02957399999999999,-0.02773700000000001,0.015653000000000028,Probabilistic,unfavourable
V0_Z_1__seed2__HR_prcp_DANRA__SIZE_128x128__LR_prcp_z_pl_500_ERA5__LOSS_sdfweighted__HEADS_4__TIMESTEPS_56,V0_Z_1_seed2,V0_Z_1,2,/Users/au728490/ceddar_runs/models_and_samples/evaluation/V0_Z_1__seed2__HR_prcp_DANRA__SIZE_128x128__LR_prcp_z_pl_500_ERA5__LOSS_sdfweighted__HEADS_4__TIMESTEPS_56/summary/evaluation_summary.json,probabilistic.spread_skill_slope,Spread-skill slope,,one,,,1.0,0.019278000000000017,0.876164,0.980722,-0.10455799999999993,-0.02773700000000001,0.015653000000000028,Probabilistic,unfavourable
D_IP_1__HR_prcp_DANRA__SIZE_128x128__LR_prcp_ewvf_nwvf_ERA5__LOSS_sdfweighted__HEADS_4__TIMESTEPS_56,D_IP_1,D_IP_1,1,/Users/au728490/ceddar_runs/models_and_samples/evaluation/D_IP_1__HR_prcp_DANRA__SIZE_128x128__LR_prcp_ewvf_nwvf_ERA5__LOSS_sdfweighted__HEADS_4__TIMESTEPS_56/summary/evaluation_summary.json,probabilistic.spread_skill_slope,Spread-skill slope,,one,,,1.0,0.019278000000000017,0.866227,0.980722,-0.11449500000000001,-0.02773700000000001,0.015653000000000028,Probabilistic,unfavourable
D_IP_1__seed2__HR_prcp_DANRA__SIZE_128x128__LR_prcp_ewvf_nwvf_ERA5__LOSS_sdfweighted__HEADS_4__TIMESTEPS_56,D_IP_1_seed2,D_IP_1,2,/Users/au728490/ceddar_runs/models_and_samples/evaluation/D_IP_1__seed2__HR_prcp_DANRA__SIZE_128x128__LR_prcp_ewvf_nwvf_ERA5__LOSS_sdfweighted__HEADS_4__TIMESTEPS_56/summary/evaluation_summary.json,probabilistic.spread_skill_slope,Spread-skill slope,,one,,,1.0,0.019278000000000017,0.938902,0.980722,-0.04181999999999997,-0.02773700000000001,0.015653000000000028,Probabilistic,unfavourable
D_MZP_1__HR_prcp_DANRA__SIZE_128x128__LR_prcp_msl_z_pl_500_ERA5__LOSS_sdfweighted__HEADS_4__TIMESTEPS_56,D_MZP_1,D_MZP_1,1,/Users/au728490/ceddar_runs/models_and_samples/evaluation/D_MZP_1__HR_prcp_DANRA__SIZE_128x128__LR_prcp_msl_z_pl_500_ERA5__LOSS_sdfweighted__HEADS_4__TIMESTEPS_56/summary/evaluation_summary.json,probabilistic.spread_skill_slope,Spread-skill slope,,one,,,1.0,0.019278000000000017,0.912418,0.980722,-0.06830400000000003,-0.02773700000000001,0.015653000000000028,Probabilistic,unfavourable
D_MZP_1__seed2__HR_prcp_DANRA__SIZE_128x128__LR_prcp_msl_z_pl_500_ERA5__LOSS_sdfweighted__HEADS_4__TIMESTEPS_56,D_MZP_1_seed2,D_MZP_1,2,/Users/au728490/ceddar_runs/models_and_samples/evaluation/D_MZP_1__seed2__HR_prcp_DANRA__SIZE_128x128__LR_prcp_msl_z_pl_500_ERA5__LOSS_sdfweighted__HEADS_4__TIMESTEPS_56/summary/evaluation_summary.json,probabilistic.spread_skill_slope,Spread-skill slope,,one,,,1.0,0.019278000000000017,0.901052,0.980722,-0.07967000000000002,-0.02773700000000001,0.015653000000000028,Probabilistic,unfavourable
D_MTP_0__HR_prcp_DANRA__SIZE_128x128__LR_prcp_msl_thetae_pl_850_ERA5__LOSS_sdfweighted__HEADS_4__TIMESTEPS_56,D_MTP_0,D_MTP_0,1,/Users/au728490/ceddar_runs/models_and_samples/evaluation/D_MTP_0__HR_prcp_DANRA__SIZE_128x128__LR_prcp_msl_thetae_pl_850_ERA5__LOSS_sdfweighted__HEADS_4__TIMESTEPS_56/summary/evaluation_summary.json,probabilistic.spread_skill_slope,Spread-skill slope,,one,,,1.0,0.019278000000000017,1.02321,0.980722,0.04248799999999997,-0.02773700000000001,0.015653000000000028,Probabilistic,favourable
D_MTP_0__seed2__HR_prcp_DANRA__SIZE_128x128__LR_prcp_msl_thetae_pl_850_ERA5__LOSS_sdfweighted__HEADS_4__TIMESTEPS_56,D_MTP_0_seed2,D_MTP_0,2,/Users/au728490/ceddar_runs/models_and_samples/evaluation/D_MTP_0__seed2__HR_prcp_DANRA__SIZE_128x128__LR_prcp_msl_thetae_pl_850_ERA5__LOSS_sdfweighted__HEADS_4__TIMESTEPS_56/summary/evaluation_summary.json,probabilistic.spread_skill_slope,Spread-skill slope,,one,,,1.0,0.019278000000000017,0.889828,0.980722,-0.09089400000000003,-0.02773700000000001,0.015653000000000028,Probabilistic,unfavourable
D_MTP_1__HR_prcp_DANRA__SIZE_128x128__LR_prcp_msl_thetae_pl_850_ERA5__LOSS_sdfweighted__HEADS_4__TIMESTEPS_56,D_MTP_1,D_MTP_1,1,/Users/au728490/ceddar_runs/models_and_samples/evaluation/D_MTP_1__HR_prcp_DANRA__SIZE_128x128__LR_prcp_msl_thetae_pl_850_ERA5__LOSS_sdfweighted__HEADS_4__TIMESTEPS_56/summary/evaluation_summary.json,probabilistic.spread_skill_slope,Spread-skill slope,,one,,,1.0,0.019278000000000017,0.824377,0.980722,-0.15634499999999996,-0.02773700000000001,0.015653000000000028,Probabilistic,unfavourable
D_MTP_1__seed2__HR_prcp_DANRA__SIZE_128x128__LR_prcp_msl_thetae_pl_850_ERA5__LOSS_sdfweighted__HEADS_4__TIMESTEPS_56,D_MTP_1_seed2,D_MTP_1,2,/Users/au728490/ceddar_runs/models_and_samples/evaluation/D_MTP_1__seed2__HR_prcp_DANRA__SIZE_128x128__LR_prcp_msl_thetae_pl_850_ERA5__LOSS_sdfweighted__HEADS_4__TIMESTEPS_56/summary/evaluation_summary.json,probabilistic.spread_skill_slope,Spread-skill slope,,one,,,1.0,0.019278000000000017,0.907613,0.980722,-0.07310899999999998,-0.02773700000000001,0.015653000000000028,Probabilistic,unfavourable
D_MTCP_1__HR_prcp_DANRA__SIZE_128x128__LR_prcp_msl_thetae_pl_850_cape_ERA5__LOSS_sdfweighted__HEADS_4__TIMESTEPS_56,D_MTCP_1,D_MTCP_1,1,/Users/au728490/ceddar_runs/models_and_samples/evaluation/D_MTCP_1__HR_prcp_DANRA__SIZE_128x128__LR_prcp_msl_thetae_pl_850_cape_ERA5__LOSS_sdfweighted__HEADS_4__TIMESTEPS_56/summary/evaluation_summary.json,probabilistic.spread_skill_slope,Spread-skill slope,,one,,,1.0,0.019278000000000017,0.949317,0.980722,-0.031405000000000016,-0.02773700000000001,0.015653000000000028,Probabilistic,unfavourable
D_MTCP_1__seed2__HR_prcp_DANRA__SIZE_128x128__LR_prcp_msl_thetae_pl_850_cape_ERA5__LOSS_sdfweighted__HEADS_4__TIMESTEPS_56,D_MTCP_1_seed2,D_MTCP_1,2,/Users/au728490/ceddar_runs/models_and_samples/evaluation/D_MTCP_1__seed2__HR_prcp_DANRA__SIZE_128x128__LR_prcp_msl_thetae_pl_850_cape_ERA5__LOSS_sdfweighted__HEADS_4__TIMESTEPS_56/summary/evaluation_summary.json,probabilistic.spread_skill_slope,Spread-skill slope,,one,,,1.0,0.019278000000000017,1.020071,0.980722,0.03934899999999997,-0.02773700000000001,0.015653000000000028,Probabilistic,favourable
D_MZIP_1__HR_prcp_DANRA__SIZE_128x128__LR_prcp_msl_z_pl_500_ewvf_nwvf_ERA5__LOSS_sdfweighted__HEADS_4__TIMESTEPS_56,D_MZIP_1,D_MZIP_1,1,/Users/au728490/ceddar_runs/models_and_samples/evaluation/D_MZIP_1__HR_prcp_DANRA__SIZE_128x128__LR_prcp_msl_z_pl_500_ewvf_nwvf_ERA5__LOSS_sdfweighted__HEADS_4__TIMESTEPS_56/summary/evaluation_summary.json,probabilistic.spread_skill_slope,Spread-skill slope,,one,,,1.0,0.019278000000000017,1.00346,0.980722,0.022738000000000036,-0.02773700000000001,0.015653000000000028,Probabilistic,favourable
D_MZIP_1__seed2__HR_prcp_DANRA__SIZE_128x128__LR_prcp_msl_z_pl_500_ewvf_nwvf_ERA5__LOSS_sdfweighted__HEADS_4__TIMESTEPS_56,D_MZIP_1_seed2,D_MZIP_1,2,/Users/au728490/ceddar_runs/models_and_samples/evaluation/D_MZIP_1__seed2__HR_prcp_DANRA__SIZE_128x128__LR_prcp_msl_z_pl_500_ewvf_nwvf_ERA5__LOSS_sdfweighted__HEADS_4__TIMESTEPS_56/summary/evaluation_summary.json,probabilistic.spread_skill_slope,Spread-skill slope,,one,,,1.0,0.019278000000000017,0.807608,0.980722,-0.173114,-0.02773700000000001,0.015653000000000028,Probabilistic,unfavourable
D_MT_1__HR_prcp_DANRA__SIZE_128x128__LR_msl_thetae_pl_850_ERA5__LOSS_sdfweighted__HEADS_4__TIMESTEPS_56,D_MT_1,D_MT_1,1,/Users/au728490/ceddar_runs/models_and_samples/evaluation/D_MT_1__HR_prcp_DANRA__SIZE_128x128__LR_msl_thetae_pl_850_ERA5__LOSS_sdfweighted__HEADS_4__TIMESTEPS_56/summary/evaluation_summary.json,probabilistic.spread_skill_slope,Spread-skill slope,,one,,,1.0,0.019278000000000017,1.147368,0.980722,0.16664599999999996,-0.02773700000000001,0.015653000000000028,Probabilistic,favourable
D_MT_1__seed2__HR_prcp_DANRA__SIZE_128x128__LR_msl_thetae_pl_850_ERA5__LOSS_sdfweighted__HEADS_4__TIMESTEPS_56,D_MT_1_seed2,D_MT_1,2,/Users/au728490/ceddar_runs/models_and_samples/evaluation/D_MT_1__seed2__HR_prcp_DANRA__SIZE_128x128__LR_msl_thetae_pl_850_ERA5__LOSS_sdfweighted__HEADS_4__TIMESTEPS_56/summary/evaluation_summary.json,probabilistic.spread_skill_slope,Spread-skill slope,,one,,,1.0,0.019278000000000017,1.401625,0.980722,0.4209029999999999,-0.02773700000000001,0.015653000000000028,Probabilistic,favourable
D_MTC_1__HR_prcp_DANRA__SIZE_128x128__LR_msl_thetae_pl_850_cape_ERA5__LOSS_sdfweighted__HEADS_4__TIMESTEPS_56,D_MTC_1,D_MTC_1,1,/Users/au728490/ceddar_runs/models_and_samples/evaluation/D_MTC_1__HR_prcp_DANRA__SIZE_128x128__LR_msl_thetae_pl_850_cape_ERA5__LOSS_sdfweighted__HEADS_4__TIMESTEPS_56/summary/evaluation_summary.json,probabilistic.spread_skill_slope,Spread-skill slope,,one,,,1.0,0.019278000000000017,1.17298,0.980722,0.19225799999999993,-0.02773700000000001,0.015653000000000028,Probabilistic,favourable
D_MTC_1__seed2__HR_prcp_DANRA__SIZE_128x128__LR_msl_thetae_pl_850_cape_ERA5__LOSS_sdfweighted__HEADS_4__TIMESTEPS_56,D_MTC_1_seed2,D_MTC_1,2,/Users/au728490/ceddar_runs/models_and_samples/evaluation/D_MTC_1__seed2__HR_prcp_DANRA__SIZE_128x128__LR_msl_thetae_pl_850_cape_ERA5__LOSS_sdfweighted__HEADS_4__TIMESTEPS_56/summary/evaluation_summary.json,probabilistic.spread_skill_slope,Spread-skill slope,,one,,,1.0,0.019278000000000017,1.043894,0.980722,0.06317200000000012,-0.02773700000000001,0.015653000000000028,Probabilistic,favourable
C_10__HR_prcp_DANRA__SIZE_128x128__LR_prcp_ERA5__LOSS_sdfweighted__HEADS_4__TIMESTEPS_56,C_10,C_10,1,/Users/au728490/ceddar_runs/models_and_samples/evaluation/C_10__HR_prcp_DANRA__SIZE_128x128__LR_prcp_ERA5__LOSS_sdfweighted__HEADS_4__TIMESTEPS_56/summary/evaluation_summary.json,scale.iss_primary,Integrated skill score,,one,,,1.0,0.5156903333333334,0.467515,0.48430966666666664,-0.016794666666666624,-0.014125666666666647,0.009428333333333372,Scale,unfavourable
C_10__seed2__HR_prcp_DANRA__SIZE_128x128__LR_prcp_ERA5__LOSS_sdfweighted__HEADS_4__TIMESTEPS_56,C_10_seed2,C_10,2,/Users/au728490/ceddar_runs/models_and_samples/evaluation/C_10__seed2__HR_prcp_DANRA__SIZE_128x128__LR_prcp_ERA5__LOSS_sdfweighted__HEADS_4__TIMESTEPS_56/summary/evaluation_summary.json,scale.iss_primary,Integrated skill score,,one,,,1.0,0.5156903333333334,0.487233,0.48430966666666664,0.002923333333333389,-0.014125666666666647,0.009428333333333372,Scale,inside_v0_range
V0_C_0__HR_prcp_DANRA__SIZE_128x128__LR_prcp_cape_ERA5__LOSS_sdfweighted__HEADS_4__TIMESTEPS_56,V0_C_0,V0_C_0,1,/Users/au728490/ceddar_runs/models_and_samples/evaluation/V0_C_0__HR_prcp_DANRA__SIZE_128x128__LR_prcp_cape_ERA5__LOSS_sdfweighted__HEADS_4__TIMESTEPS_56/summary/evaluation_summary.json,scale.iss_primary,Integrated skill score,,one,,,1.0,0.5156903333333334,0.472693,0.48430966666666664,-0.011616666666666664,-0.014125666666666647,0.009428333333333372,Scale,inside_v0_range
V0_C_0__seed2__HR_prcp_DANRA__SIZE_128x128__LR_prcp_cape_ERA5__LOSS_sdfweighted__HEADS_4__TIMESTEPS_56,V0_C_0_seed2,V0_C_0,2,/Users/au728490/ceddar_runs/models_and_samples/evaluation/V0_C_0__seed2__HR_prcp_DANRA__SIZE_128x128__LR_prcp_cape_ERA5__LOSS_sdfweighted__HEADS_4__TIMESTEPS_56/summary/evaluation_summary.json,scale.iss_primary,Integrated skill score,,one,,,1.0,0.5156903333333334,0.469415,0.48430966666666664,-0.014894666666666612,-0.014125666666666647,0.009428333333333372,Scale,unfavourable
V0_C_1__HR_prcp_DANRA__SIZE_128x128__LR_prcp_cape_ERA5__LOSS_sdfweighted__HEADS_4__TIMESTEPS_56,V0_C_1,V0_C_1,1,/Users/au728490/ceddar_runs/models_and_samples/evaluation/V0_C_1__HR_prcp_DANRA__SIZE_128x128__LR_prcp_cape_ERA5__LOSS_sdfweighted__HEADS_4__TIMESTEPS_56/summary/evaluation_summary.json,scale.iss_primary,Integrated skill score,,one,,,1.0,0.5156903333333334,0.479313,0.48430966666666664,-0.004996666666666649,-0.014125666666666647,0.009428333333333372,Scale,inside_v0_range
V0_C_1__seed2__HR_prcp_DANRA__SIZE_128x128__LR_prcp_cape_ERA5__LOSS_sdfweighted__HEADS_4__TIMESTEPS_56,V0_C_1_seed2,V0_C_1,2,/Users/au728490/ceddar_runs/models_and_samples/evaluation/V0_C_1__seed2__HR_prcp_DANRA__SIZE_128x128__LR_prcp_cape_ERA5__LOSS_sdfweighted__HEADS_4__TIMESTEPS_56/summary/evaluation_summary.json,scale.iss_primary,Integrated skill score,,one,,,1.0,0.5156903333333334,0.484643,0.48430966666666664,0.00033333333333335213,-0.014125666666666647,0.009428333333333372,Scale,inside_v0_range
V0_I_0__HR_prcp_DANRA__SIZE_128x128__LR_prcp_ewvf_nwvf_ERA5__LOSS_sdfweighted__HEADS_4__TIMESTEPS_56,V0_I_0,V0_I_0,1,/Users/au728490/ceddar_runs/models_and_samples/evaluation/V0_I_0__HR_prcp_DANRA__SIZE_128x128__LR_prcp_ewvf_nwvf_ERA5__LOSS_sdfweighted__HEADS_4__TIMESTEPS_56/summary/evaluation_summary.json,scale.iss_primary,Integrated skill score,,one,,,1.0,0.5156903333333334,0.485777,0.48430966666666664,0.001467333333333376,-0.014125666666666647,0.009428333333333372,Scale,inside_v0_range
V0_I_0__seed2__HR_prcp_DANRA__SIZE_128x128__LR_prcp_ewvf_nwvf_ERA5__LOSS_sdfweighted__HEADS_4__TIMESTEPS_56,V0_I_0_seed2,V0_I_0,2,/Users/au728490/ceddar_runs/models_and_samples/evaluation/V0_I_0__seed2__HR_prcp_DANRA__SIZE_128x128__LR_prcp_ewvf_nwvf_ERA5__LOSS_sdfweighted__HEADS_4__TIMESTEPS_56/summary/evaluation_summary.json,scale.iss_primary,Integrated skill score,,one,,,1.0,0.5156903333333334,0.480187,0.48430966666666664,-0.004122666666666663,-0.014125666666666647,0.009428333333333372,Scale,inside_v0_range
V0_I_1__HR_prcp_DANRA__SIZE_128x128__LR_prcp_ewvf_nwvf_ERA5__LOSS_sdfweighted__HEADS_4__TIMESTEPS_56,V0_I_1,V0_I_1,1,/Users/au728490/ceddar_runs/models_and_samples/evaluation/V0_I_1__HR_prcp_DANRA__SIZE_128x128__LR_prcp_ewvf_nwvf_ERA5__LOSS_sdfweighted__HEADS_4__TIMESTEPS_56/summary/evaluation_summary.json,scale.iss_primary,Integrated skill score,,one,,,1.0,0.5156903333333334,0.4545,0.48430966666666664,-0.029809666666666623,-0.014125666666666647,0.009428333333333372,Scale,unfavourable
V0_I_1__seed2__HR_prcp_DANRA__SIZE_128x128__LR_prcp_ewvf_nwvf_ERA5__LOSS_sdfweighted__HEADS_4__TIMESTEPS_56,V0_I_1_seed2,V0_I_1,2,/Users/au728490/ceddar_runs/models_and_samples/evaluation/V0_I_1__seed2__HR_prcp_DANRA__SIZE_128x128__LR_prcp_ewvf_nwvf_ERA5__LOSS_sdfweighted__HEADS_4__TIMESTEPS_56/summary/evaluation_summary.json,scale.iss_primary,Integrated skill score,,one,,,1.0,0.5156903333333334,0.481095,0.48430966666666664,-0.0032146666666666435,-0.014125666666666647,0.009428333333333372,Scale,inside_v0_range
V0_M_0__HR_prcp_DANRA__SIZE_128x128__LR_prcp_msl_ERA5__LOSS_sdfweighted__HEADS_4__TIMESTEPS_56,V0_M_0,V0_M_0,1,/Users/au728490/ceddar_runs/models_and_samples/evaluation/V0_M_0__HR_prcp_DANRA__SIZE_128x128__LR_prcp_msl_ERA5__LOSS_sdfweighted__HEADS_4__TIMESTEPS_56/summary/evaluation_summary.json,scale.iss_primary,Integrated skill score,,one,,,1.0,0.5156903333333334,0.482172,0.48430966666666664,-0.002137666666666649,-0.014125666666666647,0.009428333333333372,Scale,inside_v0_range
V0_M_0__seed2__HR_prcp_DANRA__SIZE_128x128__LR_prcp_msl_ERA5__LOSS_sdfweighted__HEADS_4__TIMESTEPS_56,V0_M_0_seed2,V0_M_0,2,/Users/au728490/ceddar_runs/models_and_samples/evaluation/V0_M_0__seed2__HR_prcp_DANRA__SIZE_128x128__LR_prcp_msl_ERA5__LOSS_sdfweighted__HEADS_4__TIMESTEPS_56/summary/evaluation_summary.json,scale.iss_primary,Integrated skill score,,one,,,1.0,0.5156903333333334,0.490841,0.48430966666666664,0.006531333333333389,-0.014125666666666647,0.009428333333333372,Scale,inside_v0_range
V0_M_1__HR_prcp_DANRA__SIZE_128x128__LR_prcp_msl_ERA5__LOSS_sdfweighted__HEADS_4__TIMESTEPS_56,V0_M_1,V0_M_1,1,/Users/au728490/ceddar_runs/models_and_samples/evaluation/V0_M_1__HR_prcp_DANRA__SIZE_128x128__LR_prcp_msl_ERA5__LOSS_sdfweighted__HEADS_4__TIMESTEPS_56/summary/evaluation_summary.json,scale.iss_primary,Integrated skill score,,one,,,1.0,0.5156903333333334,0.483106,0.48430966666666664,-0.0012036666666666584,-0.014125666666666647,0.009428333333333372,Scale,inside_v0_range
V0_M_1__seed2__HR_prcp_DANRA__SIZE_128x128__LR_prcp_msl_ERA5__LOSS_sdfweighted__HEADS_4__TIMESTEPS_56,V0_M_1_seed2,V0_M_1,2,/Users/au728490/ceddar_runs/models_and_samples/evaluation/V0_M_1__seed2__HR_prcp_DANRA__SIZE_128x128__LR_prcp_msl_ERA5__LOSS_sdfweighted__HEADS_4__TIMESTEPS_56/summary/evaluation_summary.json,scale.iss_primary,Integrated skill score,,one,,,1.0,0.5156903333333334,0.495633,0.48430966666666664,0.011323333333333352,-0.014125666666666647,0.009428333333333372,Scale,favourable
V0_T_0__HR_prcp_DANRA__SIZE_128x128__LR_prcp_thetae_pl_850_ERA5__LOSS_sdfweighted__HEADS_4__TIMESTEPS_56,V0_T_0,V0_T_0,1,/Users/au728490/ceddar_runs/models_and_samples/evaluation/V0_T_0__HR_prcp_DANRA__SIZE_128x128__LR_prcp_thetae_pl_850_ERA5__LOSS_sdfweighted__HEADS_4__TIMESTEPS_56/summary/evaluation_summary.json,scale.iss_primary,Integrated skill score,,one,,,1.0,0.5156903333333334,0.471949,0.48430966666666664,-0.012360666666666631,-0.014125666666666647,0.009428333333333372,Scale,inside_v0_range
V0_T_0__seed2__HR_prcp_DANRA__SIZE_128x128__LR_prcp_thetae_pl_850_ERA5__LOSS_sdfweighted__HEADS_4__TIMESTEPS_56,V0_T_0_seed2,V0_T_0,2,/Users/au728490/ceddar_runs/models_and_samples/evaluation/V0_T_0__seed2__HR_prcp_DANRA__SIZE_128x128__LR_prcp_thetae_pl_850_ERA5__LOSS_sdfweighted__HEADS_4__TIMESTEPS_56/summary/evaluation_summary.json,scale.iss_primary,Integrated skill score,,one,,,1.0,0.5156903333333334,0.470669,0.48430966666666664,-0.013640666666666634,-0.014125666666666647,0.009428333333333372,Scale,inside_v0_range
V0_T_1__HR_prcp_DANRA__SIZE_128x128__LR_prcp_thetae_pl_850_ERA5__LOSS_sdfweighted__HEADS_4__TIMESTEPS_56,V0_T_1,V0_T_1,1,/Users/au728490/ceddar_runs/models_and_samples/evaluation/V0_T_1__HR_prcp_DANRA__SIZE_128x128__LR_prcp_thetae_pl_850_ERA5__LOSS_sdfweighted__HEADS_4__TIMESTEPS_56/summary/evaluation_summary.json,scale.iss_primary,Integrated skill score,,one,,,1.0,0.5156903333333334,0.479725,0.48430966666666664,-0.004584666666666626,-0.014125666666666647,0.009428333333333372,Scale,inside_v0_range
V0_T_1__seed2__HR_prcp_DANRA__SIZE_128x128__LR_prcp_thetae_pl_850_ERA5__LOSS_sdfweighted__HEADS_4__TIMESTEPS_56,V0_T_1_seed2,V0_T_1,2,/Users/au728490/ceddar_runs/models_and_samples/evaluation/V0_T_1__seed2__HR_prcp_DANRA__SIZE_128x128__LR_prcp_thetae_pl_850_ERA5__LOSS_sdfweighted__HEADS_4__TIMESTEPS_56/summary/evaluation_summary.json,scale.iss_primary,Integrated skill score,,one,,,1.0,0.5156903333333334,0.489717,0.48430966666666664,0.005407333333333375,-0.014125666666666647,0.009428333333333372,Scale,inside_v0_range
V0_Z_0__HR_prcp_DANRA__SIZE_128x128__LR_prcp_z_pl_500_ERA5__LOSS_sdfweighted__HEADS_4__TIMESTEPS_56,V0_Z_0,V0_Z_0,1,/Users/au728490/ceddar_runs/models_and_samples/evaluation/V0_Z_0__HR_prcp_DANRA__SIZE_128x128__LR_prcp_z_pl_500_ERA5__LOSS_sdfweighted__HEADS_4__TIMESTEPS_56/summary/evaluation_summary.json,scale.iss_primary,Integrated skill score,,one,,,1.0,0.5156903333333334,0.480159,0.48430966666666664,-0.004150666666666636,-0.014125666666666647,0.009428333333333372,Scale,inside_v0_range
V0_Z_0__seed2__HR_prcp_DANRA__SIZE_128x128__LR_prcp_z_pl_500_ERA5__LOSS_sdfweighted__HEADS_4__TIMESTEPS_56,V0_Z_0_seed2,V0_Z_0,2,/Users/au728490/ceddar_runs/models_and_samples/evaluation/V0_Z_0__seed2__HR_prcp_DANRA__SIZE_128x128__LR_prcp_z_pl_500_ERA5__LOSS_sdfweighted__HEADS_4__TIMESTEPS_56/summary/evaluation_summary.json,scale.iss_primary,Integrated skill score,,one,,,1.0,0.5156903333333334,0.489231,0.48430966666666664,0.004921333333333389,-0.014125666666666647,0.009428333333333372,Scale,inside_v0_range
V0_Z_1__HR_prcp_DANRA__SIZE_128x128__LR_prcp_z_pl_500_ERA5__LOSS_sdfweighted__HEADS_4__TIMESTEPS_56,V0_Z_1,V0_Z_1,1,/Users/au728490/ceddar_runs/models_and_samples/evaluation/V0_Z_1__HR_prcp_DANRA__SIZE_128x128__LR_prcp_z_pl_500_ERA5__LOSS_sdfweighted__HEADS_4__TIMESTEPS_56/summary/evaluation_summary.json,scale.iss_primary,Integrated skill score,,one,,,1.0,0.5156903333333334,0.489538,0.48430966666666664,0.005228333333333335,-0.014125666666666647,0.009428333333333372,Scale,inside_v0_range
V0_Z_1__seed2__HR_prcp_DANRA__SIZE_128x128__LR_prcp_z_pl_500_ERA5__LOSS_sdfweighted__HEADS_4__TIMESTEPS_56,V0_Z_1_seed2,V0_Z_1,2,/Users/au728490/ceddar_runs/models_and_samples/evaluation/V0_Z_1__seed2__HR_prcp_DANRA__SIZE_128x128__LR_prcp_z_pl_500_ERA5__LOSS_sdfweighted__HEADS_4__TIMESTEPS_56/summary/evaluation_summary.json,scale.iss_primary,Integrated skill score,,one,,,1.0,0.5156903333333334,0.489596,0.48430966666666664,0.005286333333333337,-0.014125666666666647,0.009428333333333372,Scale,inside_v0_range
D_IP_1__HR_prcp_DANRA__SIZE_128x128__LR_prcp_ewvf_nwvf_ERA5__LOSS_sdfweighted__HEADS_4__TIMESTEPS_56,D_IP_1,D_IP_1,1,/Users/au728490/ceddar_runs/models_and_samples/evaluation/D_IP_1__HR_prcp_DANRA__SIZE_128x128__LR_prcp_ewvf_nwvf_ERA5__LOSS_sdfweighted__HEADS_4__TIMESTEPS_56/summary/evaluation_summary.json,scale.iss_primary,Integrated skill score,,one,,,1.0,0.5156903333333334,0.479684,0.48430966666666664,-0.004625666666666639,-0.014125666666666647,0.009428333333333372,Scale,inside_v0_range
D_IP_1__seed2__HR_prcp_DANRA__SIZE_128x128__LR_prcp_ewvf_nwvf_ERA5__LOSS_sdfweighted__HEADS_4__TIMESTEPS_56,D_IP_1_seed2,D_IP_1,2,/Users/au728490/ceddar_runs/models_and_samples/evaluation/D_IP_1__seed2__HR_prcp_DANRA__SIZE_128x128__LR_prcp_ewvf_nwvf_ERA5__LOSS_sdfweighted__HEADS_4__TIMESTEPS_56/summary/evaluation_summary.json,scale.iss_primary,Integrated skill score,,one,,,1.0,0.5156903333333334,0.493727,0.48430966666666664,0.009417333333333389,-0.014125666666666647,0.009428333333333372,Scale,inside_v0_range
D_MZP_1__HR_prcp_DANRA__SIZE_128x128__LR_prcp_msl_z_pl_500_ERA5__LOSS_sdfweighted__HEADS_4__TIMESTEPS_56,D_MZP_1,D_MZP_1,1,/Users/au728490/ceddar_runs/models_and_samples/evaluation/D_MZP_1__HR_prcp_DANRA__SIZE_128x128__LR_prcp_msl_z_pl_500_ERA5__LOSS_sdfweighted__HEADS_4__TIMESTEPS_56/summary/evaluation_summary.json,scale.iss_primary,Integrated skill score,,one,,,1.0,0.5156903333333334,0.461958,0.48430966666666664,-0.02235166666666666,-0.014125666666666647,0.009428333333333372,Scale,unfavourable
D_MZP_1__seed2__HR_prcp_DANRA__SIZE_128x128__LR_prcp_msl_z_pl_500_ERA5__LOSS_sdfweighted__HEADS_4__TIMESTEPS_56,D_MZP_1_seed2,D_MZP_1,2,/Users/au728490/ceddar_runs/models_and_samples/evaluation/D_MZP_1__seed2__HR_prcp_DANRA__SIZE_128x128__LR_prcp_msl_z_pl_500_ERA5__LOSS_sdfweighted__HEADS_4__TIMESTEPS_56/summary/evaluation_summary.json,scale.iss_primary,Integrated skill score,,one,,,1.0,0.5156903333333334,0.487232,0.48430966666666664,0.00292233333333336,-0.014125666666666647,0.009428333333333372,Scale,inside_v0_range
D_MTP_0__HR_prcp_DANRA__SIZE_128x128__LR_prcp_msl_thetae_pl_850_ERA5__LOSS_sdfweighted__HEADS_4__TIMESTEPS_56,D_MTP_0,D_MTP_0,1,/Users/au728490/ceddar_runs/models_and_samples/evaluation/D_MTP_0__HR_prcp_DANRA__SIZE_128x128__LR_prcp_msl_thetae_pl_850_ERA5__LOSS_sdfweighted__HEADS_4__TIMESTEPS_56/summary/evaluation_summary.json,scale.iss_primary,Integrated skill score,,one,,,1.0,0.5156903333333334,0.478374,0.48430966666666664,-0.005935666666666617,-0.014125666666666647,0.009428333333333372,Scale,inside_v0_range
D_MTP_0__seed2__HR_prcp_DANRA__SIZE_128x128__LR_prcp_msl_thetae_pl_850_ERA5__LOSS_sdfweighted__HEADS_4__TIMESTEPS_56,D_MTP_0_seed2,D_MTP_0,2,/Users/au728490/ceddar_runs/models_and_samples/evaluation/D_MTP_0__seed2__HR_prcp_DANRA__SIZE_128x128__LR_prcp_msl_thetae_pl_850_ERA5__LOSS_sdfweighted__HEADS_4__TIMESTEPS_56/summary/evaluation_summary.json,scale.iss_primary,Integrated skill score,,one,,,1.0,0.5156903333333334,0.498276,0.48430966666666664,0.013966333333333358,-0.014125666666666647,0.009428333333333372,Scale,favourable
D_MTP_1__HR_prcp_DANRA__SIZE_128x128__LR_prcp_msl_thetae_pl_850_ERA5__LOSS_sdfweighted__HEADS_4__TIMESTEPS_56,D_MTP_1,D_MTP_1,1,/Users/au728490/ceddar_runs/models_and_samples/evaluation/D_MTP_1__HR_prcp_DANRA__SIZE_128x128__LR_prcp_msl_thetae_pl_850_ERA5__LOSS_sdfweighted__HEADS_4__TIMESTEPS_56/summary/evaluation_summary.json,scale.iss_primary,Integrated skill score,,one,,,1.0,0.5156903333333334,0.483254,0.48430966666666664,-0.0010556666666666215,-0.014125666666666647,0.009428333333333372,Scale,inside_v0_range
D_MTP_1__seed2__HR_prcp_DANRA__SIZE_128x128__LR_prcp_msl_thetae_pl_850_ERA5__LOSS_sdfweighted__HEADS_4__TIMESTEPS_56,D_MTP_1_seed2,D_MTP_1,2,/Users/au728490/ceddar_runs/models_and_samples/evaluation/D_MTP_1__seed2__HR_prcp_DANRA__SIZE_128x128__LR_prcp_msl_thetae_pl_850_ERA5__LOSS_sdfweighted__HEADS_4__TIMESTEPS_56/summary/evaluation_summary.json,scale.iss_primary,Integrated skill score,,one,,,1.0,0.5156903333333334,0.495381,0.48430966666666664,0.011071333333333377,-0.014125666666666647,0.009428333333333372,Scale,favourable
D_MTCP_1__HR_prcp_DANRA__SIZE_128x128__LR_prcp_msl_thetae_pl_850_cape_ERA5__LOSS_sdfweighted__HEADS_4__TIMESTEPS_56,D_MTCP_1,D_MTCP_1,1,/Users/au728490/ceddar_runs/models_and_samples/evaluation/D_MTCP_1__HR_prcp_DANRA__SIZE_128x128__LR_prcp_msl_thetae_pl_850_cape_ERA5__LOSS_sdfweighted__HEADS_4__TIMESTEPS_56/summary/evaluation_summary.json,scale.iss_primary,Integrated skill score,,one,,,1.0,0.5156903333333334,0.480101,0.48430966666666664,-0.004208666666666638,-0.014125666666666647,0.009428333333333372,Scale,inside_v0_range
D_MTCP_1__seed2__HR_prcp_DANRA__SIZE_128x128__LR_prcp_msl_thetae_pl_850_cape_ERA5__LOSS_sdfweighted__HEADS_4__TIMESTEPS_56,D_MTCP_1_seed2,D_MTCP_1,2,/Users/au728490/ceddar_runs/models_and_samples/evaluation/D_MTCP_1__seed2__HR_prcp_DANRA__SIZE_128x128__LR_prcp_msl_thetae_pl_850_cape_ERA5__LOSS_sdfweighted__HEADS_4__TIMESTEPS_56/summary/evaluation_summary.json,scale.iss_primary,Integrated skill score,,one,,,1.0,0.5156903333333334,0.46799,0.48430966666666664,-0.01631966666666662,-0.014125666666666647,0.009428333333333372,Scale,unfavourable
D_MZIP_1__HR_prcp_DANRA__SIZE_128x128__LR_prcp_msl_z_pl_500_ewvf_nwvf_ERA5__LOSS_sdfweighted__HEADS_4__TIMESTEPS_56,D_MZIP_1,D_MZIP_1,1,/Users/au728490/ceddar_runs/models_and_samples/evaluation/D_MZIP_1__HR_prcp_DANRA__SIZE_128x128__LR_prcp_msl_z_pl_500_ewvf_nwvf_ERA5__LOSS_sdfweighted__HEADS_4__TIMESTEPS_56/summary/evaluation_summary.json,scale.iss_primary,Integrated skill score,,one,,,1.0,0.5156903333333334,0.476036,0.48430966666666664,-0.008273666666666624,-0.014125666666666647,0.009428333333333372,Scale,inside_v0_range
D_MZIP_1__seed2__HR_prcp_DANRA__SIZE_128x128__LR_prcp_msl_z_pl_500_ewvf_nwvf_ERA5__LOSS_sdfweighted__HEADS_4__TIMESTEPS_56,D_MZIP_1_seed2,D_MZIP_1,2,/Users/au728490/ceddar_runs/models_and_samples/evaluation/D_MZIP_1__seed2__HR_prcp_DANRA__SIZE_128x128__LR_prcp_msl_z_pl_500_ewvf_nwvf_ERA5__LOSS_sdfweighted__HEADS_4__TIMESTEPS_56/summary/evaluation_summary.json,scale.iss_primary,Integrated skill score,,one,,,1.0,0.5156903333333334,0.466733,0.48430966666666664,-0.01757666666666663,-0.014125666666666647,0.009428333333333372,Scale,unfavourable
D_MT_1__HR_prcp_DANRA__SIZE_128x128__LR_msl_thetae_pl_850_ERA5__LOSS_sdfweighted__HEADS_4__TIMESTEPS_56,D_MT_1,D_MT_1,1,/Users/au728490/ceddar_runs/models_and_samples/evaluation/D_MT_1__HR_prcp_DANRA__SIZE_128x128__LR_msl_thetae_pl_850_ERA5__LOSS_sdfweighted__HEADS_4__TIMESTEPS_56/summary/evaluation_summary.json,scale.iss_primary,Integrated skill score,,one,,,1.0,0.5156903333333334,0.177438,0.48430966666666664,-0.30687166666666665,-0.014125666666666647,0.009428333333333372,Scale,unfavourable
D_MT_1__seed2__HR_prcp_DANRA__SIZE_128x128__LR_msl_thetae_pl_850_ERA5__LOSS_sdfweighted__HEADS_4__TIMESTEPS_56,D_MT_1_seed2,D_MT_1,2,/Users/au728490/ceddar_runs/models_and_samples/evaluation/D_MT_1__seed2__HR_prcp_DANRA__SIZE_128x128__LR_msl_thetae_pl_850_ERA5__LOSS_sdfweighted__HEADS_4__TIMESTEPS_56/summary/evaluation_summary.json,scale.iss_primary,Integrated skill score,,one,,,1.0,0.5156903333333334,0.199753,0.48430966666666664,-0.2845566666666667,-0.014125666666666647,0.009428333333333372,Scale,unfavourable
D_MTC_1__HR_prcp_DANRA__SIZE_128x128__LR_msl_thetae_pl_850_cape_ERA5__LOSS_sdfweighted__HEADS_4__TIMESTEPS_56,D_MTC_1,D_MTC_1,1,/Users/au728490/ceddar_runs/models_and_samples/evaluation/D_MTC_1__HR_prcp_DANRA__SIZE_128x128__LR_msl_thetae_pl_850_cape_ERA5__LOSS_sdfweighted__HEADS_4__TIMESTEPS_56/summary/evaluation_summary.json,scale.iss_primary,Integrated skill score,,one,,,1.0,0.5156903333333334,0.228055,0.48430966666666664,-0.25625466666666663,-0.014125666666666647,0.009428333333333372,Scale,unfavourable
D_MTC_1__seed2__HR_prcp_DANRA__SIZE_128x128__LR_msl_thetae_pl_850_cape_ERA5__LOSS_sdfweighted__HEADS_4__TIMESTEPS_56,D_MTC_1_seed2,D_MTC_1,2,/Users/au728490/ceddar_runs/models_and_samples/evaluation/D_MTC_1__seed2__HR_prcp_DANRA__SIZE_128x128__LR_msl_thetae_pl_850_cape_ERA5__LOSS_sdfweighted__HEADS_4__TIMESTEPS_56/summary/evaluation_summary.json,scale.iss_primary,Integrated skill score,,one,,,1.0,0.5156903333333334,0.215718,0.48430966666666664,-0.2685916666666667,-0.014125666666666647,0.009428333333333372,Scale,unfavourable
C_10__HR_prcp_DANRA__SIZE_128x128__LR_prcp_ERA5__LOSS_sdfweighted__HEADS_4__TIMESTEPS_56,C_10,C_10,1,/Users/au728490/ceddar_runs/models_and_samples/evaluation/C_10__HR_prcp_DANRA__SIZE_128x128__LR_prcp_ERA5__LOSS_sdfweighted__HEADS_4__TIMESTEPS_56/summary/evaluation_summary.json,scale.slope_low,Low-scale PSD slope,,hr,scale.hr_slope_low,-1.8853079999999998,-1.8853079999999998,0.5375580000000002,-2.449774,-2.4228660000000004,-0.026908000000000154,-0.282467,0.17951499999999987,Scale,inside_v0_range
C_10__seed2__HR_prcp_DANRA__SIZE_128x128__LR_prcp_ERA5__LOSS_sdfweighted__HEADS_4__TIMESTEPS_56,C_10_seed2,C_10,2,/Users/au728490/ceddar_runs/models_and_samples/evaluation/C_10__seed2__HR_prcp_DANRA__SIZE_128x128__LR_prcp_ERA5__LOSS_sdfweighted__HEADS_4__TIMESTEPS_56/summary/evaluation_summary.json,scale.slope_low,Low-scale PSD slope,,hr,scale.hr_slope_low,-1.8853079999999998,-1.8853079999999998,0.5375580000000002,-2.388357,-2.4228660000000004,0.0345089999999999,-0.282467,0.17951499999999987,Scale,inside_v0_range
V0_C_0__HR_prcp_DANRA__SIZE_128x128__LR_prcp_cape_ERA5__LOSS_sdfweighted__HEADS_4__TIMESTEPS_56,V0_C_0,V0_C_0,1,/Users/au728490/ceddar_runs/models_and_samples/evaluation/V0_C_0__HR_prcp_DANRA__SIZE_128x128__LR_prcp_cape_ERA5__LOSS_sdfweighted__HEADS_4__TIMESTEPS_56/summary/evaluation_summary.json,scale.slope_low,Low-scale PSD slope,,hr,scale.hr_slope_low,-1.8853079999999998,-1.8853079999999998,0.5375580000000002,-2.475345,-2.4228660000000004,-0.05247899999999994,-0.282467,0.17951499999999987,Scale,inside_v0_range
V0_C_0__seed2__HR_prcp_DANRA__SIZE_128x128__LR_prcp_cape_ERA5__LOSS_sdfweighted__HEADS_4__TIMESTEPS_56,V0_C_0_seed2,V0_C_0,2,/Users/au728490/ceddar_runs/models_and_samples/evaluation/V0_C_0__seed2__HR_prcp_DANRA__SIZE_128x128__LR_prcp_cape_ERA5__LOSS_sdfweighted__HEADS_4__TIMESTEPS_56/summary/evaluation_summary.json,scale.slope_low,Low-scale PSD slope,,hr,scale.hr_slope_low,-1.8853079999999998,-1.8853079999999998,0.5375580000000002,-2.284525,-2.4228660000000004,0.13834100000000005,-0.282467,0.17951499999999987,Scale,inside_v0_range
V0_C_1__HR_prcp_DANRA__SIZE_128x128__LR_prcp_cape_ERA5__LOSS_sdfweighted__HEADS_4__TIMESTEPS_56,V0_C_1,V0_C_1,1,/Users/au728490/ceddar_runs/models_and_samples/evaluation/V0_C_1__HR_prcp_DANRA__SIZE_128x128__LR_prcp_cape_ERA5__LOSS_sdfweighted__HEADS_4__TIMESTEPS_56/summary/evaluation_summary.json,scale.slope_low,Low-scale PSD slope,,hr,scale.hr_slope_low,-1.8853079999999998,-1.8853079999999998,0.5375580000000002,-2.609013,-2.4228660000000004,-0.18614700000000006,-0.282467,0.17951499999999987,Scale,inside_v0_range
V0_C_1__seed2__HR_prcp_DANRA__SIZE_128x128__LR_prcp_cape_ERA5__LOSS_sdfweighted__HEADS_4__TIMESTEPS_56,V0_C_1_seed2,V0_C_1,2,/Users/au728490/ceddar_runs/models_and_samples/evaluation/V0_C_1__seed2__HR_prcp_DANRA__SIZE_128x128__LR_prcp_cape_ERA5__LOSS_sdfweighted__HEADS_4__TIMESTEPS_56/summary/evaluation_summary.json,scale.slope_low,Low-scale PSD slope,,hr,scale.hr_slope_low,-1.8853079999999998,-1.8853079999999998,0.5375580000000002,-2.347371,-2.4228660000000004,0.07549500000000009,-0.282467,0.17951499999999987,Scale,inside_v0_range
V0_I_0__HR_prcp_DANRA__SIZE_128x128__LR_prcp_ewvf_nwvf_ERA5__LOSS_sdfweighted__HEADS_4__TIMESTEPS_56,V0_I_0,V0_I_0,1,/Users/au728490/ceddar_runs/models_and_samples/evaluation/V0_I_0__HR_prcp_DANRA__SIZE_128x128__LR_prcp_ewvf_nwvf_ERA5__LOSS_sdfweighted__HEADS_4__TIMESTEPS_56/summary/evaluation_summary.json,scale.slope_low,Low-scale PSD slope,,hr,scale.hr_slope_low,-1.8853079999999998,-1.8853079999999998,0.5375580000000002,-2.701628,-2.4228660000000004,-0.27876199999999995,-0.282467,0.17951499999999987,Scale,inside_v0_range
V0_I_0__seed2__HR_prcp_DANRA__SIZE_128x128__LR_prcp_ewvf_nwvf_ERA5__LOSS_sdfweighted__HEADS_4__TIMESTEPS_56,V0_I_0_seed2,V0_I_0,2,/Users/au728490/ceddar_runs/models_and_samples/evaluation/V0_I_0__seed2__HR_prcp_DANRA__SIZE_128x128__LR_prcp_ewvf_nwvf_ERA5__LOSS_sdfweighted__HEADS_4__TIMESTEPS_56/summary/evaluation_summary.json,scale.slope_low,Low-scale PSD slope,,hr,scale.hr_slope_low,-1.8853079999999998,-1.8853079999999998,0.5375580000000002,-2.43376,-2.4228660000000004,-0.01089399999999996,-0.282467,0.17951499999999987,Scale,inside_v0_range
V0_I_1__HR_prcp_DANRA__SIZE_128x128__LR_prcp_ewvf_nwvf_ERA5__LOSS_sdfweighted__HEADS_4__TIMESTEPS_56,V0_I_1,V0_I_1,1,/Users/au728490/ceddar_runs/models_and_samples/evaluation/V0_I_1__HR_prcp_DANRA__SIZE_128x128__LR_prcp_ewvf_nwvf_ERA5__LOSS_sdfweighted__HEADS_4__TIMESTEPS_56/summary/evaluation_summary.json,scale.slope_low,Low-scale PSD slope,,hr,scale.hr_slope_low,-1.8853079999999998,-1.8853079999999998,0.5375580000000002,-1.998269,-2.4228660000000004,0.4245969999999999,-0.282467,0.17951499999999987,Scale,favourable
V0_I_1__seed2__HR_prcp_DANRA__SIZE_128x128__LR_prcp_ewvf_nwvf_ERA5__LOSS_sdfweighted__HEADS_4__TIMESTEPS_56,V0_I_1_seed2,V0_I_1,2,/Users/au728490/ceddar_runs/models_and_samples/evaluation/V0_I_1__seed2__HR_prcp_DANRA__SIZE_128x128__LR_prcp_ewvf_nwvf_ERA5__LOSS_sdfweighted__HEADS_4__TIMESTEPS_56/summary/evaluation_summary.json,scale.slope_low,Low-scale PSD slope,,hr,scale.hr_slope_low,-1.8853079999999998,-1.8853079999999998,0.5375580000000002,-2.381331,-2.4228660000000004,0.0415350000000001,-0.282467,0.17951499999999987,Scale,inside_v0_range
V0_M_0__HR_prcp_DANRA__SIZE_128x128__LR_prcp_msl_ERA5__LOSS_sdfweighted__HEADS_4__TIMESTEPS_56,V0_M_0,V0_M_0,1,/Users/au728490/ceddar_runs/models_and_samples/evaluation/V0_M_0__HR_prcp_DANRA__SIZE_128x128__LR_prcp_msl_ERA5__LOSS_sdfweighted__HEADS_4__TIMESTEPS_56/summary/evaluation_summary.json,scale.slope_low,Low-scale PSD slope,,hr,scale.hr_slope_low,-1.8853079999999998,-1.8853079999999998,0.5375580000000002,-2.283904,-2.4228660000000004,0.1389619999999998,-0.282467,0.17951499999999987,Scale,inside_v0_range
V0_M_0__seed2__HR_prcp_DANRA__SIZE_128x128__LR_prcp_msl_ERA5__LOSS_sdfweighted__HEADS_4__TIMESTEPS_56,V0_M_0_seed2,V0_M_0,2,/Users/au728490/ceddar_runs/models_and_samples/evaluation/V0_M_0__seed2__HR_prcp_DANRA__SIZE_128x128__LR_prcp_msl_ERA5__LOSS_sdfweighted__HEADS_4__TIMESTEPS_56/summary/evaluation_summary.json,scale.slope_low,Low-scale PSD slope,,hr,scale.hr_slope_low,-1.8853079999999998,-1.8853079999999998,0.5375580000000002,-2.573265,-2.4228660000000004,-0.15039900000000017,-0.282467,0.17951499999999987,Scale,inside_v0_range
V0_M_1__HR_prcp_DANRA__SIZE_128x128__LR_prcp_msl_ERA5__LOSS_sdfweighted__HEADS_4__TIMESTEPS_56,V0_M_1,V0_M_1,1,/Users/au728490/ceddar_runs/models_and_samples/evaluation/V0_M_1__HR_prcp_DANRA__SIZE_128x128__LR_prcp_msl_ERA5__LOSS_sdfweighted__HEADS_4__TIMESTEPS_56/summary/evaluation_summary.json,scale.slope_low,Low-scale PSD slope,,hr,scale.hr_slope_low,-1.8853079999999998,-1.8853079999999998,0.5375580000000002,-2.288064,-2.4228660000000004,0.1348020000000001,-0.282467,0.17951499999999987,Scale,inside_v0_range
V0_M_1__seed2__HR_prcp_DANRA__SIZE_128x128__LR_prcp_msl_ERA5__LOSS_sdfweighted__HEADS_4__TIMESTEPS_56,V0_M_1_seed2,V0_M_1,2,/Users/au728490/ceddar_runs/models_and_samples/evaluation/V0_M_1__seed2__HR_prcp_DANRA__SIZE_128x128__LR_prcp_msl_ERA5__LOSS_sdfweighted__HEADS_4__TIMESTEPS_56/summary/evaluation_summary.json,scale.slope_low,Low-scale PSD slope,,hr,scale.hr_slope_low,-1.8853079999999998,-1.8853079999999998,0.5375580000000002,-2.465444,-2.4228660000000004,-0.04257800000000023,-0.282467,0.17951499999999987,Scale,inside_v0_range
V0_T_0__HR_prcp_DANRA__SIZE_128x128__LR_prcp_thetae_pl_850_ERA5__LOSS_sdfweighted__HEADS_4__TIMESTEPS_56,V0_T_0,V0_T_0,1,/Users/au728490/ceddar_runs/models_and_samples/evaluation/V0_T_0__HR_prcp_DANRA__SIZE_128x128__LR_prcp_thetae_pl_850_ERA5__LOSS_sdfweighted__HEADS_4__TIMESTEPS_56/summary/evaluation_summary.json,scale.slope_low,Low-scale PSD slope,,hr,scale.hr_slope_low,-1.8853079999999998,-1.8853079999999998,0.5375580000000002,-2.369375,-2.4228660000000004,0.05349100000000018,-0.282467,0.17951499999999987,Scale,inside_v0_range
V0_T_0__seed2__HR_prcp_DANRA__SIZE_128x128__LR_prcp_thetae_pl_850_ERA5__LOSS_sdfweighted__HEADS_4__TIMESTEPS_56,V0_T_0_seed2,V0_T_0,2,/Users/au728490/ceddar_runs/models_and_samples/evaluation/V0_T_0__seed2__HR_prcp_DANRA__SIZE_128x128__LR_prcp_thetae_pl_850_ERA5__LOSS_sdfweighted__HEADS_4__TIMESTEPS_56/summary/evaluation_summary.json,scale.slope_low,Low-scale PSD slope,,hr,scale.hr_slope_low,-1.8853079999999998,-1.8853079999999998,0.5375580000000002,-2.373409,-2.4228660000000004,0.04945699999999986,-0.282467,0.17951499999999987,Scale,inside_v0_range
V0_T_1__HR_prcp_DANRA__SIZE_128x128__LR_prcp_thetae_pl_850_ERA5__LOSS_sdfweighted__HEADS_4__TIMESTEPS_56,V0_T_1,V0_T_1,1,/Users/au728490/ceddar_runs/models_and_samples/evaluation/V0_T_1__HR_prcp_DANRA__SIZE_128x128__LR_prcp_thetae_pl_850_ERA5__LOSS_sdfweighted__HEADS_4__TIMESTEPS_56/summary/evaluation_summary.json,scale.slope_low,Low-scale PSD slope,,hr,scale.hr_slope_low,-1.8853079999999998,-1.8853079999999998,0.5375580000000002,-2.451497,-2.4228660000000004,-0.02863099999999985,-0.282467,0.17951499999999987,Scale,inside_v0_range
V0_T_1__seed2__HR_prcp_DANRA__SIZE_128x128__LR_prcp_thetae_pl_850_ERA5__LOSS_sdfweighted__HEADS_4__TIMESTEPS_56,V0_T_1_seed2,V0_T_1,2,/Users/au728490/ceddar_runs/models_and_samples/evaluation/V0_T_1__seed2__HR_prcp_DANRA__SIZE_128x128__LR_prcp_thetae_pl_850_ERA5__LOSS_sdfweighted__HEADS_4__TIMESTEPS_56/summary/evaluation_summary.json,scale.slope_low,Low-scale PSD slope,,hr,scale.hr_slope_low,-1.8853079999999998,-1.8853079999999998,0.5375580000000002,-2.617861,-2.4228660000000004,-0.19499500000000003,-0.282467,0.17951499999999987,Scale,inside_v0_range
V0_Z_0__HR_prcp_DANRA__SIZE_128x128__LR_prcp_z_pl_500_ERA5__LOSS_sdfweighted__HEADS_4__TIMESTEPS_56,V0_Z_0,V0_Z_0,1,/Users/au728490/ceddar_runs/models_and_samples/evaluation/V0_Z_0__HR_prcp_DANRA__SIZE_128x128__LR_prcp_z_pl_500_ERA5__LOSS_sdfweighted__HEADS_4__TIMESTEPS_56/summary/evaluation_summary.json,scale.slope_low,Low-scale PSD slope,,hr,scale.hr_slope_low,-1.8853079999999998,-1.8853079999999998,0.5375580000000002,-2.374479,-2.4228660000000004,0.04838699999999996,-0.282467,0.17951499999999987,Scale,inside_v0_range
V0_Z_0__seed2__HR_prcp_DANRA__SIZE_128x128__LR_prcp_z_pl_500_ERA5__LOSS_sdfweighted__HEADS_4__TIMESTEPS_56,V0_Z_0_seed2,V0_Z_0,2,/Users/au728490/ceddar_runs/models_and_samples/evaluation/V0_Z_0__seed2__HR_prcp_DANRA__SIZE_128x128__LR_prcp_z_pl_500_ERA5__LOSS_sdfweighted__HEADS_4__TIMESTEPS_56/summary/evaluation_summary.json,scale.slope_low,Low-scale PSD slope,,hr,scale.hr_slope_low,-1.8853079999999998,-1.8853079999999998,0.5375580000000002,-2.502737,-2.4228660000000004,-0.07987100000000025,-0.282467,0.17951499999999987,Scale,inside_v0_range
V0_Z_1__HR_prcp_DANRA__SIZE_128x128__LR_prcp_z_pl_500_ERA5__LOSS_sdfweighted__HEADS_4__TIMESTEPS_56,V0_Z_1,V0_Z_1,1,/Users/au728490/ceddar_runs/models_and_samples/evaluation/V0_Z_1__HR_prcp_DANRA__SIZE_128x128__LR_prcp_z_pl_500_ERA5__LOSS_sdfweighted__HEADS_4__TIMESTEPS_56/summary/evaluation_summary.json,scale.slope_low,Low-scale PSD slope,,hr,scale.hr_slope_low,-1.8853079999999998,-1.8853079999999998,0.5375580000000002,-2.526126,-2.4228660000000004,-0.10326000000000013,-0.282467,0.17951499999999987,Scale,inside_v0_range
V0_Z_1__seed2__HR_prcp_DANRA__SIZE_128x128__LR_prcp_z_pl_500_ERA5__LOSS_sdfweighted__HEADS_4__TIMESTEPS_56,V0_Z_1_seed2,V0_Z_1,2,/Users/au728490/ceddar_runs/models_and_samples/evaluation/V0_Z_1__seed2__HR_prcp_DANRA__SIZE_128x128__LR_prcp_z_pl_500_ERA5__LOSS_sdfweighted__HEADS_4__TIMESTEPS_56/summary/evaluation_summary.json,scale.slope_low,Low-scale PSD slope,,hr,scale.hr_slope_low,-1.8853079999999998,-1.8853079999999998,0.5375580000000002,-2.395468,-2.4228660000000004,0.02739799999999981,-0.282467,0.17951499999999987,Scale,inside_v0_range
D_IP_1__HR_prcp_DANRA__SIZE_128x128__LR_prcp_ewvf_nwvf_ERA5__LOSS_sdfweighted__HEADS_4__TIMESTEPS_56,D_IP_1,D_IP_1,1,/Users/au728490/ceddar_runs/models_and_samples/evaluation/D_IP_1__HR_prcp_DANRA__SIZE_128x128__LR_prcp_ewvf_nwvf_ERA5__LOSS_sdfweighted__HEADS_4__TIMESTEPS_56/summary/evaluation_summary.json,scale.slope_low,Low-scale PSD slope,,hr,scale.hr_slope_low,-1.8853079999999998,-1.8853079999999998,0.5375580000000002,-2.326312,-2.4228660000000004,0.0965539999999998,-0.282467,0.17951499999999987,Scale,inside_v0_range
D_IP_1__seed2__HR_prcp_DANRA__SIZE_128x128__LR_prcp_ewvf_nwvf_ERA5__LOSS_sdfweighted__HEADS_4__TIMESTEPS_56,D_IP_1_seed2,D_IP_1,2,/Users/au728490/ceddar_runs/models_and_samples/evaluation/D_IP_1__seed2__HR_prcp_DANRA__SIZE_128x128__LR_prcp_ewvf_nwvf_ERA5__LOSS_sdfweighted__HEADS_4__TIMESTEPS_56/summary/evaluation_summary.json,scale.slope_low,Low-scale PSD slope,,hr,scale.hr_slope_low,-1.8853079999999998,-1.8853079999999998,0.5375580000000002,-2.449965,-2.4228660000000004,-0.027099000000000206,-0.282467,0.17951499999999987,Scale,inside_v0_range
D_MZP_1__HR_prcp_DANRA__SIZE_128x128__LR_prcp_msl_z_pl_500_ERA5__LOSS_sdfweighted__HEADS_4__TIMESTEPS_56,D_MZP_1,D_MZP_1,1,/Users/au728490/ceddar_runs/models_and_samples/evaluation/D_MZP_1__HR_prcp_DANRA__SIZE_128x128__LR_prcp_msl_z_pl_500_ERA5__LOSS_sdfweighted__HEADS_4__TIMESTEPS_56/summary/evaluation_summary.json,scale.slope_low,Low-scale PSD slope,,hr,scale.hr_slope_low,-1.8853079999999998,-1.8853079999999998,0.5375580000000002,-2.072702,-2.4228660000000004,0.3501639999999999,-0.282467,0.17951499999999987,Scale,favourable
D_MZP_1__seed2__HR_prcp_DANRA__SIZE_128x128__LR_prcp_msl_z_pl_500_ERA5__LOSS_sdfweighted__HEADS_4__TIMESTEPS_56,D_MZP_1_seed2,D_MZP_1,2,/Users/au728490/ceddar_runs/models_and_samples/evaluation/D_MZP_1__seed2__HR_prcp_DANRA__SIZE_128x128__LR_prcp_msl_z_pl_500_ERA5__LOSS_sdfweighted__HEADS_4__TIMESTEPS_56/summary/evaluation_summary.json,scale.slope_low,Low-scale PSD slope,,hr,scale.hr_slope_low,-1.8853079999999998,-1.8853079999999998,0.5375580000000002,-2.412309,-2.4228660000000004,0.010556999999999928,-0.282467,0.17951499999999987,Scale,inside_v0_range
D_MTP_0__HR_prcp_DANRA__SIZE_128x128__LR_prcp_msl_thetae_pl_850_ERA5__LOSS_sdfweighted__HEADS_4__TIMESTEPS_56,D_MTP_0,D_MTP_0,1,/Users/au728490/ceddar_runs/models_and_samples/evaluation/D_MTP_0__HR_prcp_DANRA__SIZE_128x128__LR_prcp_msl_thetae_pl_850_ERA5__LOSS_sdfweighted__HEADS_4__TIMESTEPS_56/summary/evaluation_summary.json,scale.slope_low,Low-scale PSD slope,,hr,scale.hr_slope_low,-1.8853079999999998,-1.8853079999999998,0.5375580000000002,-2.360395,-2.4228660000000004,0.06247099999999994,-0.282467,0.17951499999999987,Scale,inside_v0_range
D_MTP_0__seed2__HR_prcp_DANRA__SIZE_128x128__LR_prcp_msl_thetae_pl_850_ERA5__LOSS_sdfweighted__HEADS_4__TIMESTEPS_56,D_MTP_0_seed2,D_MTP_0,2,/Users/au728490/ceddar_runs/models_and_samples/evaluation/D_MTP_0__seed2__HR_prcp_DANRA__SIZE_128x128__LR_prcp_msl_thetae_pl_850_ERA5__LOSS_sdfweighted__HEADS_4__TIMESTEPS_56/summary/evaluation_summary.json,scale.slope_low,Low-scale PSD slope,,hr,scale.hr_slope_low,-1.8853079999999998,-1.8853079999999998,0.5375580000000002,-2.358692,-2.4228660000000004,0.06417399999999995,-0.282467,0.17951499999999987,Scale,inside_v0_range
D_MTP_1__HR_prcp_DANRA__SIZE_128x128__LR_prcp_msl_thetae_pl_850_ERA5__LOSS_sdfweighted__HEADS_4__TIMESTEPS_56,D_MTP_1,D_MTP_1,1,/Users/au728490/ceddar_runs/models_and_samples/evaluation/D_MTP_1__HR_prcp_DANRA__SIZE_128x128__LR_prcp_msl_thetae_pl_850_ERA5__LOSS_sdfweighted__HEADS_4__TIMESTEPS_56/summary/evaluation_summary.json,scale.slope_low,Low-scale PSD slope,,hr,scale.hr_slope_low,-1.8853079999999998,-1.8853079999999998,0.5375580000000002,-2.180977,-2.4228660000000004,0.24188900000000002,-0.282467,0.17951499999999987,Scale,favourable
D_MTP_1__seed2__HR_prcp_DANRA__SIZE_128x128__LR_prcp_msl_thetae_pl_850_ERA5__LOSS_sdfweighted__HEADS_4__TIMESTEPS_56,D_MTP_1_seed2,D_MTP_1,2,/Users/au728490/ceddar_runs/models_and_samples/evaluation/D_MTP_1__seed2__HR_prcp_DANRA__SIZE_128x128__LR_prcp_msl_thetae_pl_850_ERA5__LOSS_sdfweighted__HEADS_4__TIMESTEPS_56/summary/evaluation_summary.json,scale.slope_low,Low-scale PSD slope,,hr,scale.hr_slope_low,-1.8853079999999998,-1.8853079999999998,0.5375580000000002,-2.388983,-2.4228660000000004,0.033882999999999885,-0.282467,0.17951499999999987,Scale,inside_v0_range
D_MTCP_1__HR_prcp_DANRA__SIZE_128x128__LR_prcp_msl_thetae_pl_850_cape_ERA5__LOSS_sdfweighted__HEADS_4__TIMESTEPS_56,D_MTCP_1,D_MTCP_1,1,/Users/au728490/ceddar_runs/models_and_samples/evaluation/D_MTCP_1__HR_prcp_DANRA__SIZE_128x128__LR_prcp_msl_thetae_pl_850_cape_ERA5__LOSS_sdfweighted__HEADS_4__TIMESTEPS_56/summary/evaluation_summary.json,scale.slope_low,Low-scale PSD slope,,hr,scale.hr_slope_low,-1.8853079999999998,-1.8853079999999998,0.5375580000000002,-2.289545,-2.4228660000000004,0.13332100000000002,-0.282467,0.17951499999999987,Scale,inside_v0_range
D_MTCP_1__seed2__HR_prcp_DANRA__SIZE_128x128__LR_prcp_msl_thetae_pl_850_cape_ERA5__LOSS_sdfweighted__HEADS_4__TIMESTEPS_56,D_MTCP_1_seed2,D_MTCP_1,2,/Users/au728490/ceddar_runs/models_and_samples/evaluation/D_MTCP_1__seed2__HR_prcp_DANRA__SIZE_128x128__LR_prcp_msl_thetae_pl_850_cape_ERA5__LOSS_sdfweighted__HEADS_4__TIMESTEPS_56/summary/evaluation_summary.json,scale.slope_low,Low-scale PSD slope,,hr,scale.hr_slope_low,-1.8853079999999998,-1.8853079999999998,0.5375580000000002,-2.456206,-2.4228660000000004,-0.033339999999999925,-0.282467,0.17951499999999987,Scale,inside_v0_range
D_MZIP_1__HR_prcp_DANRA__SIZE_128x128__LR_prcp_msl_z_pl_500_ewvf_nwvf_ERA5__LOSS_sdfweighted__HEADS_4__TIMESTEPS_56,D_MZIP_1,D_MZIP_1,1,/Users/au728490/ceddar_runs/models_and_samples/evaluation/D_MZIP_1__HR_prcp_DANRA__SIZE_128x128__LR_prcp_msl_z_pl_500_ewvf_nwvf_ERA5__LOSS_sdfweighted__HEADS_4__TIMESTEPS_56/summary/evaluation_summary.json,scale.slope_low,Low-scale PSD slope,,hr,scale.hr_slope_low,-1.8853079999999998,-1.8853079999999998,0.5375580000000002,-2.618444,-2.4228660000000004,-0.19557800000000025,-0.282467,0.17951499999999987,Scale,inside_v0_range
D_MZIP_1__seed2__HR_prcp_DANRA__SIZE_128x128__LR_prcp_msl_z_pl_500_ewvf_nwvf_ERA5__LOSS_sdfweighted__HEADS_4__TIMESTEPS_56,D_MZIP_1_seed2,D_MZIP_1,2,/Users/au728490/ceddar_runs/models_and_samples/evaluation/D_MZIP_1__seed2__HR_prcp_DANRA__SIZE_128x128__LR_prcp_msl_z_pl_500_ewvf_nwvf_ERA5__LOSS_sdfweighted__HEADS_4__TIMESTEPS_56/summary/evaluation_summary.json,scale.slope_low,Low-scale PSD slope,,hr,scale.hr_slope_low,-1.8853079999999998,-1.8853079999999998,0.5375580000000002,-2.115343,-2.4228660000000004,0.30752299999999977,-0.282467,0.17951499999999987,Scale,favourable
D_MT_1__HR_prcp_DANRA__SIZE_128x128__LR_msl_thetae_pl_850_ERA5__LOSS_sdfweighted__HEADS_4__TIMESTEPS_56,D_MT_1,D_MT_1,1,/Users/au728490/ceddar_runs/models_and_samples/evaluation/D_MT_1__HR_prcp_DANRA__SIZE_128x128__LR_msl_thetae_pl_850_ERA5__LOSS_sdfweighted__HEADS_4__TIMESTEPS_56/summary/evaluation_summary.json,scale.slope_low,Low-scale PSD slope,,hr,scale.hr_slope_low,-1.8853079999999998,-1.8853079999999998,0.5375580000000002,-2.425852,-2.4228660000000004,-0.002985999999999933,-0.282467,0.17951499999999987,Scale,inside_v0_range
D_MT_1__seed2__HR_prcp_DANRA__SIZE_128x128__LR_msl_thetae_pl_850_ERA5__LOSS_sdfweighted__HEADS_4__TIMESTEPS_56,D_MT_1_seed2,D_MT_1,2,/Users/au728490/ceddar_runs/models_and_samples/evaluation/D_MT_1__seed2__HR_prcp_DANRA__SIZE_128x128__LR_msl_thetae_pl_850_ERA5__LOSS_sdfweighted__HEADS_4__TIMESTEPS_56/summary/evaluation_summary.json,scale.slope_low,Low-scale PSD slope,,hr,scale.hr_slope_low,-1.8853079999999998,-1.8853079999999998,0.5375580000000002,-2.054207,-2.4228660000000004,0.36865900000000007,-0.282467,0.17951499999999987,Scale,favourable
D_MTC_1__HR_prcp_DANRA__SIZE_128x128__LR_msl_thetae_pl_850_cape_ERA5__LOSS_sdfweighted__HEADS_4__TIMESTEPS_56,D_MTC_1,D_MTC_1,1,/Users/au728490/ceddar_runs/models_and_samples/evaluation/D_MTC_1__HR_prcp_DANRA__SIZE_128x128__LR_msl_thetae_pl_850_cape_ERA5__LOSS_sdfweighted__HEADS_4__TIMESTEPS_56/summary/evaluation_summary.json,scale.slope_low,Low-scale PSD slope,,hr,scale.hr_slope_low,-1.8853079999999998,-1.8853079999999998,0.5375580000000002,-2.162255,-2.4228660000000004,0.2606109999999999,-0.282467,0.17951499999999987,Scale,favourable
D_MTC_1__seed2__HR_prcp_DANRA__SIZE_128x128__LR_msl_thetae_pl_850_cape_ERA5__LOSS_sdfweighted__HEADS_4__TIMESTEPS_56,D_MTC_1_seed2,D_MTC_1,2,/Users/au728490/ceddar_runs/models_and_samples/evaluation/D_MTC_1__seed2__HR_prcp_DANRA__SIZE_128x128__LR_msl_thetae_pl_850_cape_ERA5__LOSS_sdfweighted__HEADS_4__TIMESTEPS_56/summary/evaluation_summary.json,scale.slope_low,Low-scale PSD slope,,hr,scale.hr_slope_low,-1.8853079999999998,-1.8853079999999998,0.5375580000000002,-2.308305,-2.4228660000000004,0.11456100000000013,-0.282467,0.17951499999999987,Scale,inside_v0_range
C_10__HR_prcp_DANRA__SIZE_128x128__LR_prcp_ERA5__LOSS_sdfweighted__HEADS_4__TIMESTEPS_56,C_10,C_10,1,/Users/au728490/ceddar_runs/models_and_samples/evaluation/C_10__HR_prcp_DANRA__SIZE_128x128__LR_prcp_ERA5__LOSS_sdfweighted__HEADS_4__TIMESTEPS_56/summary/evaluation_summary.json,scale.slope_mid,Mid-scale PSD slope,,hr,scale.hr_slope_mid,-2.731742,-2.731742,0.2986243333333333,-2.397652,-2.4331176666666665,-0.035465666666666895,-0.04272366666666666,0.0731673333333333,Scale,inside_v0_range
C_10__seed2__HR_prcp_DANRA__SIZE_128x128__LR_prcp_ERA5__LOSS_sdfweighted__HEADS_4__TIMESTEPS_56,C_10_seed2,C_10,2,/Users/au728490/ceddar_runs/models_and_samples/evaluation/C_10__seed2__HR_prcp_DANRA__SIZE_128x128__LR_prcp_ERA5__LOSS_sdfweighted__HEADS_4__TIMESTEPS_56/summary/evaluation_summary.json,scale.slope_mid,Mid-scale PSD slope,,hr,scale.hr_slope_mid,-2.731742,-2.731742,0.2986243333333333,-2.325458,-2.4331176666666665,-0.10765966666666699,-0.04272366666666666,0.0731673333333333,Scale,unfavourable
V0_C_0__HR_prcp_DANRA__SIZE_128x128__LR_prcp_cape_ERA5__LOSS_sdfweighted__HEADS_4__TIMESTEPS_56,V0_C_0,V0_C_0,1,/Users/au728490/ceddar_runs/models_and_samples/evaluation/V0_C_0__HR_prcp_DANRA__SIZE_128x128__LR_prcp_cape_ERA5__LOSS_sdfweighted__HEADS_4__TIMESTEPS_56/summary/evaluation_summary.json,scale.slope_mid,Mid-scale PSD slope,,hr,scale.hr_slope_mid,-2.731742,-2.731742,0.2986243333333333,-2.451983,-2.4331176666666665,0.018865333333333012,-0.04272366666666666,0.0731673333333333,Scale,inside_v0_range
V0_C_0__seed2__HR_prcp_DANRA__SIZE_128x128__LR_prcp_cape_ERA5__LOSS_sdfweighted__HEADS_4__TIMESTEPS_56,V0_C_0_seed2,V0_C_0,2,/Users/au728490/ceddar_runs/models_and_samples/evaluation/V0_C_0__seed2__HR_prcp_DANRA__SIZE_128x128__LR_prcp_cape_ERA5__LOSS_sdfweighted__HEADS_4__TIMESTEPS_56/summary/evaluation_summary.json,scale.slope_mid,Mid-scale PSD slope,,hr,scale.hr_slope_mid,-2.731742,-2.731742,0.2986243333333333,-2.3074,-2.4331176666666665,-0.1257176666666669,-0.04272366666666666,0.0731673333333333,Scale,unfavourable
V0_C_1__HR_prcp_DANRA__SIZE_128x128__LR_prcp_cape_ERA5__LOSS_sdfweighted__HEADS_4__TIMESTEPS_56,V0_C_1,V0_C_1,1,/Users/au728490/ceddar_runs/models_and_samples/evaluation/V0_C_1__HR_prcp_DANRA__SIZE_128x128__LR_prcp_cape_ERA5__LOSS_sdfweighted__HEADS_4__TIMESTEPS_56/summary/evaluation_summary.json,scale.slope_mid,Mid-scale PSD slope,,hr,scale.hr_slope_mid,-2.731742,-2.731742,0.2986243333333333,-2.519633,-2.4331176666666665,0.086515333333333,-0.04272366666666666,0.0731673333333333,Scale,favourable
V0_C_1__seed2__HR_prcp_DANRA__SIZE_128x128__LR_prcp_cape_ERA5__LOSS_sdfweighted__HEADS_4__TIMESTEPS_56,V0_C_1_seed2,V0_C_1,2,/Users/au728490/ceddar_runs/models_and_samples/evaluation/V0_C_1__seed2__HR_prcp_DANRA__SIZE_128x128__LR_prcp_cape_ERA5__LOSS_sdfweighted__HEADS_4__TIMESTEPS_56/summary/evaluation_summary.json,scale.slope_mid,Mid-scale PSD slope,,hr,scale.hr_slope_mid,-2.731742,-2.731742,0.2986243333333333,-2.249517,-2.4331176666666665,-0.1836006666666668,-0.04272366666666666,0.0731673333333333,Scale,unfavourable
V0_I_0__HR_prcp_DANRA__SIZE_128x128__LR_prcp_ewvf_nwvf_ERA5__LOSS_sdfweighted__HEADS_4__TIMESTEPS_56,V0_I_0,V0_I_0,1,/Users/au728490/ceddar_runs/models_and_samples/evaluation/V0_I_0__HR_prcp_DANRA__SIZE_128x128__LR_prcp_ewvf_nwvf_ERA5__LOSS_sdfweighted__HEADS_4__TIMESTEPS_56/summary/evaluation_summary.json,scale.slope_mid,Mid-scale PSD slope,,hr,scale.hr_slope_mid,-2.731742,-2.731742,0.2986243333333333,-2.539683,-2.4331176666666665,0.10656533333333335,-0.04272366666666666,0.0731673333333333,Scale,favourable
V0_I_0__seed2__HR_prcp_DANRA__SIZE_128x128__LR_prcp_ewvf_nwvf_ERA5__LOSS_sdfweighted__HEADS_4__TIMESTEPS_56,V0_I_0_seed2,V0_I_0,2,/Users/au728490/ceddar_runs/models_and_samples/evaluation/V0_I_0__seed2__HR_prcp_DANRA__SIZE_128x128__LR_prcp_ewvf_nwvf_ERA5__LOSS_sdfweighted__HEADS_4__TIMESTEPS_56/summary/evaluation_summary.json,scale.slope_mid,Mid-scale PSD slope,,hr,scale.hr_slope_mid,-2.731742,-2.731742,0.2986243333333333,-2.42461,-2.4331176666666665,-0.008507666666666858,-0.04272366666666666,0.0731673333333333,Scale,inside_v0_range
V0_I_1__HR_prcp_DANRA__SIZE_128x128__LR_prcp_ewvf_nwvf_ERA5__LOSS_sdfweighted__HEADS_4__TIMESTEPS_56,V0_I_1,V0_I_1,1,/Users/au728490/ceddar_runs/models_and_samples/evaluation/V0_I_1__HR_prcp_DANRA__SIZE_128x128__LR_prcp_ewvf_nwvf_ERA5__LOSS_sdfweighted__HEADS_4__TIMESTEPS_56/summary/evaluation_summary.json,scale.slope_mid,Mid-scale PSD slope,,hr,scale.hr_slope_mid,-2.731742,-2.731742,0.2986243333333333,-2.112303,-2.4331176666666665,-0.32081466666666697,-0.04272366666666666,0.0731673333333333,Scale,unfavourable
V0_I_1__seed2__HR_prcp_DANRA__SIZE_128x128__LR_prcp_ewvf_nwvf_ERA5__LOSS_sdfweighted__HEADS_4__TIMESTEPS_56,V0_I_1_seed2,V0_I_1,2,/Users/au728490/ceddar_runs/models_and_samples/evaluation/V0_I_1__seed2__HR_prcp_DANRA__SIZE_128x128__LR_prcp_ewvf_nwvf_ERA5__LOSS_sdfweighted__HEADS_4__TIMESTEPS_56/summary/evaluation_summary.json,scale.slope_mid,Mid-scale PSD slope,,hr,scale.hr_slope_mid,-2.731742,-2.731742,0.2986243333333333,-2.366721,-2.4331176666666665,-0.06639666666666671,-0.04272366666666666,0.0731673333333333,Scale,unfavourable
V0_M_0__HR_prcp_DANRA__SIZE_128x128__LR_prcp_msl_ERA5__LOSS_sdfweighted__HEADS_4__TIMESTEPS_56,V0_M_0,V0_M_0,1,/Users/au728490/ceddar_runs/models_and_samples/evaluation/V0_M_0__HR_prcp_DANRA__SIZE_128x128__LR_prcp_msl_ERA5__LOSS_sdfweighted__HEADS_4__TIMESTEPS_56/summary/evaluation_summary.json,scale.slope_mid,Mid-scale PSD slope,,hr,scale.hr_slope_mid,-2.731742,-2.731742,0.2986243333333333,-2.315432,-2.4331176666666665,-0.11768566666666685,-0.04272366666666666,0.0731673333333333,Scale,unfavourable
V0_M_0__seed2__HR_prcp_DANRA__SIZE_128x128__LR_prcp_msl_ERA5__LOSS_sdfweighted__HEADS_4__TIMESTEPS_56,V0_M_0_seed2,V0_M_0,2,/Users/au728490/ceddar_runs/models_and_samples/evaluation/V0_M_0__seed2__HR_prcp_DANRA__SIZE_128x128__LR_prcp_msl_ERA5__LOSS_sdfweighted__HEADS_4__TIMESTEPS_56/summary/evaluation_summary.json,scale.slope_mid,Mid-scale PSD slope,,hr,scale.hr_slope_mid,-2.731742,-2.731742,0.2986243333333333,-2.549379,-2.4331176666666665,0.11626133333333327,-0.04272366666666666,0.0731673333333333,Scale,favourable
V0_M_1__HR_prcp_DANRA__SIZE_128x128__LR_prcp_msl_ERA5__LOSS_sdfweighted__HEADS_4__TIMESTEPS_56,V0_M_1,V0_M_1,1,/Users/au728490/ceddar_runs/models_and_samples/evaluation/V0_M_1__HR_prcp_DANRA__SIZE_128x128__LR_prcp_msl_ERA5__LOSS_sdfweighted__HEADS_4__TIMESTEPS_56/summary/evaluation_summary.json,scale.slope_mid,Mid-scale PSD slope,,hr,scale.hr_slope_mid,-2.731742,-2.731742,0.2986243333333333,-2.37498,-2.4331176666666665,-0.05813766666666692,-0.04272366666666666,0.0731673333333333,Scale,unfavourable
V0_M_1__seed2__HR_prcp_DANRA__SIZE_128x128__LR_prcp_msl_ERA5__LOSS_sdfweighted__HEADS_4__TIMESTEPS_56,V0_M_1_seed2,V0_M_1,2,/Users/au728490/ceddar_runs/models_and_samples/evaluation/V0_M_1__seed2__HR_prcp_DANRA__SIZE_128x128__LR_prcp_msl_ERA5__LOSS_sdfweighted__HEADS_4__TIMESTEPS_56/summary/evaluation_summary.json,scale.slope_mid,Mid-scale PSD slope,,hr,scale.hr_slope_mid,-2.731742,-2.731742,0.2986243333333333,-2.36946,-2.4331176666666665,-0.06365766666666667,-0.04272366666666666,0.0731673333333333,Scale,unfavourable
V0_T_0__HR_prcp_DANRA__SIZE_128x128__LR_prcp_thetae_pl_850_ERA5__LOSS_sdfweighted__HEADS_4__TIMESTEPS_56,V0_T_0,V0_T_0,1,/Users/au728490/ceddar_runs/models_and_samples/evaluation/V0_T_0__HR_prcp_DANRA__SIZE_128x128__LR_prcp_thetae_pl_850_ERA5__LOSS_sdfweighted__HEADS_4__TIMESTEPS_56/summary/evaluation_summary.json,scale.slope_mid,Mid-scale PSD slope,,hr,scale.hr_slope_mid,-2.731742,-2.731742,0.2986243333333333,-2.498908,-2.4331176666666665,0.06579033333333334,-0.04272366666666666,0.0731673333333333,Scale,inside_v0_range
V0_T_0__seed2__HR_prcp_DANRA__SIZE_128x128__LR_prcp_thetae_pl_850_ERA5__LOSS_sdfweighted__HEADS_4__TIMESTEPS_56,V0_T_0_seed2,V0_T_0,2,/Users/au728490/ceddar_runs/models_and_samples/evaluation/V0_T_0__seed2__HR_prcp_DANRA__SIZE_128x128__LR_prcp_thetae_pl_850_ERA5__LOSS_sdfweighted__HEADS_4__TIMESTEPS_56/summary/evaluation_summary.json,scale.slope_mid,Mid-scale PSD slope,,hr,scale.hr_slope_mid,-2.731742,-2.731742,0.2986243333333333,-2.331409,-2.4331176666666665,-0.10170866666666695,-0.04272366666666666,0.0731673333333333,Scale,unfavourable
V0_T_1__HR_prcp_DANRA__SIZE_128x128__LR_prcp_thetae_pl_850_ERA5__LOSS_sdfweighted__HEADS_4__TIMESTEPS_56,V0_T_1,V0_T_1,1,/Users/au728490/ceddar_runs/models_and_samples/evaluation/V0_T_1__HR_prcp_DANRA__SIZE_128x128__LR_prcp_thetae_pl_850_ERA5__LOSS_sdfweighted__HEADS_4__TIMESTEPS_56/summary/evaluation_summary.json,scale.slope_mid,Mid-scale PSD slope,,hr,scale.hr_slope_mid,-2.731742,-2.731742,0.2986243333333333,-2.423153,-2.4331176666666665,-0.009964666666666677,-0.04272366666666666,0.0731673333333333,Scale,inside_v0_range
V0_T_1__seed2__HR_prcp_DANRA__SIZE_128x128__LR_prcp_thetae_pl_850_ERA5__LOSS_sdfweighted__HEADS_4__TIMESTEPS_56,V0_T_1_seed2,V0_T_1,2,/Users/au728490/ceddar_runs/models_and_samples/evaluation/V0_T_1__seed2__HR_prcp_DANRA__SIZE_128x128__LR_prcp_thetae_pl_850_ERA5__LOSS_sdfweighted__HEADS_4__TIMESTEPS_56/summary/evaluation_summary.json,scale.slope_mid,Mid-scale PSD slope,,hr,scale.hr_slope_mid,-2.731742,-2.731742,0.2986243333333333,-2.479673,-2.4331176666666665,0.046555333333333226,-0.04272366666666666,0.0731673333333333,Scale,inside_v0_range
V0_Z_0__HR_prcp_DANRA__SIZE_128x128__LR_prcp_z_pl_500_ERA5__LOSS_sdfweighted__HEADS_4__TIMESTEPS_56,V0_Z_0,V0_Z_0,1,/Users/au728490/ceddar_runs/models_and_samples/evaluation/V0_Z_0__HR_prcp_DANRA__SIZE_128x128__LR_prcp_z_pl_500_ERA5__LOSS_sdfweighted__HEADS_4__TIMESTEPS_56/summary/evaluation_summary.json,scale.slope_mid,Mid-scale PSD slope,,hr,scale.hr_slope_mid,-2.731742,-2.731742,0.2986243333333333,-2.388122,-2.4331176666666665,-0.04499566666666671,-0.04272366666666666,0.0731673333333333,Scale,unfavourable
V0_Z_0__seed2__HR_prcp_DANRA__SIZE_128x128__LR_prcp_z_pl_500_ERA5__LOSS_sdfweighted__HEADS_4__TIMESTEPS_56,V0_Z_0_seed2,V0_Z_0,2,/Users/au728490/ceddar_runs/models_and_samples/evaluation/V0_Z_0__seed2__HR_prcp_DANRA__SIZE_128x128__LR_prcp_z_pl_500_ERA5__LOSS_sdfweighted__HEADS_4__TIMESTEPS_56/summary/evaluation_summary.json,scale.slope_mid,Mid-scale PSD slope,,hr,scale.hr_slope_mid,-2.731742,-2.731742,0.2986243333333333,-2.419855,-2.4331176666666665,-0.0132626666666667,-0.04272366666666666,0.0731673333333333,Scale,inside_v0_range
V0_Z_1__HR_prcp_DANRA__SIZE_128x128__LR_prcp_z_pl_500_ERA5__LOSS_sdfweighted__HEADS_4__TIMESTEPS_56,V0_Z_1,V0_Z_1,1,/Users/au728490/ceddar_runs/models_and_samples/evaluation/V0_Z_1__HR_prcp_DANRA__SIZE_128x128__LR_prcp_z_pl_500_ERA5__LOSS_sdfweighted__HEADS_4__TIMESTEPS_56/summary/evaluation_summary.json,scale.slope_mid,Mid-scale PSD slope,,hr,scale.hr_slope_mid,-2.731742,-2.731742,0.2986243333333333,-2.391574,-2.4331176666666665,-0.04154366666666692,-0.04272366666666666,0.0731673333333333,Scale,inside_v0_range
V0_Z_1__seed2__HR_prcp_DANRA__SIZE_128x128__LR_prcp_z_pl_500_ERA5__LOSS_sdfweighted__HEADS_4__TIMESTEPS_56,V0_Z_1_seed2,V0_Z_1,2,/Users/au728490/ceddar_runs/models_and_samples/evaluation/V0_Z_1__seed2__HR_prcp_DANRA__SIZE_128x128__LR_prcp_z_pl_500_ERA5__LOSS_sdfweighted__HEADS_4__TIMESTEPS_56/summary/evaluation_summary.json,scale.slope_mid,Mid-scale PSD slope,,hr,scale.hr_slope_mid,-2.731742,-2.731742,0.2986243333333333,-2.35889,-2.4331176666666665,-0.07422766666666664,-0.04272366666666666,0.0731673333333333,Scale,unfavourable
D_IP_1__HR_prcp_DANRA__SIZE_128x128__LR_prcp_ewvf_nwvf_ERA5__LOSS_sdfweighted__HEADS_4__TIMESTEPS_56,D_IP_1,D_IP_1,1,/Users/au728490/ceddar_runs/models_and_samples/evaluation/D_IP_1__HR_prcp_DANRA__SIZE_128x128__LR_prcp_ewvf_nwvf_ERA5__LOSS_sdfweighted__HEADS_4__TIMESTEPS_56/summary/evaluation_summary.json,scale.slope_mid,Mid-scale PSD slope,,hr,scale.hr_slope_mid,-2.731742,-2.731742,0.2986243333333333,-2.297294,-2.4331176666666665,-0.13582366666666684,-0.04272366666666666,0.0731673333333333,Scale,unfavourable
D_IP_1__seed2__HR_prcp_DANRA__SIZE_128x128__LR_prcp_ewvf_nwvf_ERA5__LOSS_sdfweighted__HEADS_4__TIMESTEPS_56,D_IP_1_seed2,D_IP_1,2,/Users/au728490/ceddar_runs/models_and_samples/evaluation/D_IP_1__seed2__HR_prcp_DANRA__SIZE_128x128__LR_prcp_ewvf_nwvf_ERA5__LOSS_sdfweighted__HEADS_4__TIMESTEPS_56/summary/evaluation_summary.json,scale.slope_mid,Mid-scale PSD slope,,hr,scale.hr_slope_mid,-2.731742,-2.731742,0.2986243333333333,-2.280266,-2.4331176666666665,-0.15285166666666666,-0.04272366666666666,0.0731673333333333,Scale,unfavourable
D_MZP_1__HR_prcp_DANRA__SIZE_128x128__LR_prcp_msl_z_pl_500_ERA5__LOSS_sdfweighted__HEADS_4__TIMESTEPS_56,D_MZP_1,D_MZP_1,1,/Users/au728490/ceddar_runs/models_and_samples/evaluation/D_MZP_1__HR_prcp_DANRA__SIZE_128x128__LR_prcp_msl_z_pl_500_ERA5__LOSS_sdfweighted__HEADS_4__TIMESTEPS_56/summary/evaluation_summary.json,scale.slope_mid,Mid-scale PSD slope,,hr,scale.hr_slope_mid,-2.731742,-2.731742,0.2986243333333333,-2.32401,-2.4331176666666665,-0.10910766666666688,-0.04272366666666666,0.0731673333333333,Scale,unfavourable
D_MZP_1__seed2__HR_prcp_DANRA__SIZE_128x128__LR_prcp_msl_z_pl_500_ERA5__LOSS_sdfweighted__HEADS_4__TIMESTEPS_56,D_MZP_1_seed2,D_MZP_1,2,/Users/au728490/ceddar_runs/models_and_samples/evaluation/D_MZP_1__seed2__HR_prcp_DANRA__SIZE_128x128__LR_prcp_msl_z_pl_500_ERA5__LOSS_sdfweighted__HEADS_4__TIMESTEPS_56/summary/evaluation_summary.json,scale.slope_mid,Mid-scale PSD slope,,hr,scale.hr_slope_mid,-2.731742,-2.731742,0.2986243333333333,-2.399948,-2.4331176666666665,-0.0331696666666666,-0.04272366666666666,0.0731673333333333,Scale,inside_v0_range
D_MTP_0__HR_prcp_DANRA__SIZE_128x128__LR_prcp_msl_thetae_pl_850_ERA5__LOSS_sdfweighted__HEADS_4__TIMESTEPS_56,D_MTP_0,D_MTP_0,1,/Users/au728490/ceddar_runs/models_and_samples/evaluation/D_MTP_0__HR_prcp_DANRA__SIZE_128x128__LR_prcp_msl_thetae_pl_850_ERA5__LOSS_sdfweighted__HEADS_4__TIMESTEPS_56/summary/evaluation_summary.json,scale.slope_mid,Mid-scale PSD slope,,hr,scale.hr_slope_mid,-2.731742,-2.731742,0.2986243333333333,-2.352027,-2.4331176666666665,-0.0810906666666667,-0.04272366666666666,0.0731673333333333,Scale,unfavourable
D_MTP_0__seed2__HR_prcp_DANRA__SIZE_128x128__LR_prcp_msl_thetae_pl_850_ERA5__LOSS_sdfweighted__HEADS_4__TIMESTEPS_56,D_MTP_0_seed2,D_MTP_0,2,/Users/au728490/ceddar_runs/models_and_samples/evaluation/D_MTP_0__seed2__HR_prcp_DANRA__SIZE_128x128__LR_prcp_msl_thetae_pl_850_ERA5__LOSS_sdfweighted__HEADS_4__TIMESTEPS_56/summary/evaluation_summary.json,scale.slope_mid,Mid-scale PSD slope,,hr,scale.hr_slope_mid,-2.731742,-2.731742,0.2986243333333333,-2.392418,-2.4331176666666665,-0.040699666666666634,-0.04272366666666666,0.0731673333333333,Scale,inside_v0_range
D_MTP_1__HR_prcp_DANRA__SIZE_128x128__LR_prcp_msl_thetae_pl_850_ERA5__LOSS_sdfweighted__HEADS_4__TIMESTEPS_56,D_MTP_1,D_MTP_1,1,/Users/au728490/ceddar_runs/models_and_samples/evaluation/D_MTP_1__HR_prcp_DANRA__SIZE_128x128__LR_prcp_msl_thetae_pl_850_ERA5__LOSS_sdfweighted__HEADS_4__TIMESTEPS_56/summary/evaluation_summary.json,scale.slope_mid,Mid-scale PSD slope,,hr,scale.hr_slope_mid,-2.731742,-2.731742,0.2986243333333333,-2.302775,-2.4331176666666665,-0.13034266666666677,-0.04272366666666666,0.0731673333333333,Scale,unfavourable
D_MTP_1__seed2__HR_prcp_DANRA__SIZE_128x128__LR_prcp_msl_thetae_pl_850_ERA5__LOSS_sdfweighted__HEADS_4__TIMESTEPS_56,D_MTP_1_seed2,D_MTP_1,2,/Users/au728490/ceddar_runs/models_and_samples/evaluation/D_MTP_1__seed2__HR_prcp_DANRA__SIZE_128x128__LR_prcp_msl_thetae_pl_850_ERA5__LOSS_sdfweighted__HEADS_4__TIMESTEPS_56/summary/evaluation_summary.json,scale.slope_mid,Mid-scale PSD slope,,hr,scale.hr_slope_mid,-2.731742,-2.731742,0.2986243333333333,-2.388703,-2.4331176666666665,-0.04441466666666677,-0.04272366666666666,0.0731673333333333,Scale,unfavourable
D_MTCP_1__HR_prcp_DANRA__SIZE_128x128__LR_prcp_msl_thetae_pl_850_cape_ERA5__LOSS_sdfweighted__HEADS_4__TIMESTEPS_56,D_MTCP_1,D_MTCP_1,1,/Users/au728490/ceddar_runs/models_and_samples/evaluation/D_MTCP_1__HR_prcp_DANRA__SIZE_128x128__LR_prcp_msl_thetae_pl_850_cape_ERA5__LOSS_sdfweighted__HEADS_4__TIMESTEPS_56/summary/evaluation_summary.json,scale.slope_mid,Mid-scale PSD slope,,hr,scale.hr_slope_mid,-2.731742,-2.731742,0.2986243333333333,-2.422998,-2.4331176666666665,-0.010119666666666582,-0.04272366666666666,0.0731673333333333,Scale,inside_v0_range
D_MTCP_1__seed2__HR_prcp_DANRA__SIZE_128x128__LR_prcp_msl_thetae_pl_850_cape_ERA5__LOSS_sdfweighted__HEADS_4__TIMESTEPS_56,D_MTCP_1_seed2,D_MTCP_1,2,/Users/au728490/ceddar_runs/models_and_samples/evaluation/D_MTCP_1__seed2__HR_prcp_DANRA__SIZE_128x128__LR_prcp_msl_thetae_pl_850_cape_ERA5__LOSS_sdfweighted__HEADS_4__TIMESTEPS_56/summary/evaluation_summary.json,scale.slope_mid,Mid-scale PSD slope,,hr,scale.hr_slope_mid,-2.731742,-2.731742,0.2986243333333333,-2.419159,-2.4331176666666665,-0.01395866666666673,-0.04272366666666666,0.0731673333333333,Scale,inside_v0_range
D_MZIP_1__HR_prcp_DANRA__SIZE_128x128__LR_prcp_msl_z_pl_500_ewvf_nwvf_ERA5__LOSS_sdfweighted__HEADS_4__TIMESTEPS_56,D_MZIP_1,D_MZIP_1,1,/Users/au728490/ceddar_runs/models_and_samples/evaluation/D_MZIP_1__HR_prcp_DANRA__SIZE_128x128__LR_prcp_msl_z_pl_500_ewvf_nwvf_ERA5__LOSS_sdfweighted__HEADS_4__TIMESTEPS_56/summary/evaluation_summary.json,scale.slope_mid,Mid-scale PSD slope,,hr,scale.hr_slope_mid,-2.731742,-2.731742,0.2986243333333333,-2.499628,-2.4331176666666665,0.06651033333333317,-0.04272366666666666,0.0731673333333333,Scale,inside_v0_range
D_MZIP_1__seed2__HR_prcp_DANRA__SIZE_128x128__LR_prcp_msl_z_pl_500_ewvf_nwvf_ERA5__LOSS_sdfweighted__HEADS_4__TIMESTEPS_56,D_MZIP_1_seed2,D_MZIP_1,2,/Users/au728490/ceddar_runs/models_and_samples/evaluation/D_MZIP_1__seed2__HR_prcp_DANRA__SIZE_128x128__LR_prcp_msl_z_pl_500_ewvf_nwvf_ERA5__LOSS_sdfweighted__HEADS_4__TIMESTEPS_56/summary/evaluation_summary.json,scale.slope_mid,Mid-scale PSD slope,,hr,scale.hr_slope_mid,-2.731742,-2.731742,0.2986243333333333,-2.505777,-2.4331176666666665,0.07265933333333335,-0.04272366666666666,0.0731673333333333,Scale,inside_v0_range
D_MT_1__HR_prcp_DANRA__SIZE_128x128__LR_msl_thetae_pl_850_ERA5__LOSS_sdfweighted__HEADS_4__TIMESTEPS_56,D_MT_1,D_MT_1,1,/Users/au728490/ceddar_runs/models_and_samples/evaluation/D_MT_1__HR_prcp_DANRA__SIZE_128x128__LR_msl_thetae_pl_850_ERA5__LOSS_sdfweighted__HEADS_4__TIMESTEPS_56/summary/evaluation_summary.json,scale.slope_mid,Mid-scale PSD slope,,hr,scale.hr_slope_mid,-2.731742,-2.731742,0.2986243333333333,-2.459229,-2.4331176666666665,0.02611133333333332,-0.04272366666666666,0.0731673333333333,Scale,inside_v0_range
D_MT_1__seed2__HR_prcp_DANRA__SIZE_128x128__LR_msl_thetae_pl_850_ERA5__LOSS_sdfweighted__HEADS_4__TIMESTEPS_56,D_MT_1_seed2,D_MT_1,2,/Users/au728490/ceddar_runs/models_and_samples/evaluation/D_MT_1__seed2__HR_prcp_DANRA__SIZE_128x128__LR_msl_thetae_pl_850_ERA5__LOSS_sdfweighted__HEADS_4__TIMESTEPS_56/summary/evaluation_summary.json,scale.slope_mid,Mid-scale PSD slope,,hr,scale.hr_slope_mid,-2.731742,-2.731742,0.2986243333333333,-2.312534,-2.4331176666666665,-0.12058366666666692,-0.04272366666666666,0.0731673333333333,Scale,unfavourable
D_MTC_1__HR_prcp_DANRA__SIZE_128x128__LR_msl_thetae_pl_850_cape_ERA5__LOSS_sdfweighted__HEADS_4__TIMESTEPS_56,D_MTC_1,D_MTC_1,1,/Users/au728490/ceddar_runs/models_and_samples/evaluation/D_MTC_1__HR_prcp_DANRA__SIZE_128x128__LR_msl_thetae_pl_850_cape_ERA5__LOSS_sdfweighted__HEADS_4__TIMESTEPS_56/summary/evaluation_summary.json,scale.slope_mid,Mid-scale PSD slope,,hr,scale.hr_slope_mid,-2.731742,-2.731742,0.2986243333333333,-2.192445,-2.4331176666666665,-0.2406726666666666,-0.04272366666666666,0.0731673333333333,Scale,unfavourable
D_MTC_1__seed2__HR_prcp_DANRA__SIZE_128x128__LR_msl_thetae_pl_850_cape_ERA5__LOSS_sdfweighted__HEADS_4__TIMESTEPS_56,D_MTC_1_seed2,D_MTC_1,2,/Users/au728490/ceddar_runs/models_and_samples/evaluation/D_MTC_1__seed2__HR_prcp_DANRA__SIZE_128x128__LR_msl_thetae_pl_850_cape_ERA5__LOSS_sdfweighted__HEADS_4__TIMESTEPS_56/summary/evaluation_summary.json,scale.slope_mid,Mid-scale PSD slope,,hr,scale.hr_slope_mid,-2.731742,-2.731742,0.2986243333333333,-2.482662,-2.4331176666666665,0.049544333333333135,-0.04272366666666666,0.0731673333333333,Scale,inside_v0_range
C_10__HR_prcp_DANRA__SIZE_128x128__LR_prcp_ERA5__LOSS_sdfweighted__HEADS_4__TIMESTEPS_56,C_10,C_10,1,/Users/au728490/ceddar_runs/models_and_samples/evaluation/C_10__HR_prcp_DANRA__SIZE_128x128__LR_prcp_ERA5__LOSS_sdfweighted__HEADS_4__TIMESTEPS_56/summary/evaluation_summary.json,scale.slope_high,High-scale PSD slope,,hr,scale.hr_slope_high,-5.648004,-5.648004,0.6930996666666669,-5.028688,-4.954904333333333,0.07378366666666647,-0.12447333333333344,0.0700236666666667,Scale,favourable
C_10__seed2__HR_prcp_DANRA__SIZE_128x128__LR_prcp_ERA5__LOSS_sdfweighted__HEADS_4__TIMESTEPS_56,C_10_seed2,C_10,2,/Users/au728490/ceddar_runs/models_and_samples/evaluation/C_10__seed2__HR_prcp_DANRA__SIZE_128x128__LR_prcp_ERA5__LOSS_sdfweighted__HEADS_4__TIMESTEPS_56/summary/evaluation_summary.json,scale.slope_high,High-scale PSD slope,,hr,scale.hr_slope_high,-5.648004,-5.648004,0.6930996666666669,-4.814185,-4.954904333333333,-0.1407193333333332,-0.12447333333333344,0.0700236666666667,Scale,unfavourable
V0_C_0__HR_prcp_DANRA__SIZE_128x128__LR_prcp_cape_ERA5__LOSS_sdfweighted__HEADS_4__TIMESTEPS_56,V0_C_0,V0_C_0,1,/Users/au728490/ceddar_runs/models_and_samples/evaluation/V0_C_0__HR_prcp_DANRA__SIZE_128x128__LR_prcp_cape_ERA5__LOSS_sdfweighted__HEADS_4__TIMESTEPS_56/summary/evaluation_summary.json,scale.slope_high,High-scale PSD slope,,hr,scale.hr_slope_high,-5.648004,-5.648004,0.6930996666666669,-5.337717,-4.954904333333333,0.38281266666666625,-0.12447333333333344,0.0700236666666667,Scale,favourable
V0_C_0__seed2__HR_prcp_DANRA__SIZE_128x128__LR_prcp_cape_ERA5__LOSS_sdfweighted__HEADS_4__TIMESTEPS_56,V0_C_0_seed2,V0_C_0,2,/Users/au728490/ceddar_runs/models_and_samples/evaluation/V0_C_0__seed2__HR_prcp_DANRA__SIZE_128x128__LR_prcp_cape_ERA5__LOSS_sdfweighted__HEADS_4__TIMESTEPS_56/summary/evaluation_summary.json,scale.slope_high,High-scale PSD slope,,hr,scale.hr_slope_high,-5.648004,-5.648004,0.6930996666666669,-4.793477,-4.954904333333333,-0.16142733333333315,-0.12447333333333344,0.0700236666666667,Scale,unfavourable
V0_C_1__HR_prcp_DANRA__SIZE_128x128__LR_prcp_cape_ERA5__LOSS_sdfweighted__HEADS_4__TIMESTEPS_56,V0_C_1,V0_C_1,1,/Users/au728490/ceddar_runs/models_and_samples/evaluation/V0_C_1__HR_prcp_DANRA__SIZE_128x128__LR_prcp_cape_ERA5__LOSS_sdfweighted__HEADS_4__TIMESTEPS_56/summary/evaluation_summary.json,scale.slope_high,High-scale PSD slope,,hr,scale.hr_slope_high,-5.648004,-5.648004,0.6930996666666669,-4.97125,-4.954904333333333,0.016345666666667036,-0.12447333333333344,0.0700236666666667,Scale,inside_v0_range
V0_C_1__seed2__HR_prcp_DANRA__SIZE_128x128__LR_prcp_cape_ERA5__LOSS_sdfweighted__HEADS_4__TIMESTEPS_56,V0_C_1_seed2,V0_C_1,2,/Users/au728490/ceddar_runs/models_and_samples/evaluation/V0_C_1__seed2__HR_prcp_DANRA__SIZE_128x128__LR_prcp_cape_ERA5__LOSS_sdfweighted__HEADS_4__TIMESTEPS_56/summary/evaluation_summary.json,scale.slope_high,High-scale PSD slope,,hr,scale.hr_slope_high,-5.648004,-5.648004,0.6930996666666669,-4.728707,-4.954904333333333,-0.22619733333333336,-0.12447333333333344,0.0700236666666667,Scale,unfavourable
V0_I_0__HR_prcp_DANRA__SIZE_128x128__LR_prcp_ewvf_nwvf_ERA5__LOSS_sdfweighted__HEADS_4__TIMESTEPS_56,V0_I_0,V0_I_0,1,/Users/au728490/ceddar_runs/models_and_samples/evaluation/V0_I_0__HR_prcp_DANRA__SIZE_128x128__LR_prcp_ewvf_nwvf_ERA5__LOSS_sdfweighted__HEADS_4__TIMESTEPS_56/summary/evaluation_summary.json,scale.slope_high,High-scale PSD slope,,hr,scale.hr_slope_high,-5.648004,-5.648004,0.6930996666666669,-5.113706,-4.954904333333333,0.15880166666666629,-0.12447333333333344,0.0700236666666667,Scale,favourable
V0_I_0__seed2__HR_prcp_DANRA__SIZE_128x128__LR_prcp_ewvf_nwvf_ERA5__LOSS_sdfweighted__HEADS_4__TIMESTEPS_56,V0_I_0_seed2,V0_I_0,2,/Users/au728490/ceddar_runs/models_and_samples/evaluation/V0_I_0__seed2__HR_prcp_DANRA__SIZE_128x128__LR_prcp_ewvf_nwvf_ERA5__LOSS_sdfweighted__HEADS_4__TIMESTEPS_56/summary/evaluation_summary.json,scale.slope_high,High-scale PSD slope,,hr,scale.hr_slope_high,-5.648004,-5.648004,0.6930996666666669,-4.935093,-4.954904333333333,-0.01981133333333318,-0.12447333333333344,0.0700236666666667,Scale,inside_v0_range
V0_I_1__HR_prcp_DANRA__SIZE_128x128__LR_prcp_ewvf_nwvf_ERA5__LOSS_sdfweighted__HEADS_4__TIMESTEPS_56,V0_I_1,V0_I_1,1,/Users/au728490/ceddar_runs/models_and_samples/evaluation/V0_I_1__HR_prcp_DANRA__SIZE_128x128__LR_prcp_ewvf_nwvf_ERA5__LOSS_sdfweighted__HEADS_4__TIMESTEPS_56/summary/evaluation_summary.json,scale.slope_high,High-scale PSD slope,,hr,scale.hr_slope_high,-5.648004,-5.648004,0.6930996666666669,-4.732804,-4.954904333333333,-0.22210033333333357,-0.12447333333333344,0.0700236666666667,Scale,unfavourable
V0_I_1__seed2__HR_prcp_DANRA__SIZE_128x128__LR_prcp_ewvf_nwvf_ERA5__LOSS_sdfweighted__HEADS_4__TIMESTEPS_56,V0_I_1_seed2,V0_I_1,2,/Users/au728490/ceddar_runs/models_and_samples/evaluation/V0_I_1__seed2__HR_prcp_DANRA__SIZE_128x128__LR_prcp_ewvf_nwvf_ERA5__LOSS_sdfweighted__HEADS_4__TIMESTEPS_56/summary/evaluation_summary.json,scale.slope_high,High-scale PSD slope,,hr,scale.hr_slope_high,-5.648004,-5.648004,0.6930996666666669,-4.901,-4.954904333333333,-0.053904333333333554,-0.12447333333333344,0.0700236666666667,Scale,inside_v0_range
V0_M_0__HR_prcp_DANRA__SIZE_128x128__LR_prcp_msl_ERA5__LOSS_sdfweighted__HEADS_4__TIMESTEPS_56,V0_M_0,V0_M_0,1,/Users/au728490/ceddar_runs/models_and_samples/evaluation/V0_M_0__HR_prcp_DANRA__SIZE_128x128__LR_prcp_msl_ERA5__LOSS_sdfweighted__HEADS_4__TIMESTEPS_56/summary/evaluation_summary.json,scale.slope_high,High-scale PSD slope,,hr,scale.hr_slope_high,-5.648004,-5.648004,0.6930996666666669,-5.023838,-4.954904333333333,0.06893366666666623,-0.12447333333333344,0.0700236666666667,Scale,inside_v0_range
V0_M_0__seed2__HR_prcp_DANRA__SIZE_128x128__LR_prcp_msl_ERA5__LOSS_sdfweighted__HEADS_4__TIMESTEPS_56,V0_M_0_seed2,V0_M_0,2,/Users/au728490/ceddar_runs/models_and_samples/evaluation/V0_M_0__seed2__HR_prcp_DANRA__SIZE_128x128__LR_prcp_msl_ERA5__LOSS_sdfweighted__HEADS_4__TIMESTEPS_56/summary/evaluation_summary.json,scale.slope_high,High-scale PSD slope,,hr,scale.hr_slope_high,-5.648004,-5.648004,0.6930996666666669,-5.128094,-4.954904333333333,0.17318966666666658,-0.12447333333333344,0.0700236666666667,Scale,favourable
V0_M_1__HR_prcp_DANRA__SIZE_128x128__LR_prcp_msl_ERA5__LOSS_sdfweighted__HEADS_4__TIMESTEPS_56,V0_M_1,V0_M_1,1,/Users/au728490/ceddar_runs/models_and_samples/evaluation/V0_M_1__HR_prcp_DANRA__SIZE_128x128__LR_prcp_msl_ERA5__LOSS_sdfweighted__HEADS_4__TIMESTEPS_56/summary/evaluation_summary.json,scale.slope_high,High-scale PSD slope,,hr,scale.hr_slope_high,-5.648004,-5.648004,0.6930996666666669,-5.029055,-4.954904333333333,0.07415066666666625,-0.12447333333333344,0.0700236666666667,Scale,favourable
V0_M_1__seed2__HR_prcp_DANRA__SIZE_128x128__LR_prcp_msl_ERA5__LOSS_sdfweighted__HEADS_4__TIMESTEPS_56,V0_M_1_seed2,V0_M_1,2,/Users/au728490/ceddar_runs/models_and_samples/evaluation/V0_M_1__seed2__HR_prcp_DANRA__SIZE_128x128__LR_prcp_msl_ERA5__LOSS_sdfweighted__HEADS_4__TIMESTEPS_56/summary/evaluation_summary.json,scale.slope_high,High-scale PSD slope,,hr,scale.hr_slope_high,-5.648004,-5.648004,0.6930996666666669,-4.673512,-4.954904333333333,-0.2813923333333337,-0.12447333333333344,0.0700236666666667,Scale,unfavourable
V0_T_0__HR_prcp_DANRA__SIZE_128x128__LR_prcp_thetae_pl_850_ERA5__LOSS_sdfweighted__HEADS_4__TIMESTEPS_56,V0_T_0,V0_T_0,1,/Users/au728490/ceddar_runs/models_and_samples/evaluation/V0_T_0__HR_prcp_DANRA__SIZE_128x128__LR_prcp_thetae_pl_850_ERA5__LOSS_sdfweighted__HEADS_4__TIMESTEPS_56/summary/evaluation_summary.json,scale.slope_high,High-scale PSD slope,,hr,scale.hr_slope_high,-5.648004,-5.648004,0.6930996666666669,-5.307766,-4.954904333333333,0.35286166666666663,-0.12447333333333344,0.0700236666666667,Scale,favourable
V0_T_0__seed2__HR_prcp_DANRA__SIZE_128x128__LR_prcp_thetae_pl_850_ERA5__LOSS_sdfweighted__HEADS_4__TIMESTEPS_56,V0_T_0_seed2,V0_T_0,2,/Users/au728490/ceddar_runs/models_and_samples/evaluation/V0_T_0__seed2__HR_prcp_DANRA__SIZE_128x128__LR_prcp_thetae_pl_850_ERA5__LOSS_sdfweighted__HEADS_4__TIMESTEPS_56/summary/evaluation_summary.json,scale.slope_high,High-scale PSD slope,,hr,scale.hr_slope_high,-5.648004,-5.648004,0.6930996666666669,-4.873122,-4.954904333333333,-0.08178233333333296,-0.12447333333333344,0.0700236666666667,Scale,inside_v0_range
V0_T_1__HR_prcp_DANRA__SIZE_128x128__LR_prcp_thetae_pl_850_ERA5__LOSS_sdfweighted__HEADS_4__TIMESTEPS_56,V0_T_1,V0_T_1,1,/Users/au728490/ceddar_runs/models_and_samples/evaluation/V0_T_1__HR_prcp_DANRA__SIZE_128x128__LR_prcp_thetae_pl_850_ERA5__LOSS_sdfweighted__HEADS_4__TIMESTEPS_56/summary/evaluation_summary.json,scale.slope_high,High-scale PSD slope,,hr,scale.hr_slope_high,-5.648004,-5.648004,0.6930996666666669,-5.044308,-4.954904333333333,0.08940366666666666,-0.12447333333333344,0.0700236666666667,Scale,favourable
V0_T_1__seed2__HR_prcp_DANRA__SIZE_128x128__LR_prcp_thetae_pl_850_ERA5__LOSS_sdfweighted__HEADS_4__TIMESTEPS_56,V0_T_1_seed2,V0_T_1,2,/Users/au728490/ceddar_runs/models_and_samples/evaluation/V0_T_1__seed2__HR_prcp_DANRA__SIZE_128x128__LR_prcp_thetae_pl_850_ERA5__LOSS_sdfweighted__HEADS_4__TIMESTEPS_56/summary/evaluation_summary.json,scale.slope_high,High-scale PSD slope,,hr,scale.hr_slope_high,-5.648004,-5.648004,0.6930996666666669,-4.800266,-4.954904333333333,-0.15463833333333366,-0.12447333333333344,0.0700236666666667,Scale,unfavourable
V0_Z_0__HR_prcp_DANRA__SIZE_128x128__LR_prcp_z_pl_500_ERA5__LOSS_sdfweighted__HEADS_4__TIMESTEPS_56,V0_Z_0,V0_Z_0,1,/Users/au728490/ceddar_runs/models_and_samples/evaluation/V0_Z_0__HR_prcp_DANRA__SIZE_128x128__LR_prcp_z_pl_500_ERA5__LOSS_sdfweighted__HEADS_4__TIMESTEPS_56/summary/evaluation_summary.json,scale.slope_high,High-scale PSD slope,,hr,scale.hr_slope_high,-5.648004,-5.648004,0.6930996666666669,-4.952617,-4.954904333333333,-0.002287333333333308,-0.12447333333333344,0.0700236666666667,Scale,inside_v0_range
V0_Z_0__seed2__HR_prcp_DANRA__SIZE_128x128__LR_prcp_z_pl_500_ERA5__LOSS_sdfweighted__HEADS_4__TIMESTEPS_56,V0_Z_0_seed2,V0_Z_0,2,/Users/au728490/ceddar_runs/models_and_samples/evaluation/V0_Z_0__seed2__HR_prcp_DANRA__SIZE_128x128__LR_prcp_z_pl_500_ERA5__LOSS_sdfweighted__HEADS_4__TIMESTEPS_56/summary/evaluation_summary.json,scale.slope_high,High-scale PSD slope,,hr,scale.hr_slope_high,-5.648004,-5.648004,0.6930996666666669,-4.945875,-4.954904333333333,-0.009029333333333334,-0.12447333333333344,0.0700236666666667,Scale,inside_v0_range
V0_Z_1__HR_prcp_DANRA__SIZE_128x128__LR_prcp_z_pl_500_ERA5__LOSS_sdfweighted__HEADS_4__TIMESTEPS_56,V0_Z_1,V0_Z_1,1,/Users/au728490/ceddar_runs/models_and_samples/evaluation/V0_Z_1__HR_prcp_DANRA__SIZE_128x128__LR_prcp_z_pl_500_ERA5__LOSS_sdfweighted__HEADS_4__TIMESTEPS_56/summary/evaluation_summary.json,scale.slope_high,High-scale PSD slope,,hr,scale.hr_slope_high,-5.648004,-5.648004,0.6930996666666669,-4.84818,-4.954904333333333,-0.1067243333333332,-0.12447333333333344,0.0700236666666667,Scale,inside_v0_range
V0_Z_1__seed2__HR_prcp_DANRA__SIZE_128x128__LR_prcp_z_pl_500_ERA5__LOSS_sdfweighted__HEADS_4__TIMESTEPS_56,V0_Z_1_seed2,V0_Z_1,2,/Users/au728490/ceddar_runs/models_and_samples/evaluation/V0_Z_1__seed2__HR_prcp_DANRA__SIZE_128x128__LR_prcp_z_pl_500_ERA5__LOSS_sdfweighted__HEADS_4__TIMESTEPS_56/summary/evaluation_summary.json,scale.slope_high,High-scale PSD slope,,hr,scale.hr_slope_high,-5.648004,-5.648004,0.6930996666666669,-4.80204,-4.954904333333333,-0.1528643333333335,-0.12447333333333344,0.0700236666666667,Scale,unfavourable
D_IP_1__HR_prcp_DANRA__SIZE_128x128__LR_prcp_ewvf_nwvf_ERA5__LOSS_sdfweighted__HEADS_4__TIMESTEPS_56,D_IP_1,D_IP_1,1,/Users/au728490/ceddar_runs/models_and_samples/evaluation/D_IP_1__HR_prcp_DANRA__SIZE_128x128__LR_prcp_ewvf_nwvf_ERA5__LOSS_sdfweighted__HEADS_4__TIMESTEPS_56/summary/evaluation_summary.json,scale.slope_high,High-scale PSD slope,,hr,scale.hr_slope_high,-5.648004,-5.648004,0.6930996666666669,-5.01792,-4.954904333333333,0.0630156666666668,-0.12447333333333344,0.0700236666666667,Scale,inside_v0_range
D_IP_1__seed2__HR_prcp_DANRA__SIZE_128x128__LR_prcp_ewvf_nwvf_ERA5__LOSS_sdfweighted__HEADS_4__TIMESTEPS_56,D_IP_1_seed2,D_IP_1,2,/Users/au728490/ceddar_runs/models_and_samples/evaluation/D_IP_1__seed2__HR_prcp_DANRA__SIZE_128x128__LR_prcp_ewvf_nwvf_ERA5__LOSS_sdfweighted__HEADS_4__TIMESTEPS_56/summary/evaluation_summary.json,scale.slope_high,High-scale PSD slope,,hr,scale.hr_slope_high,-5.648004,-5.648004,0.6930996666666669,-4.619493,-4.954904333333333,-0.33541133333333306,-0.12447333333333344,0.0700236666666667,Scale,unfavourable
D_MZP_1__HR_prcp_DANRA__SIZE_128x128__LR_prcp_msl_z_pl_500_ERA5__LOSS_sdfweighted__HEADS_4__TIMESTEPS_56,D_MZP_1,D_MZP_1,1,/Users/au728490/ceddar_runs/models_and_samples/evaluation/D_MZP_1__HR_prcp_DANRA__SIZE_128x128__LR_prcp_msl_z_pl_500_ERA5__LOSS_sdfweighted__HEADS_4__TIMESTEPS_56/summary/evaluation_summary.json,scale.slope_high,High-scale PSD slope,,hr,scale.hr_slope_high,-5.648004,-5.648004,0.6930996666666669,-4.926296,-4.954904333333333,-0.02860833333333357,-0.12447333333333344,0.0700236666666667,Scale,inside_v0_range
D_MZP_1__seed2__HR_prcp_DANRA__SIZE_128x128__LR_prcp_msl_z_pl_500_ERA5__LOSS_sdfweighted__HEADS_4__TIMESTEPS_56,D_MZP_1_seed2,D_MZP_1,2,/Users/au728490/ceddar_runs/models_and_samples/evaluation/D_MZP_1__seed2__HR_prcp_DANRA__SIZE_128x128__LR_prcp_msl_z_pl_500_ERA5__LOSS_sdfweighted__HEADS_4__TIMESTEPS_56/summary/evaluation_summary.json,scale.slope_high,High-scale PSD slope,,hr,scale.hr_slope_high,-5.648004,-5.648004,0.6930996666666669,-4.783769,-4.954904333333333,-0.17113533333333297,-0.12447333333333344,0.0700236666666667,Scale,unfavourable
D_MTP_0__HR_prcp_DANRA__SIZE_128x128__LR_prcp_msl_thetae_pl_850_ERA5__LOSS_sdfweighted__HEADS_4__TIMESTEPS_56,D_MTP_0,D_MTP_0,1,/Users/au728490/ceddar_runs/models_and_samples/evaluation/D_MTP_0__HR_prcp_DANRA__SIZE_128x128__LR_prcp_msl_thetae_pl_850_ERA5__LOSS_sdfweighted__HEADS_4__TIMESTEPS_56/summary/evaluation_summary.json,scale.slope_high,High-scale PSD slope,,hr,scale.hr_slope_high,-5.648004,-5.648004,0.6930996666666669,-4.888818,-4.954904333333333,-0.06608633333333369,-0.12447333333333344,0.0700236666666667,Scale,inside_v0_range
D_MTP_0__seed2__HR_prcp_DANRA__SIZE_128x128__LR_prcp_msl_thetae_pl_850_ERA5__LOSS_sdfweighted__HEADS_4__TIMESTEPS_56,D_MTP_0_seed2,D_MTP_0,2,/Users/au728490/ceddar_runs/models_and_samples/evaluation/D_MTP_0__seed2__HR_prcp_DANRA__SIZE_128x128__LR_prcp_msl_thetae_pl_850_ERA5__LOSS_sdfweighted__HEADS_4__TIMESTEPS_56/summary/evaluation_summary.json,scale.slope_high,High-scale PSD slope,,hr,scale.hr_slope_high,-5.648004,-5.648004,0.6930996666666669,-4.961697,-4.954904333333333,0.006792666666666669,-0.12447333333333344,0.0700236666666667,Scale,inside_v0_range
D_MTP_1__HR_prcp_DANRA__SIZE_128x128__LR_prcp_msl_thetae_pl_850_ERA5__LOSS_sdfweighted__HEADS_4__TIMESTEPS_56,D_MTP_1,D_MTP_1,1,/Users/au728490/ceddar_runs/models_and_samples/evaluation/D_MTP_1__HR_prcp_DANRA__SIZE_128x128__LR_prcp_msl_thetae_pl_850_ERA5__LOSS_sdfweighted__HEADS_4__TIMESTEPS_56/summary/evaluation_summary.json,scale.slope_high,High-scale PSD slope,,hr,scale.hr_slope_high,-5.648004,-5.648004,0.6930996666666669,-4.782009,-4.954904333333333,-0.17289533333333296,-0.12447333333333344,0.0700236666666667,Scale,unfavourable
D_MTP_1__seed2__HR_prcp_DANRA__SIZE_128x128__LR_prcp_msl_thetae_pl_850_ERA5__LOSS_sdfweighted__HEADS_4__TIMESTEPS_56,D_MTP_1_seed2,D_MTP_1,2,/Users/au728490/ceddar_runs/models_and_samples/evaluation/D_MTP_1__seed2__HR_prcp_DANRA__SIZE_128x128__LR_prcp_msl_thetae_pl_850_ERA5__LOSS_sdfweighted__HEADS_4__TIMESTEPS_56/summary/evaluation_summary.json,scale.slope_high,High-scale PSD slope,,hr,scale.hr_slope_high,-5.648004,-5.648004,0.6930996666666669,-4.941983,-4.954904333333333,-0.012921333333333784,-0.12447333333333344,0.0700236666666667,Scale,inside_v0_range
D_MTCP_1__HR_prcp_DANRA__SIZE_128x128__LR_prcp_msl_thetae_pl_850_cape_ERA5__LOSS_sdfweighted__HEADS_4__TIMESTEPS_56,D_MTCP_1,D_MTCP_1,1,/Users/au728490/ceddar_runs/models_and_samples/evaluation/D_MTCP_1__HR_prcp_DANRA__SIZE_128x128__LR_prcp_msl_thetae_pl_850_cape_ERA5__LOSS_sdfweighted__HEADS_4__TIMESTEPS_56/summary/evaluation_summary.json,scale.slope_high,High-scale PSD slope,,hr,scale.hr_slope_high,-5.648004,-5.648004,0.6930996666666669,-4.854723,-4.954904333333333,-0.10018133333333346,-0.12447333333333344,0.0700236666666667,Scale,inside_v0_range
D_MTCP_1__seed2__HR_prcp_DANRA__SIZE_128x128__LR_prcp_msl_thetae_pl_850_cape_ERA5__LOSS_sdfweighted__HEADS_4__TIMESTEPS_56,D_MTCP_1_seed2,D_MTCP_1,2,/Users/au728490/ceddar_runs/models_and_samples/evaluation/D_MTCP_1__seed2__HR_prcp_DANRA__SIZE_128x128__LR_prcp_msl_thetae_pl_850_cape_ERA5__LOSS_sdfweighted__HEADS_4__TIMESTEPS_56/summary/evaluation_summary.json,scale.slope_high,High-scale PSD slope,,hr,scale.hr_slope_high,-5.648004,-5.648004,0.6930996666666669,-4.876651,-4.954904333333333,-0.07825333333333351,-0.12447333333333344,0.0700236666666667,Scale,inside_v0_range
D_MZIP_1__HR_prcp_DANRA__SIZE_128x128__LR_prcp_msl_z_pl_500_ewvf_nwvf_ERA5__LOSS_sdfweighted__HEADS_4__TIMESTEPS_56,D_MZIP_1,D_MZIP_1,1,/Users/au728490/ceddar_runs/models_and_samples/evaluation/D_MZIP_1__HR_prcp_DANRA__SIZE_128x128__LR_prcp_msl_z_pl_500_ewvf_nwvf_ERA5__LOSS_sdfweighted__HEADS_4__TIMESTEPS_56/summary/evaluation_summary.json,scale.slope_high,High-scale PSD slope,,hr,scale.hr_slope_high,-5.648004,-5.648004,0.6930996666666669,-4.920698,-4.954904333333333,-0.03420633333333356,-0.12447333333333344,0.0700236666666667,Scale,inside_v0_range
D_MZIP_1__seed2__HR_prcp_DANRA__SIZE_128x128__LR_prcp_msl_z_pl_500_ewvf_nwvf_ERA5__LOSS_sdfweighted__HEADS_4__TIMESTEPS_56,D_MZIP_1_seed2,D_MZIP_1,2,/Users/au728490/ceddar_runs/models_and_samples/evaluation/D_MZIP_1__seed2__HR_prcp_DANRA__SIZE_128x128__LR_prcp_msl_z_pl_500_ewvf_nwvf_ERA5__LOSS_sdfweighted__HEADS_4__TIMESTEPS_56/summary/evaluation_summary.json,scale.slope_high,High-scale PSD slope,,hr,scale.hr_slope_high,-5.648004,-5.648004,0.6930996666666669,-4.956399,-4.954904333333333,0.0014946666666668662,-0.12447333333333344,0.0700236666666667,Scale,inside_v0_range
D_MT_1__HR_prcp_DANRA__SIZE_128x128__LR_msl_thetae_pl_850_ERA5__LOSS_sdfweighted__HEADS_4__TIMESTEPS_56,D_MT_1,D_MT_1,1,/Users/au728490/ceddar_runs/models_and_samples/evaluation/D_MT_1__HR_prcp_DANRA__SIZE_128x128__LR_msl_thetae_pl_850_ERA5__LOSS_sdfweighted__HEADS_4__TIMESTEPS_56/summary/evaluation_summary.json,scale.slope_high,High-scale PSD slope,,hr,scale.hr_slope_high,-5.648004,-5.648004,0.6930996666666669,-4.838292,-4.954904333333333,-0.11661233333333332,-0.12447333333333344,0.0700236666666667,Scale,inside_v0_range
D_MT_1__seed2__HR_prcp_DANRA__SIZE_128x128__LR_msl_thetae_pl_850_ERA5__LOSS_sdfweighted__HEADS_4__TIMESTEPS_56,D_MT_1_seed2,D_MT_1,2,/Users/au728490/ceddar_runs/models_and_samples/evaluation/D_MT_1__seed2__HR_prcp_DANRA__SIZE_128x128__LR_msl_thetae_pl_850_ERA5__LOSS_sdfweighted__HEADS_4__TIMESTEPS_56/summary/evaluation_summary.json,scale.slope_high,High-scale PSD slope,,hr,scale.hr_slope_high,-5.648004,-5.648004,0.6930996666666669,-4.580347,-4.954904333333333,-0.37455733333333363,-0.12447333333333344,0.0700236666666667,Scale,unfavourable
D_MTC_1__HR_prcp_DANRA__SIZE_128x128__LR_msl_thetae_pl_850_cape_ERA5__LOSS_sdfweighted__HEADS_4__TIMESTEPS_56,D_MTC_1,D_MTC_1,1,/Users/au728490/ceddar_runs/models_and_samples/evaluation/D_MTC_1__HR_prcp_DANRA__SIZE_128x128__LR_msl_thetae_pl_850_cape_ERA5__LOSS_sdfweighted__HEADS_4__TIMESTEPS_56/summary/evaluation_summary.json,scale.slope_high,High-scale PSD slope,,hr,scale.hr_slope_high,-5.648004,-5.648004,0.6930996666666669,-4.764982,-4.954904333333333,-0.18992233333333353,-0.12447333333333344,0.0700236666666667,Scale,unfavourable
D_MTC_1__seed2__HR_prcp_DANRA__SIZE_128x128__LR_msl_thetae_pl_850_cape_ERA5__LOSS_sdfweighted__HEADS_4__TIMESTEPS_56,D_MTC_1_seed2,D_MTC_1,2,/Users/au728490/ceddar_runs/models_and_samples/evaluation/D_MTC_1__seed2__HR_prcp_DANRA__SIZE_128x128__LR_msl_thetae_pl_850_cape_ERA5__LOSS_sdfweighted__HEADS_4__TIMESTEPS_56/summary/evaluation_summary.json,scale.slope_high,High-scale PSD slope,,hr,scale.hr_slope_high,-5.648004,-5.648004,0.6930996666666669,-4.917605,-4.954904333333333,-0.03729933333333335,-0.12447333333333344,0.0700236666666667,Scale,inside_v0_range
C_10__HR_prcp_DANRA__SIZE_128x128__LR_prcp_ERA5__LOSS_sdfweighted__HEADS_4__TIMESTEPS_56,C_10,C_10,1,/Users/au728490/ceddar_runs/models_and_samples/evaluation/C_10__HR_prcp_DANRA__SIZE_128x128__LR_prcp_ERA5__LOSS_sdfweighted__HEADS_4__TIMESTEPS_56/summary/evaluation_summary.json,extremes.p99,99th percentile,mm day$^{-1}$,hr,extremes.hr_p99,20.913351000000002,20.913351000000002,4.803069333333335,18.12684,16.110281666666666,2.016558333333334,-0.551674666666667,1.0474663333333343,Extremes,favourable
C_10__seed2__HR_prcp_DANRA__SIZE_128x128__LR_prcp_ERA5__LOSS_sdfweighted__HEADS_4__TIMESTEPS_56,C_10_seed2,C_10,2,/Users/au728490/ceddar_runs/models_and_samples/evaluation/C_10__seed2__HR_prcp_DANRA__SIZE_128x128__LR_prcp_ERA5__LOSS_sdfweighted__HEADS_4__TIMESTEPS_56/summary/evaluation_summary.json,extremes.p99,99th percentile,mm day$^{-1}$,hr,extremes.hr_p99,20.913351000000002,20.913351000000002,4.803069333333335,16.452767,16.110281666666666,0.3424853333333342,-0.551674666666667,1.0474663333333343,Extremes,inside_v0_range
V0_C_0__HR_prcp_DANRA__SIZE_128x128__LR_prcp_cape_ERA5__LOSS_sdfweighted__HEADS_4__TIMESTEPS_56,V0_C_0,V0_C_0,1,/Users/au728490/ceddar_runs/models_and_samples/evaluation/V0_C_0__HR_prcp_DANRA__SIZE_128x128__LR_prcp_cape_ERA5__LOSS_sdfweighted__HEADS_4__TIMESTEPS_56/summary/evaluation_summary.json,extremes.p99,99th percentile,mm day$^{-1}$,hr,extremes.hr_p99,20.913351000000002,20.913351000000002,4.803069333333335,15.000559,16.110281666666666,-1.1097226666666664,-0.551674666666667,1.0474663333333343,Extremes,unfavourable
V0_C_0__seed2__HR_prcp_DANRA__SIZE_128x128__LR_prcp_cape_ERA5__LOSS_sdfweighted__HEADS_4__TIMESTEPS_56,V0_C_0_seed2,V0_C_0,2,/Users/au728490/ceddar_runs/models_and_samples/evaluation/V0_C_0__seed2__HR_prcp_DANRA__SIZE_128x128__LR_prcp_cape_ERA5__LOSS_sdfweighted__HEADS_4__TIMESTEPS_56/summary/evaluation_summary.json,extremes.p99,99th percentile,mm day$^{-1}$,hr,extremes.hr_p99,20.913351000000002,20.913351000000002,4.803069333333335,17.146714,16.110281666666666,1.036432333333332,-0.551674666666667,1.0474663333333343,Extremes,inside_v0_range
V0_C_1__HR_prcp_DANRA__SIZE_128x128__LR_prcp_cape_ERA5__LOSS_sdfweighted__HEADS_4__TIMESTEPS_56,V0_C_1,V0_C_1,1,/Users/au728490/ceddar_runs/models_and_samples/evaluation/V0_C_1__HR_prcp_DANRA__SIZE_128x128__LR_prcp_cape_ERA5__LOSS_sdfweighted__HEADS_4__TIMESTEPS_56/summary/evaluation_summary.json,extremes.p99,99th percentile,mm day$^{-1}$,hr,extremes.hr_p99,20.913351000000002,20.913351000000002,4.803069333333335,17.336273,16.110281666666666,1.2259913333333312,-0.551674666666667,1.0474663333333343,Extremes,favourable
V0_C_1__seed2__HR_prcp_DANRA__SIZE_128x128__LR_prcp_cape_ERA5__LOSS_sdfweighted__HEADS_4__TIMESTEPS_56,V0_C_1_seed2,V0_C_1,2,/Users/au728490/ceddar_runs/models_and_samples/evaluation/V0_C_1__seed2__HR_prcp_DANRA__SIZE_128x128__LR_prcp_cape_ERA5__LOSS_sdfweighted__HEADS_4__TIMESTEPS_56/summary/evaluation_summary.json,extremes.p99,99th percentile,mm day$^{-1}$,hr,extremes.hr_p99,20.913351000000002,20.913351000000002,4.803069333333335,18.94945,16.110281666666666,2.8391683333333315,-0.551674666666667,1.0474663333333343,Extremes,favourable
V0_I_0__HR_prcp_DANRA__SIZE_128x128__LR_prcp_ewvf_nwvf_ERA5__LOSS_sdfweighted__HEADS_4__TIMESTEPS_56,V0_I_0,V0_I_0,1,/Users/au728490/ceddar_runs/models_and_samples/evaluation/V0_I_0__HR_prcp_DANRA__SIZE_128x128__LR_prcp_ewvf_nwvf_ERA5__LOSS_sdfweighted__HEADS_4__TIMESTEPS_56/summary/evaluation_summary.json,extremes.p99,99th percentile,mm day$^{-1}$,hr,extremes.hr_p99,20.913351000000002,20.913351000000002,4.803069333333335,16.182648,16.110281666666666,0.07236633333333309,-0.551674666666667,1.0474663333333343,Extremes,inside_v0_range
V0_I_0__seed2__HR_prcp_DANRA__SIZE_128x128__LR_prcp_ewvf_nwvf_ERA5__LOSS_sdfweighted__HEADS_4__TIMESTEPS_56,V0_I_0_seed2,V0_I_0,2,/Users/au728490/ceddar_runs/models_and_samples/evaluation/V0_I_0__seed2__HR_prcp_DANRA__SIZE_128x128__LR_prcp_ewvf_nwvf_ERA5__LOSS_sdfweighted__HEADS_4__TIMESTEPS_56/summary/evaluation_summary.json,extremes.p99,99th percentile,mm day$^{-1}$,hr,extremes.hr_p99,20.913351000000002,20.913351000000002,4.803069333333335,15.556733,16.110281666666666,-0.5535486666666678,-0.551674666666667,1.0474663333333343,Extremes,unfavourable
V0_I_1__HR_prcp_DANRA__SIZE_128x128__LR_prcp_ewvf_nwvf_ERA5__LOSS_sdfweighted__HEADS_4__TIMESTEPS_56,V0_I_1,V0_I_1,1,/Users/au728490/ceddar_runs/models_and_samples/evaluation/V0_I_1__HR_prcp_DANRA__SIZE_128x128__LR_prcp_ewvf_nwvf_ERA5__LOSS_sdfweighted__HEADS_4__TIMESTEPS_56/summary/evaluation_summary.json,extremes.p99,99th percentile,mm day$^{-1}$,hr,extremes.hr_p99,20.913351000000002,20.913351000000002,4.803069333333335,16.856408,16.110281666666666,0.746126333333331,-0.551674666666667,1.0474663333333343,Extremes,inside_v0_range
V0_I_1__seed2__HR_prcp_DANRA__SIZE_128x128__LR_prcp_ewvf_nwvf_ERA5__LOSS_sdfweighted__HEADS_4__TIMESTEPS_56,V0_I_1_seed2,V0_I_1,2,/Users/au728490/ceddar_runs/models_and_samples/evaluation/V0_I_1__seed2__HR_prcp_DANRA__SIZE_128x128__LR_prcp_ewvf_nwvf_ERA5__LOSS_sdfweighted__HEADS_4__TIMESTEPS_56/summary/evaluation_summary.json,extremes.p99,99th percentile,mm day$^{-1}$,hr,extremes.hr_p99,20.913351000000002,20.913351000000002,4.803069333333335,16.879667,16.110281666666666,0.769385333333334,-0.551674666666667,1.0474663333333343,Extremes,inside_v0_range
V0_M_0__HR_prcp_DANRA__SIZE_128x128__LR_prcp_msl_ERA5__LOSS_sdfweighted__HEADS_4__TIMESTEPS_56,V0_M_0,V0_M_0,1,/Users/au728490/ceddar_runs/models_and_samples/evaluation/V0_M_0__HR_prcp_DANRA__SIZE_128x128__LR_prcp_msl_ERA5__LOSS_sdfweighted__HEADS_4__TIMESTEPS_56/summary/evaluation_summary.json,extremes.p99,99th percentile,mm day$^{-1}$,hr,extremes.hr_p99,20.913351000000002,20.913351000000002,4.803069333333335,16.610769,16.110281666666666,0.500487333333334,-0.551674666666667,1.0474663333333343,Extremes,inside_v0_range
V0_M_0__seed2__HR_prcp_DANRA__SIZE_128x128__LR_prcp_msl_ERA5__LOSS_sdfweighted__HEADS_4__TIMESTEPS_56,V0_M_0_seed2,V0_M_0,2,/Users/au728490/ceddar_runs/models_and_samples/evaluation/V0_M_0__seed2__HR_prcp_DANRA__SIZE_128x128__LR_prcp_msl_ERA5__LOSS_sdfweighted__HEADS_4__TIMESTEPS_56/summary/evaluation_summary.json,extremes.p99,99th percentile,mm day$^{-1}$,hr,extremes.hr_p99,20.913351000000002,20.913351000000002,4.803069333333335,17.775127,16.110281666666666,1.664845333333334,-0.551674666666667,1.0474663333333343,Extremes,favourable
V0_M_1__HR_prcp_DANRA__SIZE_128x128__LR_prcp_msl_ERA5__LOSS_sdfweighted__HEADS_4__TIMESTEPS_56,V0_M_1,V0_M_1,1,/Users/au728490/ceddar_runs/models_and_samples/evaluation/V0_M_1__HR_prcp_DANRA__SIZE_128x128__LR_prcp_msl_ERA5__LOSS_sdfweighted__HEADS_4__TIMESTEPS_56/summary/evaluation_summary.json,extremes.p99,99th percentile,mm day$^{-1}$,hr,extremes.hr_p99,20.913351000000002,20.913351000000002,4.803069333333335,16.1447,16.110281666666666,0.034418333333332995,-0.551674666666667,1.0474663333333343,Extremes,inside_v0_range
V0_M_1__seed2__HR_prcp_DANRA__SIZE_128x128__LR_prcp_msl_ERA5__LOSS_sdfweighted__HEADS_4__TIMESTEPS_56,V0_M_1_seed2,V0_M_1,2,/Users/au728490/ceddar_runs/models_and_samples/evaluation/V0_M_1__seed2__HR_prcp_DANRA__SIZE_128x128__LR_prcp_msl_ERA5__LOSS_sdfweighted__HEADS_4__TIMESTEPS_56/summary/evaluation_summary.json,extremes.p99,99th percentile,mm day$^{-1}$,hr,extremes.hr_p99,20.913351000000002,20.913351000000002,4.803069333333335,18.635463,16.110281666666666,2.525181333333334,-0.551674666666667,1.0474663333333343,Extremes,favourable
V0_T_0__HR_prcp_DANRA__SIZE_128x128__LR_prcp_thetae_pl_850_ERA5__LOSS_sdfweighted__HEADS_4__TIMESTEPS_56,V0_T_0,V0_T_0,1,/Users/au728490/ceddar_runs/models_and_samples/evaluation/V0_T_0__HR_prcp_DANRA__SIZE_128x128__LR_prcp_thetae_pl_850_ERA5__LOSS_sdfweighted__HEADS_4__TIMESTEPS_56/summary/evaluation_summary.json,extremes.p99,99th percentile,mm day$^{-1}$,hr,extremes.hr_p99,20.913351000000002,20.913351000000002,4.803069333333335,15.827283,16.110281666666666,-0.28299866666666773,-0.551674666666667,1.0474663333333343,Extremes,inside_v0_range
V0_T_0__seed2__HR_prcp_DANRA__SIZE_128x128__LR_prcp_thetae_pl_850_ERA5__LOSS_sdfweighted__HEADS_4__TIMESTEPS_56,V0_T_0_seed2,V0_T_0,2,/Users/au728490/ceddar_runs/models_and_samples/evaluation/V0_T_0__seed2__HR_prcp_DANRA__SIZE_128x128__LR_prcp_thetae_pl_850_ERA5__LOSS_sdfweighted__HEADS_4__TIMESTEPS_56/summary/evaluation_summary.json,extremes.p99,99th percentile,mm day$^{-1}$,hr,extremes.hr_p99,20.913351000000002,20.913351000000002,4.803069333333335,18.552101,16.110281666666666,2.441819333333333,-0.551674666666667,1.0474663333333343,Extremes,favourable
V0_T_1__HR_prcp_DANRA__SIZE_128x128__LR_prcp_thetae_pl_850_ERA5__LOSS_sdfweighted__HEADS_4__TIMESTEPS_56,V0_T_1,V0_T_1,1,/Users/au728490/ceddar_runs/models_and_samples/evaluation/V0_T_1__HR_prcp_DANRA__SIZE_128x128__LR_prcp_thetae_pl_850_ERA5__LOSS_sdfweighted__HEADS_4__TIMESTEPS_56/summary/evaluation_summary.json,extremes.p99,99th percentile,mm day$^{-1}$,hr,extremes.hr_p99,20.913351000000002,20.913351000000002,4.803069333333335,18.782475,16.110281666666666,2.6721933333333343,-0.551674666666667,1.0474663333333343,Extremes,favourable
V0_T_1__seed2__HR_prcp_DANRA__SIZE_128x128__LR_prcp_thetae_pl_850_ERA5__LOSS_sdfweighted__HEADS_4__TIMESTEPS_56,V0_T_1_seed2,V0_T_1,2,/Users/au728490/ceddar_runs/models_and_samples/evaluation/V0_T_1__seed2__HR_prcp_DANRA__SIZE_128x128__LR_prcp_thetae_pl_850_ERA5__LOSS_sdfweighted__HEADS_4__TIMESTEPS_56/summary/evaluation_summary.json,extremes.p99,99th percentile,mm day$^{-1}$,hr,extremes.hr_p99,20.913351000000002,20.913351000000002,4.803069333333335,15.822845,16.110281666666666,-0.2874366666666681,-0.551674666666667,1.0474663333333343,Extremes,inside_v0_range
V0_Z_0__HR_prcp_DANRA__SIZE_128x128__LR_prcp_z_pl_500_ERA5__LOSS_sdfweighted__HEADS_4__TIMESTEPS_56,V0_Z_0,V0_Z_0,1,/Users/au728490/ceddar_runs/models_and_samples/evaluation/V0_Z_0__HR_prcp_DANRA__SIZE_128x128__LR_prcp_z_pl_500_ERA5__LOSS_sdfweighted__HEADS_4__TIMESTEPS_56/summary/evaluation_summary.json,extremes.p99,99th percentile,mm day$^{-1}$,hr,extremes.hr_p99,20.913351000000002,20.913351000000002,4.803069333333335,17.489848,16.110281666666666,1.3795663333333312,-0.551674666666667,1.0474663333333343,Extremes,favourable
V0_Z_0__seed2__HR_prcp_DANRA__SIZE_128x128__LR_prcp_z_pl_500_ERA5__LOSS_sdfweighted__HEADS_4__TIMESTEPS_56,V0_Z_0_seed2,V0_Z_0,2,/Users/au728490/ceddar_runs/models_and_samples/evaluation/V0_Z_0__seed2__HR_prcp_DANRA__SIZE_128x128__LR_prcp_z_pl_500_ERA5__LOSS_sdfweighted__HEADS_4__TIMESTEPS_56/summary/evaluation_summary.json,extremes.p99,99th percentile,mm day$^{-1}$,hr,extremes.hr_p99,20.913351000000002,20.913351000000002,4.803069333333335,16.623654,16.110281666666666,0.5133723333333311,-0.551674666666667,1.0474663333333343,Extremes,inside_v0_range
V0_Z_1__HR_prcp_DANRA__SIZE_128x128__LR_prcp_z_pl_500_ERA5__LOSS_sdfweighted__HEADS_4__TIMESTEPS_56,V0_Z_1,V0_Z_1,1,/Users/au728490/ceddar_runs/models_and_samples/evaluation/V0_Z_1__HR_prcp_DANRA__SIZE_128x128__LR_prcp_z_pl_500_ERA5__LOSS_sdfweighted__HEADS_4__TIMESTEPS_56/summary/evaluation_summary.json,extremes.p99,99th percentile,mm day$^{-1}$,hr,extremes.hr_p99,20.913351000000002,20.913351000000002,4.803069333333335,16.620506,16.110281666666666,0.5102243333333316,-0.551674666666667,1.0474663333333343,Extremes,inside_v0_range
V0_Z_1__seed2__HR_prcp_DANRA__SIZE_128x128__LR_prcp_z_pl_500_ERA5__LOSS_sdfweighted__HEADS_4__TIMESTEPS_56,V0_Z_1_seed2,V0_Z_1,2,/Users/au728490/ceddar_runs/models_and_samples/evaluation/V0_Z_1__seed2__HR_prcp_DANRA__SIZE_128x128__LR_prcp_z_pl_500_ERA5__LOSS_sdfweighted__HEADS_4__TIMESTEPS_56/summary/evaluation_summary.json,extremes.p99,99th percentile,mm day$^{-1}$,hr,extremes.hr_p99,20.913351000000002,20.913351000000002,4.803069333333335,17.97653,16.110281666666666,1.866248333333333,-0.551674666666667,1.0474663333333343,Extremes,favourable
D_IP_1__HR_prcp_DANRA__SIZE_128x128__LR_prcp_ewvf_nwvf_ERA5__LOSS_sdfweighted__HEADS_4__TIMESTEPS_56,D_IP_1,D_IP_1,1,/Users/au728490/ceddar_runs/models_and_samples/evaluation/D_IP_1__HR_prcp_DANRA__SIZE_128x128__LR_prcp_ewvf_nwvf_ERA5__LOSS_sdfweighted__HEADS_4__TIMESTEPS_56/summary/evaluation_summary.json,extremes.p99,99th percentile,mm day$^{-1}$,hr,extremes.hr_p99,20.913351000000002,20.913351000000002,4.803069333333335,18.003292,16.110281666666666,1.893010333333331,-0.551674666666667,1.0474663333333343,Extremes,favourable
D_IP_1__seed2__HR_prcp_DANRA__SIZE_128x128__LR_prcp_ewvf_nwvf_ERA5__LOSS_sdfweighted__HEADS_4__TIMESTEPS_56,D_IP_1_seed2,D_IP_1,2,/Users/au728490/ceddar_runs/models_and_samples/evaluation/D_IP_1__seed2__HR_prcp_DANRA__SIZE_128x128__LR_prcp_ewvf_nwvf_ERA5__LOSS_sdfweighted__HEADS_4__TIMESTEPS_56/summary/evaluation_summary.json,extremes.p99,99th percentile,mm day$^{-1}$,hr,extremes.hr_p99,20.913351000000002,20.913351000000002,4.803069333333335,16.902622,16.110281666666666,0.7923403333333336,-0.551674666666667,1.0474663333333343,Extremes,inside_v0_range
D_MZP_1__HR_prcp_DANRA__SIZE_128x128__LR_prcp_msl_z_pl_500_ERA5__LOSS_sdfweighted__HEADS_4__TIMESTEPS_56,D_MZP_1,D_MZP_1,1,/Users/au728490/ceddar_runs/models_and_samples/evaluation/D_MZP_1__HR_prcp_DANRA__SIZE_128x128__LR_prcp_msl_z_pl_500_ERA5__LOSS_sdfweighted__HEADS_4__TIMESTEPS_56/summary/evaluation_summary.json,extremes.p99,99th percentile,mm day$^{-1}$,hr,extremes.hr_p99,20.913351000000002,20.913351000000002,4.803069333333335,17.163282,16.110281666666666,1.0530003333333315,-0.551674666666667,1.0474663333333343,Extremes,favourable
D_MZP_1__seed2__HR_prcp_DANRA__SIZE_128x128__LR_prcp_msl_z_pl_500_ERA5__LOSS_sdfweighted__HEADS_4__TIMESTEPS_56,D_MZP_1_seed2,D_MZP_1,2,/Users/au728490/ceddar_runs/models_and_samples/evaluation/D_MZP_1__seed2__HR_prcp_DANRA__SIZE_128x128__LR_prcp_msl_z_pl_500_ERA5__LOSS_sdfweighted__HEADS_4__TIMESTEPS_56/summary/evaluation_summary.json,extremes.p99,99th percentile,mm day$^{-1}$,hr,extremes.hr_p99,20.913351000000002,20.913351000000002,4.803069333333335,17.630194,16.110281666666666,1.5199123333333322,-0.551674666666667,1.0474663333333343,Extremes,favourable
D_MTP_0__HR_prcp_DANRA__SIZE_128x128__LR_prcp_msl_thetae_pl_850_ERA5__LOSS_sdfweighted__HEADS_4__TIMESTEPS_56,D_MTP_0,D_MTP_0,1,/Users/au728490/ceddar_runs/models_and_samples/evaluation/D_MTP_0__HR_prcp_DANRA__SIZE_128x128__LR_prcp_msl_thetae_pl_850_ERA5__LOSS_sdfweighted__HEADS_4__TIMESTEPS_56/summary/evaluation_summary.json,extremes.p99,99th percentile,mm day$^{-1}$,hr,extremes.hr_p99,20.913351000000002,20.913351000000002,4.803069333333335,15.083642,16.110281666666666,-1.026639666666668,-0.551674666666667,1.0474663333333343,Extremes,unfavourable
D_MTP_0__seed2__HR_prcp_DANRA__SIZE_128x128__LR_prcp_msl_thetae_pl_850_ERA5__LOSS_sdfweighted__HEADS_4__TIMESTEPS_56,D_MTP_0_seed2,D_MTP_0,2,/Users/au728490/ceddar_runs/models_and_samples/evaluation/D_MTP_0__seed2__HR_prcp_DANRA__SIZE_128x128__LR_prcp_msl_thetae_pl_850_ERA5__LOSS_sdfweighted__HEADS_4__TIMESTEPS_56/summary/evaluation_summary.json,extremes.p99,99th percentile,mm day$^{-1}$,hr,extremes.hr_p99,20.913351000000002,20.913351000000002,4.803069333333335,17.550594,16.110281666666666,1.440312333333333,-0.551674666666667,1.0474663333333343,Extremes,favourable
D_MTP_1__HR_prcp_DANRA__SIZE_128x128__LR_prcp_msl_thetae_pl_850_ERA5__LOSS_sdfweighted__HEADS_4__TIMESTEPS_56,D_MTP_1,D_MTP_1,1,/Users/au728490/ceddar_runs/models_and_samples/evaluation/D_MTP_1__HR_prcp_DANRA__SIZE_128x128__LR_prcp_msl_thetae_pl_850_ERA5__LOSS_sdfweighted__HEADS_4__TIMESTEPS_56/summary/evaluation_summary.json,extremes.p99,99th percentile,mm day$^{-1}$,hr,extremes.hr_p99,20.913351000000002,20.913351000000002,4.803069333333335,18.442025,16.110281666666666,2.3317433333333337,-0.551674666666667,1.0474663333333343,Extremes,favourable
D_MTP_1__seed2__HR_prcp_DANRA__SIZE_128x128__LR_prcp_msl_thetae_pl_850_ERA5__LOSS_sdfweighted__HEADS_4__TIMESTEPS_56,D_MTP_1_seed2,D_MTP_1,2,/Users/au728490/ceddar_runs/models_and_samples/evaluation/D_MTP_1__seed2__HR_prcp_DANRA__SIZE_128x128__LR_prcp_msl_thetae_pl_850_ERA5__LOSS_sdfweighted__HEADS_4__TIMESTEPS_56/summary/evaluation_summary.json,extremes.p99,99th percentile,mm day$^{-1}$,hr,extremes.hr_p99,20.913351000000002,20.913351000000002,4.803069333333335,17.600627,16.110281666666666,1.490345333333332,-0.551674666666667,1.0474663333333343,Extremes,favourable
D_MTCP_1__HR_prcp_DANRA__SIZE_128x128__LR_prcp_msl_thetae_pl_850_cape_ERA5__LOSS_sdfweighted__HEADS_4__TIMESTEPS_56,D_MTCP_1,D_MTCP_1,1,/Users/au728490/ceddar_runs/models_and_samples/evaluation/D_MTCP_1__HR_prcp_DANRA__SIZE_128x128__LR_prcp_msl_thetae_pl_850_cape_ERA5__LOSS_sdfweighted__HEADS_4__TIMESTEPS_56/summary/evaluation_summary.json,extremes.p99,99th percentile,mm day$^{-1}$,hr,extremes.hr_p99,20.913351000000002,20.913351000000002,4.803069333333335,15.867628,16.110281666666666,-0.24265366666666743,-0.551674666666667,1.0474663333333343,Extremes,inside_v0_range
D_MTCP_1__seed2__HR_prcp_DANRA__SIZE_128x128__LR_prcp_msl_thetae_pl_850_cape_ERA5__LOSS_sdfweighted__HEADS_4__TIMESTEPS_56,D_MTCP_1_seed2,D_MTCP_1,2,/Users/au728490/ceddar_runs/models_and_samples/evaluation/D_MTCP_1__seed2__HR_prcp_DANRA__SIZE_128x128__LR_prcp_msl_thetae_pl_850_cape_ERA5__LOSS_sdfweighted__HEADS_4__TIMESTEPS_56/summary/evaluation_summary.json,extremes.p99,99th percentile,mm day$^{-1}$,hr,extremes.hr_p99,20.913351000000002,20.913351000000002,4.803069333333335,15.522102,16.110281666666666,-0.588179666666667,-0.551674666666667,1.0474663333333343,Extremes,unfavourable
D_MZIP_1__HR_prcp_DANRA__SIZE_128x128__LR_prcp_msl_z_pl_500_ewvf_nwvf_ERA5__LOSS_sdfweighted__HEADS_4__TIMESTEPS_56,D_MZIP_1,D_MZIP_1,1,/Users/au728490/ceddar_runs/models_and_samples/evaluation/D_MZIP_1__HR_prcp_DANRA__SIZE_128x128__LR_prcp_msl_z_pl_500_ewvf_nwvf_ERA5__LOSS_sdfweighted__HEADS_4__TIMESTEPS_56/summary/evaluation_summary.json,extremes.p99,99th percentile,mm day$^{-1}$,hr,extremes.hr_p99,20.913351000000002,20.913351000000002,4.803069333333335,16.455983,16.110281666666666,0.34570133333333253,-0.551674666666667,1.0474663333333343,Extremes,inside_v0_range
D_MZIP_1__seed2__HR_prcp_DANRA__SIZE_128x128__LR_prcp_msl_z_pl_500_ewvf_nwvf_ERA5__LOSS_sdfweighted__HEADS_4__TIMESTEPS_56,D_MZIP_1_seed2,D_MZIP_1,2,/Users/au728490/ceddar_runs/models_and_samples/evaluation/D_MZIP_1__seed2__HR_prcp_DANRA__SIZE_128x128__LR_prcp_msl_z_pl_500_ewvf_nwvf_ERA5__LOSS_sdfweighted__HEADS_4__TIMESTEPS_56/summary/evaluation_summary.json,extremes.p99,99th percentile,mm day$^{-1}$,hr,extremes.hr_p99,20.913351000000002,20.913351000000002,4.803069333333335,19.068298,16.110281666666666,2.9580163333333314,-0.551674666666667,1.0474663333333343,Extremes,favourable
D_MT_1__HR_prcp_DANRA__SIZE_128x128__LR_msl_thetae_pl_850_ERA5__LOSS_sdfweighted__HEADS_4__TIMESTEPS_56,D_MT_1,D_MT_1,1,/Users/au728490/ceddar_runs/models_and_samples/evaluation/D_MT_1__HR_prcp_DANRA__SIZE_128x128__LR_msl_thetae_pl_850_ERA5__LOSS_sdfweighted__HEADS_4__TIMESTEPS_56/summary/evaluation_summary.json,extremes.p99,99th percentile,mm day$^{-1}$,hr,extremes.hr_p99,20.913351000000002,20.913351000000002,4.803069333333335,13.695768,16.110281666666666,-2.414513666666668,-0.551674666666667,1.0474663333333343,Extremes,unfavourable
D_MT_1__seed2__HR_prcp_DANRA__SIZE_128x128__LR_msl_thetae_pl_850_ERA5__LOSS_sdfweighted__HEADS_4__TIMESTEPS_56,D_MT_1_seed2,D_MT_1,2,/Users/au728490/ceddar_runs/models_and_samples/evaluation/D_MT_1__seed2__HR_prcp_DANRA__SIZE_128x128__LR_msl_thetae_pl_850_ERA5__LOSS_sdfweighted__HEADS_4__TIMESTEPS_56/summary/evaluation_summary.json,extremes.p99,99th percentile,mm day$^{-1}$,hr,extremes.hr_p99,20.913351000000002,20.913351000000002,4.803069333333335,11.014173,16.110281666666666,-5.096108666666668,-0.551674666666667,1.0474663333333343,Extremes,unfavourable
D_MTC_1__HR_prcp_DANRA__SIZE_128x128__LR_msl_thetae_pl_850_cape_ERA5__LOSS_sdfweighted__HEADS_4__TIMESTEPS_56,D_MTC_1,D_MTC_1,1,/Users/au728490/ceddar_runs/models_and_samples/evaluation/D_MTC_1__HR_prcp_DANRA__SIZE_128x128__LR_msl_thetae_pl_850_cape_ERA5__LOSS_sdfweighted__HEADS_4__TIMESTEPS_56/summary/evaluation_summary.json,extremes.p99,99th percentile,mm day$^{-1}$,hr,extremes.hr_p99,20.913351000000002,20.913351000000002,4.803069333333335,13.706268,16.110281666666666,-2.4040136666666676,-0.551674666666667,1.0474663333333343,Extremes,unfavourable
D_MTC_1__seed2__HR_prcp_DANRA__SIZE_128x128__LR_msl_thetae_pl_850_cape_ERA5__LOSS_sdfweighted__HEADS_4__TIMESTEPS_56,D_MTC_1_seed2,D_MTC_1,2,/Users/au728490/ceddar_runs/models_and_samples/evaluation/D_MTC_1__seed2__HR_prcp_DANRA__SIZE_128x128__LR_msl_thetae_pl_850_cape_ERA5__LOSS_sdfweighted__HEADS_4__TIMESTEPS_56/summary/evaluation_summary.json,extremes.p99,99th percentile,mm day$^{-1}$,hr,extremes.hr_p99,20.913351000000002,20.913351000000002,4.803069333333335,15.210869,16.110281666666666,-0.8994126666666666,-0.551674666666667,1.0474663333333343,Extremes,unfavourable
C_10__HR_prcp_DANRA__SIZE_128x128__LR_prcp_ERA5__LOSS_sdfweighted__HEADS_4__TIMESTEPS_56,C_10,C_10,1,/Users/au728490/ceddar_runs/models_and_samples/evaluation/C_10__HR_prcp_DANRA__SIZE_128x128__LR_prcp_ERA5__LOSS_sdfweighted__HEADS_4__TIMESTEPS_56/summary/evaluation_summary.json,extremes.p99_9,99.9th percentile,mm day$^{-1}$,hr,extremes.hr_p99_9,38.820392,38.820392,5.462977333333332,36.632552,33.35741466666666,3.2751373333333307,-0.8944186666666694,1.4330383333333332,Extremes,favourable
C_10__seed2__HR_prcp_DANRA__SIZE_128x128__LR_prcp_ERA5__LOSS_sdfweighted__HEADS_4__TIMESTEPS_56,C_10_seed2,C_10,2,/Users/au728490/ceddar_runs/models_and_samples/evaluation/C_10__seed2__HR_prcp_DANRA__SIZE_128x128__LR_prcp_ERA5__LOSS_sdfweighted__HEADS_4__TIMESTEPS_56/summary/evaluation_summary.json,extremes.p99_9,99.9th percentile,mm day$^{-1}$,hr,extremes.hr_p99_9,38.820392,38.820392,5.462977333333332,33.642471,33.35741466666666,0.28505633333333424,-0.8944186666666694,1.4330383333333332,Extremes,inside_v0_range
V0_C_0__HR_prcp_DANRA__SIZE_128x128__LR_prcp_cape_ERA5__LOSS_sdfweighted__HEADS_4__TIMESTEPS_56,V0_C_0,V0_C_0,1,/Users/au728490/ceddar_runs/models_and_samples/evaluation/V0_C_0__HR_prcp_DANRA__SIZE_128x128__LR_prcp_cape_ERA5__LOSS_sdfweighted__HEADS_4__TIMESTEPS_56/summary/evaluation_summary.json,extremes.p99_9,99.9th percentile,mm day$^{-1}$,hr,extremes.hr_p99_9,38.820392,38.820392,5.462977333333332,30.448079,33.35741466666666,-2.9093356666666663,-0.8944186666666694,1.4330383333333332,Extremes,unfavourable
V0_C_0__seed2__HR_prcp_DANRA__SIZE_128x128__LR_prcp_cape_ERA5__LOSS_sdfweighted__HEADS_4__TIMESTEPS_56,V0_C_0_seed2,V0_C_0,2,/Users/au728490/ceddar_runs/models_and_samples/evaluation/V0_C_0__seed2__HR_prcp_DANRA__SIZE_128x128__LR_prcp_cape_ERA5__LOSS_sdfweighted__HEADS_4__TIMESTEPS_56/summary/evaluation_summary.json,extremes.p99_9,99.9th percentile,mm day$^{-1}$,hr,extremes.hr_p99_9,38.820392,38.820392,5.462977333333332,35.855295,33.35741466666666,2.497880333333332,-0.8944186666666694,1.4330383333333332,Extremes,favourable
V0_C_1__HR_prcp_DANRA__SIZE_128x128__LR_prcp_cape_ERA5__LOSS_sdfweighted__HEADS_4__TIMESTEPS_56,V0_C_1,V0_C_1,1,/Users/au728490/ceddar_runs/models_and_samples/evaluation/V0_C_1__HR_prcp_DANRA__SIZE_128x128__LR_prcp_cape_ERA5__LOSS_sdfweighted__HEADS_4__TIMESTEPS_56/summary/evaluation_summary.json,extremes.p99_9,99.9th percentile,mm day$^{-1}$,hr,extremes.hr_p99_9,38.820392,38.820392,5.462977333333332,31.979129,33.35741466666666,-1.3782856666666659,-0.8944186666666694,1.4330383333333332,Extremes,unfavourable
V0_C_1__seed2__HR_prcp_DANRA__SIZE_128x128__LR_prcp_cape_ERA5__LOSS_sdfweighted__HEADS_4__TIMESTEPS_56,V0_C_1_seed2,V0_C_1,2,/Users/au728490/ceddar_runs/models_and_samples/evaluation/V0_C_1__seed2__HR_prcp_DANRA__SIZE_128x128__LR_prcp_cape_ERA5__LOSS_sdfweighted__HEADS_4__TIMESTEPS_56/summary/evaluation_summary.json,extremes.p99_9,99.9th percentile,mm day$^{-1}$,hr,extremes.hr_p99_9,38.820392,38.820392,5.462977333333332,40.13751,33.35741466666666,4.145859333333331,-0.8944186666666694,1.4330383333333332,Extremes,favourable
V0_I_0__HR_prcp_DANRA__SIZE_128x128__LR_prcp_ewvf_nwvf_ERA5__LOSS_sdfweighted__HEADS_4__TIMESTEPS_56,V0_I_0,V0_I_0,1,/Users/au728490/ceddar_runs/models_and_samples/evaluation/V0_I_0__HR_prcp_DANRA__SIZE_128x128__LR_prcp_ewvf_nwvf_ERA5__LOSS_sdfweighted__HEADS_4__TIMESTEPS_56/summary/evaluation_summary.json,extremes.p99_9,99.9th percentile,mm day$^{-1}$,hr,extremes.hr_p99_9,38.820392,38.820392,5.462977333333332,30.889881,33.35741466666666,-2.467533666666667,-0.8944186666666694,1.4330383333333332,Extremes,unfavourable
V0_I_0__seed2__HR_prcp_DANRA__SIZE_128x128__LR_prcp_ewvf_nwvf_ERA5__LOSS_sdfweighted__HEADS_4__TIMESTEPS_56,V0_I_0_seed2,V0_I_0,2,/Users/au728490/ceddar_runs/models_and_samples/evaluation/V0_I_0__seed2__HR_prcp_DANRA__SIZE_128x128__LR_prcp_ewvf_nwvf_ERA5__LOSS_sdfweighted__HEADS_4__TIMESTEPS_56/summary/evaluation_summary.json,extremes.p99_9,99.9th percentile,mm day$^{-1}$,hr,extremes.hr_p99_9,38.820392,38.820392,5.462977333333332,31.093652,33.35741466666666,-2.2637626666666675,-0.8944186666666694,1.4330383333333332,Extremes,unfavourable
V0_I_1__HR_prcp_DANRA__SIZE_128x128__LR_prcp_ewvf_nwvf_ERA5__LOSS_sdfweighted__HEADS_4__TIMESTEPS_56,V0_I_1,V0_I_1,1,/Users/au728490/ceddar_runs/models_and_samples/evaluation/V0_I_1__HR_prcp_DANRA__SIZE_128x128__LR_prcp_ewvf_nwvf_ERA5__LOSS_sdfweighted__HEADS_4__TIMESTEPS_56/summary/evaluation_summary.json,extremes.p99_9,99.9th percentile,mm day$^{-1}$,hr,extremes.hr_p99_9,38.820392,38.820392,5.462977333333332,40.028364,33.35741466666666,4.255005333333327,-0.8944186666666694,1.4330383333333332,Extremes,favourable
V0_I_1__seed2__HR_prcp_DANRA__SIZE_128x128__LR_prcp_ewvf_nwvf_ERA5__LOSS_sdfweighted__HEADS_4__TIMESTEPS_56,V0_I_1_seed2,V0_I_1,2,/Users/au728490/ceddar_runs/models_and_samples/evaluation/V0_I_1__seed2__HR_prcp_DANRA__SIZE_128x128__LR_prcp_ewvf_nwvf_ERA5__LOSS_sdfweighted__HEADS_4__TIMESTEPS_56/summary/evaluation_summary.json,extremes.p99_9,99.9th percentile,mm day$^{-1}$,hr,extremes.hr_p99_9,38.820392,38.820392,5.462977333333332,35.23166,33.35741466666666,1.8742453333333318,-0.8944186666666694,1.4330383333333332,Extremes,favourable
V0_M_0__HR_prcp_DANRA__SIZE_128x128__LR_prcp_msl_ERA5__LOSS_sdfweighted__HEADS_4__TIMESTEPS_56,V0_M_0,V0_M_0,1,/Users/au728490/ceddar_runs/models_and_samples/evaluation/V0_M_0__HR_prcp_DANRA__SIZE_128x128__LR_prcp_msl_ERA5__LOSS_sdfweighted__HEADS_4__TIMESTEPS_56/summary/evaluation_summary.json,extremes.p99_9,99.9th percentile,mm day$^{-1}$,hr,extremes.hr_p99_9,38.820392,38.820392,5.462977333333332,36.298675,33.35741466666666,2.9412603333333367,-0.8944186666666694,1.4330383333333332,Extremes,favourable
V0_M_0__seed2__HR_prcp_DANRA__SIZE_128x128__LR_prcp_msl_ERA5__LOSS_sdfweighted__HEADS_4__TIMESTEPS_56,V0_M_0_seed2,V0_M_0,2,/Users/au728490/ceddar_runs/models_and_samples/evaluation/V0_M_0__seed2__HR_prcp_DANRA__SIZE_128x128__LR_prcp_msl_ERA5__LOSS_sdfweighted__HEADS_4__TIMESTEPS_56/summary/evaluation_summary.json,extremes.p99_9,99.9th percentile,mm day$^{-1}$,hr,extremes.hr_p99_9,38.820392,38.820392,5.462977333333332,33.332467,33.35741466666666,-0.024947666666665036,-0.8944186666666694,1.4330383333333332,Extremes,inside_v0_range
V0_M_1__HR_prcp_DANRA__SIZE_128x128__LR_prcp_msl_ERA5__LOSS_sdfweighted__HEADS_4__TIMESTEPS_56,V0_M_1,V0_M_1,1,/Users/au728490/ceddar_runs/models_and_samples/evaluation/V0_M_1__HR_prcp_DANRA__SIZE_128x128__LR_prcp_msl_ERA5__LOSS_sdfweighted__HEADS_4__TIMESTEPS_56/summary/evaluation_summary.json,extremes.p99_9,99.9th percentile,mm day$^{-1}$,hr,extremes.hr_p99_9,38.820392,38.820392,5.462977333333332,35.694104,33.35741466666666,2.3366893333333367,-0.8944186666666694,1.4330383333333332,Extremes,favourable
V0_M_1__seed2__HR_prcp_DANRA__SIZE_128x128__LR_prcp_msl_ERA5__LOSS_sdfweighted__HEADS_4__TIMESTEPS_56,V0_M_1_seed2,V0_M_1,2,/Users/au728490/ceddar_runs/models_and_samples/evaluation/V0_M_1__seed2__HR_prcp_DANRA__SIZE_128x128__LR_prcp_msl_ERA5__LOSS_sdfweighted__HEADS_4__TIMESTEPS_56/summary/evaluation_summary.json,extremes.p99_9,99.9th percentile,mm day$^{-1}$,hr,extremes.hr_p99_9,38.820392,38.820392,5.462977333333332,37.61021,33.35741466666666,4.252795333333336,-0.8944186666666694,1.4330383333333332,Extremes,favourable
V0_T_0__HR_prcp_DANRA__SIZE_128x128__LR_prcp_thetae_pl_850_ERA5__LOSS_sdfweighted__HEADS_4__TIMESTEPS_56,V0_T_0,V0_T_0,1,/Users/au728490/ceddar_runs/models_and_samples/evaluation/V0_T_0__HR_prcp_DANRA__SIZE_128x128__LR_prcp_thetae_pl_850_ERA5__LOSS_sdfweighted__HEADS_4__TIMESTEPS_56/summary/evaluation_summary.json,extremes.p99_9,99.9th percentile,mm day$^{-1}$,hr,extremes.hr_p99_9,38.820392,38.820392,5.462977333333332,33.946271,33.35741466666666,0.5888563333333368,-0.8944186666666694,1.4330383333333332,Extremes,inside_v0_range
V0_T_0__seed2__HR_prcp_DANRA__SIZE_128x128__LR_prcp_thetae_pl_850_ERA5__LOSS_sdfweighted__HEADS_4__TIMESTEPS_56,V0_T_0_seed2,V0_T_0,2,/Users/au728490/ceddar_runs/models_and_samples/evaluation/V0_T_0__seed2__HR_prcp_DANRA__SIZE_128x128__LR_prcp_thetae_pl_850_ERA5__LOSS_sdfweighted__HEADS_4__TIMESTEPS_56/summary/evaluation_summary.json,extremes.p99_9,99.9th percentile,mm day$^{-1}$,hr,extremes.hr_p99_9,38.820392,38.820392,5.462977333333332,37.728901,33.35741466666666,4.371486333333334,-0.8944186666666694,1.4330383333333332,Extremes,favourable
V0_T_1__HR_prcp_DANRA__SIZE_128x128__LR_prcp_thetae_pl_850_ERA5__LOSS_sdfweighted__HEADS_4__TIMESTEPS_56,V0_T_1,V0_T_1,1,/Users/au728490/ceddar_runs/models_and_samples/evaluation/V0_T_1__HR_prcp_DANRA__SIZE_128x128__LR_prcp_thetae_pl_850_ERA5__LOSS_sdfweighted__HEADS_4__TIMESTEPS_56/summary/evaluation_summary.json,extremes.p99_9,99.9th percentile,mm day$^{-1}$,hr,extremes.hr_p99_9,38.820392,38.820392,5.462977333333332,37.782462,33.35741466666666,4.425047333333336,-0.8944186666666694,1.4330383333333332,Extremes,favourable
V0_T_1__seed2__HR_prcp_DANRA__SIZE_128x128__LR_prcp_thetae_pl_850_ERA5__LOSS_sdfweighted__HEADS_4__TIMESTEPS_56,V0_T_1_seed2,V0_T_1,2,/Users/au728490/ceddar_runs/models_and_samples/evaluation/V0_T_1__seed2__HR_prcp_DANRA__SIZE_128x128__LR_prcp_thetae_pl_850_ERA5__LOSS_sdfweighted__HEADS_4__TIMESTEPS_56/summary/evaluation_summary.json,extremes.p99_9,99.9th percentile,mm day$^{-1}$,hr,extremes.hr_p99_9,38.820392,38.820392,5.462977333333332,30.446239,33.35741466666666,-2.9111756666666677,-0.8944186666666694,1.4330383333333332,Extremes,unfavourable
V0_Z_0__HR_prcp_DANRA__SIZE_128x128__LR_prcp_z_pl_500_ERA5__LOSS_sdfweighted__HEADS_4__TIMESTEPS_56,V0_Z_0,V0_Z_0,1,/Users/au728490/ceddar_runs/models_and_samples/evaluation/V0_Z_0__HR_prcp_DANRA__SIZE_128x128__LR_prcp_z_pl_500_ERA5__LOSS_sdfweighted__HEADS_4__TIMESTEPS_56/summary/evaluation_summary.json,extremes.p99_9,99.9th percentile,mm day$^{-1}$,hr,extremes.hr_p99_9,38.820392,38.820392,5.462977333333332,36.873016,33.35741466666666,3.5156013333333336,-0.8944186666666694,1.4330383333333332,Extremes,favourable
V0_Z_0__seed2__HR_prcp_DANRA__SIZE_128x128__LR_prcp_z_pl_500_ERA5__LOSS_sdfweighted__HEADS_4__TIMESTEPS_56,V0_Z_0_seed2,V0_Z_0,2,/Users/au728490/ceddar_runs/models_and_samples/evaluation/V0_Z_0__seed2__HR_prcp_DANRA__SIZE_128x128__LR_prcp_z_pl_500_ERA5__LOSS_sdfweighted__HEADS_4__TIMESTEPS_56/summary/evaluation_summary.json,extremes.p99_9,99.9th percentile,mm day$^{-1}$,hr,extremes.hr_p99_9,38.820392,38.820392,5.462977333333332,31.985233,33.35741466666666,-1.3721816666666653,-0.8944186666666694,1.4330383333333332,Extremes,unfavourable
V0_Z_1__HR_prcp_DANRA__SIZE_128x128__LR_prcp_z_pl_500_ERA5__LOSS_sdfweighted__HEADS_4__TIMESTEPS_56,V0_Z_1,V0_Z_1,1,/Users/au728490/ceddar_runs/models_and_samples/evaluation/V0_Z_1__HR_prcp_DANRA__SIZE_128x128__LR_prcp_z_pl_500_ERA5__LOSS_sdfweighted__HEADS_4__TIMESTEPS_56/summary/evaluation_summary.json,extremes.p99_9,99.9th percentile,mm day$^{-1}$,hr,extremes.hr_p99_9,38.820392,38.820392,5.462977333333332,32.594745,33.35741466666666,-0.762669666666663,-0.8944186666666694,1.4330383333333332,Extremes,inside_v0_range
V0_Z_1__seed2__HR_prcp_DANRA__SIZE_128x128__LR_prcp_z_pl_500_ERA5__LOSS_sdfweighted__HEADS_4__TIMESTEPS_56,V0_Z_1_seed2,V0_Z_1,2,/Users/au728490/ceddar_runs/models_and_samples/evaluation/V0_Z_1__seed2__HR_prcp_DANRA__SIZE_128x128__LR_prcp_z_pl_500_ERA5__LOSS_sdfweighted__HEADS_4__TIMESTEPS_56/summary/evaluation_summary.json,extremes.p99_9,99.9th percentile,mm day$^{-1}$,hr,extremes.hr_p99_9,38.820392,38.820392,5.462977333333332,36.439422,33.35741466666666,3.082007333333334,-0.8944186666666694,1.4330383333333332,Extremes,favourable
D_IP_1__HR_prcp_DANRA__SIZE_128x128__LR_prcp_ewvf_nwvf_ERA5__LOSS_sdfweighted__HEADS_4__TIMESTEPS_56,D_IP_1,D_IP_1,1,/Users/au728490/ceddar_runs/models_and_samples/evaluation/D_IP_1__HR_prcp_DANRA__SIZE_128x128__LR_prcp_ewvf_nwvf_ERA5__LOSS_sdfweighted__HEADS_4__TIMESTEPS_56/summary/evaluation_summary.json,extremes.p99_9,99.9th percentile,mm day$^{-1}$,hr,extremes.hr_p99_9,38.820392,38.820392,5.462977333333332,37.734157,33.35741466666666,4.376742333333337,-0.8944186666666694,1.4330383333333332,Extremes,favourable
D_IP_1__seed2__HR_prcp_DANRA__SIZE_128x128__LR_prcp_ewvf_nwvf_ERA5__LOSS_sdfweighted__HEADS_4__TIMESTEPS_56,D_IP_1_seed2,D_IP_1,2,/Users/au728490/ceddar_runs/models_and_samples/evaluation/D_IP_1__seed2__HR_prcp_DANRA__SIZE_128x128__LR_prcp_ewvf_nwvf_ERA5__LOSS_sdfweighted__HEADS_4__TIMESTEPS_56/summary/evaluation_summary.json,extremes.p99_9,99.9th percentile,mm day$^{-1}$,hr,extremes.hr_p99_9,38.820392,38.820392,5.462977333333332,33.817054,33.35741466666666,0.4596393333333326,-0.8944186666666694,1.4330383333333332,Extremes,inside_v0_range
D_MZP_1__HR_prcp_DANRA__SIZE_128x128__LR_prcp_msl_z_pl_500_ERA5__LOSS_sdfweighted__HEADS_4__TIMESTEPS_56,D_MZP_1,D_MZP_1,1,/Users/au728490/ceddar_runs/models_and_samples/evaluation/D_MZP_1__HR_prcp_DANRA__SIZE_128x128__LR_prcp_msl_z_pl_500_ERA5__LOSS_sdfweighted__HEADS_4__TIMESTEPS_56/summary/evaluation_summary.json,extremes.p99_9,99.9th percentile,mm day$^{-1}$,hr,extremes.hr_p99_9,38.820392,38.820392,5.462977333333332,39.255622,33.35741466666666,5.027747333333328,-0.8944186666666694,1.4330383333333332,Extremes,favourable
D_MZP_1__seed2__HR_prcp_DANRA__SIZE_128x128__LR_prcp_msl_z_pl_500_ERA5__LOSS_sdfweighted__HEADS_4__TIMESTEPS_56,D_MZP_1_seed2,D_MZP_1,2,/Users/au728490/ceddar_runs/models_and_samples/evaluation/D_MZP_1__seed2__HR_prcp_DANRA__SIZE_128x128__LR_prcp_msl_z_pl_500_ERA5__LOSS_sdfweighted__HEADS_4__TIMESTEPS_56/summary/evaluation_summary.json,extremes.p99_9,99.9th percentile,mm day$^{-1}$,hr,extremes.hr_p99_9,38.820392,38.820392,5.462977333333332,36.067054,33.35741466666666,2.7096393333333326,-0.8944186666666694,1.4330383333333332,Extremes,favourable
D_MTP_0__HR_prcp_DANRA__SIZE_128x128__LR_prcp_msl_thetae_pl_850_ERA5__LOSS_sdfweighted__HEADS_4__TIMESTEPS_56,D_MTP_0,D_MTP_0,1,/Users/au728490/ceddar_runs/models_and_samples/evaluation/D_MTP_0__HR_prcp_DANRA__SIZE_128x128__LR_prcp_msl_thetae_pl_850_ERA5__LOSS_sdfweighted__HEADS_4__TIMESTEPS_56/summary/evaluation_summary.json,extremes.p99_9,99.9th percentile,mm day$^{-1}$,hr,extremes.hr_p99_9,38.820392,38.820392,5.462977333333332,31.402018,33.35741466666666,-1.9553966666666645,-0.8944186666666694,1.4330383333333332,Extremes,unfavourable
D_MTP_0__seed2__HR_prcp_DANRA__SIZE_128x128__LR_prcp_msl_thetae_pl_850_ERA5__LOSS_sdfweighted__HEADS_4__TIMESTEPS_56,D_MTP_0_seed2,D_MTP_0,2,/Users/au728490/ceddar_runs/models_and_samples/evaluation/D_MTP_0__seed2__HR_prcp_DANRA__SIZE_128x128__LR_prcp_msl_thetae_pl_850_ERA5__LOSS_sdfweighted__HEADS_4__TIMESTEPS_56/summary/evaluation_summary.json,extremes.p99_9,99.9th percentile,mm day$^{-1}$,hr,extremes.hr_p99_9,38.820392,38.820392,5.462977333333332,37.34842,33.35741466666666,3.991005333333331,-0.8944186666666694,1.4330383333333332,Extremes,favourable
D_MTP_1__HR_prcp_DANRA__SIZE_128x128__LR_prcp_msl_thetae_pl_850_ERA5__LOSS_sdfweighted__HEADS_4__TIMESTEPS_56,D_MTP_1,D_MTP_1,1,/Users/au728490/ceddar_runs/models_and_samples/evaluation/D_MTP_1__HR_prcp_DANRA__SIZE_128x128__LR_prcp_msl_thetae_pl_850_ERA5__LOSS_sdfweighted__HEADS_4__TIMESTEPS_56/summary/evaluation_summary.json,extremes.p99_9,99.9th percentile,mm day$^{-1}$,hr,extremes.hr_p99_9,38.820392,38.820392,5.462977333333332,40.795814,33.35741466666666,3.4875553333333302,-0.8944186666666694,1.4330383333333332,Extremes,favourable
D_MTP_1__seed2__HR_prcp_DANRA__SIZE_128x128__LR_prcp_msl_thetae_pl_850_ERA5__LOSS_sdfweighted__HEADS_4__TIMESTEPS_56,D_MTP_1_seed2,D_MTP_1,2,/Users/au728490/ceddar_runs/models_and_samples/evaluation/D_MTP_1__seed2__HR_prcp_DANRA__SIZE_128x128__LR_prcp_msl_thetae_pl_850_ERA5__LOSS_sdfweighted__HEADS_4__TIMESTEPS_56/summary/evaluation_summary.json,extremes.p99_9,99.9th percentile,mm day$^{-1}$,hr,extremes.hr_p99_9,38.820392,38.820392,5.462977333333332,36.529149,33.35741466666666,3.1717343333333305,-0.8944186666666694,1.4330383333333332,Extremes,favourable
D_MTCP_1__HR_prcp_DANRA__SIZE_128x128__LR_prcp_msl_thetae_pl_850_cape_ERA5__LOSS_sdfweighted__HEADS_4__TIMESTEPS_56,D_MTCP_1,D_MTCP_1,1,/Users/au728490/ceddar_runs/models_and_samples/evaluation/D_MTCP_1__HR_prcp_DANRA__SIZE_128x128__LR_prcp_msl_thetae_pl_850_cape_ERA5__LOSS_sdfweighted__HEADS_4__TIMESTEPS_56/summary/evaluation_summary.json,extremes.p99_9,99.9th percentile,mm day$^{-1}$,hr,extremes.hr_p99_9,38.820392,38.820392,5.462977333333332,33.506688,33.35741466666666,0.1492733333333307,-0.8944186666666694,1.4330383333333332,Extremes,inside_v0_range
D_MTCP_1__seed2__HR_prcp_DANRA__SIZE_128x128__LR_prcp_msl_thetae_pl_850_cape_ERA5__LOSS_sdfweighted__HEADS_4__TIMESTEPS_56,D_MTCP_1_seed2,D_MTCP_1,2,/Users/au728490/ceddar_runs/models_and_samples/evaluation/D_MTCP_1__seed2__HR_prcp_DANRA__SIZE_128x128__LR_prcp_msl_thetae_pl_850_cape_ERA5__LOSS_sdfweighted__HEADS_4__TIMESTEPS_56/summary/evaluation_summary.json,extremes.p99_9,99.9th percentile,mm day$^{-1}$,hr,extremes.hr_p99_9,38.820392,38.820392,5.462977333333332,31.199161,33.35741466666666,-2.158253666666666,-0.8944186666666694,1.4330383333333332,Extremes,unfavourable
D_MZIP_1__HR_prcp_DANRA__SIZE_128x128__LR_prcp_msl_z_pl_500_ewvf_nwvf_ERA5__LOSS_sdfweighted__HEADS_4__TIMESTEPS_56,D_MZIP_1,D_MZIP_1,1,/Users/au728490/ceddar_runs/models_and_samples/evaluation/D_MZIP_1__HR_prcp_DANRA__SIZE_128x128__LR_prcp_msl_z_pl_500_ewvf_nwvf_ERA5__LOSS_sdfweighted__HEADS_4__TIMESTEPS_56/summary/evaluation_summary.json,extremes.p99_9,99.9th percentile,mm day$^{-1}$,hr,extremes.hr_p99_9,38.820392,38.820392,5.462977333333332,31.382185,33.35741466666666,-1.9752296666666664,-0.8944186666666694,1.4330383333333332,Extremes,unfavourable
D_MZIP_1__seed2__HR_prcp_DANRA__SIZE_128x128__LR_prcp_msl_z_pl_500_ewvf_nwvf_ERA5__LOSS_sdfweighted__HEADS_4__TIMESTEPS_56,D_MZIP_1_seed2,D_MZIP_1,2,/Users/au728490/ceddar_runs/models_and_samples/evaluation/D_MZIP_1__seed2__HR_prcp_DANRA__SIZE_128x128__LR_prcp_msl_z_pl_500_ewvf_nwvf_ERA5__LOSS_sdfweighted__HEADS_4__TIMESTEPS_56/summary/evaluation_summary.json,extremes.p99_9,99.9th percentile,mm day$^{-1}$,hr,extremes.hr_p99_9,38.820392,38.820392,5.462977333333332,43.72443,33.35741466666666,0.5589393333333321,-0.8944186666666694,1.4330383333333332,Extremes,inside_v0_range
D_MT_1__HR_prcp_DANRA__SIZE_128x128__LR_msl_thetae_pl_850_ERA5__LOSS_sdfweighted__HEADS_4__TIMESTEPS_56,D_MT_1,D_MT_1,1,/Users/au728490/ceddar_runs/models_and_samples/evaluation/D_MT_1__HR_prcp_DANRA__SIZE_128x128__LR_msl_thetae_pl_850_ERA5__LOSS_sdfweighted__HEADS_4__TIMESTEPS_56/summary/evaluation_summary.json,extremes.p99_9,99.9th percentile,mm day$^{-1}$,hr,extremes.hr_p99_9,38.820392,38.820392,5.462977333333332,28.448523,33.35741466666666,-4.908891666666665,-0.8944186666666694,1.4330383333333332,Extremes,unfavourable
D_MT_1__seed2__HR_prcp_DANRA__SIZE_128x128__LR_msl_thetae_pl_850_ERA5__LOSS_sdfweighted__HEADS_4__TIMESTEPS_56,D_MT_1_seed2,D_MT_1,2,/Users/au728490/ceddar_runs/models_and_samples/evaluation/D_MT_1__seed2__HR_prcp_DANRA__SIZE_128x128__LR_msl_thetae_pl_850_ERA5__LOSS_sdfweighted__HEADS_4__TIMESTEPS_56/summary/evaluation_summary.json,extremes.p99_9,99.9th percentile,mm day$^{-1}$,hr,extremes.hr_p99_9,38.820392,38.820392,5.462977333333332,26.440787,33.35741466666666,-6.916627666666666,-0.8944186666666694,1.4330383333333332,Extremes,unfavourable
D_MTC_1__HR_prcp_DANRA__SIZE_128x128__LR_msl_thetae_pl_850_cape_ERA5__LOSS_sdfweighted__HEADS_4__TIMESTEPS_56,D_MTC_1,D_MTC_1,1,/Users/au728490/ceddar_runs/models_and_samples/evaluation/D_MTC_1__HR_prcp_DANRA__SIZE_128x128__LR_msl_thetae_pl_850_cape_ERA5__LOSS_sdfweighted__HEADS_4__TIMESTEPS_56/summary/evaluation_summary.json,extremes.p99_9,99.9th percentile,mm day$^{-1}$,hr,extremes.hr_p99_9,38.820392,38.820392,5.462977333333332,32.416836,33.35741466666666,-0.9405786666666627,-0.8944186666666694,1.4330383333333332,Extremes,unfavourable
D_MTC_1__seed2__HR_prcp_DANRA__SIZE_128x128__LR_msl_thetae_pl_850_cape_ERA5__LOSS_sdfweighted__HEADS_4__TIMESTEPS_56,D_MTC_1_seed2,D_MTC_1,2,/Users/au728490/ceddar_runs/models_and_samples/evaluation/D_MTC_1__seed2__HR_prcp_DANRA__SIZE_128x128__LR_msl_thetae_pl_850_cape_ERA5__LOSS_sdfweighted__HEADS_4__TIMESTEPS_56/summary/evaluation_summary.json,extremes.p99_9,99.9th percentile,mm day$^{-1}$,hr,extremes.hr_p99_9,38.820392,38.820392,5.462977333333332,33.103337,33.35741466666666,-0.25407766666666287,-0.8944186666666694,1.4330383333333332,Extremes,inside_v0_range
C_10__HR_prcp_DANRA__SIZE_128x128__LR_prcp_ERA5__LOSS_sdfweighted__HEADS_4__TIMESTEPS_56,C_10,C_10,1,/Users/au728490/ceddar_runs/models_and_samples/evaluation/C_10__HR_prcp_DANRA__SIZE_128x128__LR_prcp_ERA5__LOSS_sdfweighted__HEADS_4__TIMESTEPS_56/summary/evaluation_summary.json,extremes.rx1day,RX1day,mm day$^{-1}$,hr,extremes.hr_rx1day,21.271155,21.271155,7.150982333333334,15.809925,14.120172666666667,1.6897523333333337,-1.1338716666666668,1.8064053333333332,Extremes,inside_v0_range
C_10__seed2__HR_prcp_DANRA__SIZE_128x128__LR_prcp_ERA5__LOSS_sdfweighted__HEADS_4__TIMESTEPS_56,C_10_seed2,C_10,2,/Users/au728490/ceddar_runs/models_and_samples/evaluation/C_10__seed2__HR_prcp_DANRA__SIZE_128x128__LR_prcp_ERA5__LOSS_sdfweighted__HEADS_4__TIMESTEPS_56/summary/evaluation_summary.json,extremes.rx1day,RX1day,mm day$^{-1}$,hr,extremes.hr_rx1day,21.271155,21.271155,7.150982333333334,14.167259,14.120172666666667,0.04708633333333356,-1.1338716666666668,1.8064053333333332,Extremes,inside_v0_range
V0_C_0__HR_prcp_DANRA__SIZE_128x128__LR_prcp_cape_ERA5__LOSS_sdfweighted__HEADS_4__TIMESTEPS_56,V0_C_0,V0_C_0,1,/Users/au728490/ceddar_runs/models_and_samples/evaluation/V0_C_0__HR_prcp_DANRA__SIZE_128x128__LR_prcp_cape_ERA5__LOSS_sdfweighted__HEADS_4__TIMESTEPS_56/summary/evaluation_summary.json,extremes.rx1day,RX1day,mm day$^{-1}$,hr,extremes.hr_rx1day,21.271155,21.271155,7.150982333333334,15.892474,14.120172666666667,1.772301333333334,-1.1338716666666668,1.8064053333333332,Extremes,inside_v0_range
V0_C_0__seed2__HR_prcp_DANRA__SIZE_128x128__LR_prcp_cape_ERA5__LOSS_sdfweighted__HEADS_4__TIMESTEPS_56,V0_C_0_seed2,V0_C_0,2,/Users/au728490/ceddar_runs/models_and_samples/evaluation/V0_C_0__seed2__HR_prcp_DANRA__SIZE_128x128__LR_prcp_cape_ERA5__LOSS_sdfweighted__HEADS_4__TIMESTEPS_56/summary/evaluation_summary.json,extremes.rx1day,RX1day,mm day$^{-1}$,hr,extremes.hr_rx1day,21.271155,21.271155,7.150982333333334,13.7917,14.120172666666667,-0.3284726666666655,-1.1338716666666668,1.8064053333333332,Extremes,inside_v0_range
V0_C_1__HR_prcp_DANRA__SIZE_128x128__LR_prcp_cape_ERA5__LOSS_sdfweighted__HEADS_4__TIMESTEPS_56,V0_C_1,V0_C_1,1,/Users/au728490/ceddar_runs/models_and_samples/evaluation/V0_C_1__HR_prcp_DANRA__SIZE_128x128__LR_prcp_cape_ERA5__LOSS_sdfweighted__HEADS_4__TIMESTEPS_56/summary/evaluation_summary.json,extremes.rx1day,RX1day,mm day$^{-1}$,hr,extremes.hr_rx1day,21.271155,21.271155,7.150982333333334,15.112203,14.120172666666667,0.9920303333333331,-1.1338716666666668,1.8064053333333332,Extremes,inside_v0_range
V0_C_1__seed2__HR_prcp_DANRA__SIZE_128x128__LR_prcp_cape_ERA5__LOSS_sdfweighted__HEADS_4__TIMESTEPS_56,V0_C_1_seed2,V0_C_1,2,/Users/au728490/ceddar_runs/models_and_samples/evaluation/V0_C_1__seed2__HR_prcp_DANRA__SIZE_128x128__LR_prcp_cape_ERA5__LOSS_sdfweighted__HEADS_4__TIMESTEPS_56/summary/evaluation_summary.json,extremes.rx1day,RX1day,mm day$^{-1}$,hr,extremes.hr_rx1day,21.271155,21.271155,7.150982333333334,16.914627,14.120172666666667,2.7944543333333334,-1.1338716666666668,1.8064053333333332,Extremes,favourable
V0_I_0__HR_prcp_DANRA__SIZE_128x128__LR_prcp_ewvf_nwvf_ERA5__LOSS_sdfweighted__HEADS_4__TIMESTEPS_56,V0_I_0,V0_I_0,1,/Users/au728490/ceddar_runs/models_and_samples/evaluation/V0_I_0__HR_prcp_DANRA__SIZE_128x128__LR_prcp_ewvf_nwvf_ERA5__LOSS_sdfweighted__HEADS_4__TIMESTEPS_56/summary/evaluation_summary.json,extremes.rx1day,RX1day,mm day$^{-1}$,hr,extremes.hr_rx1day,21.271155,21.271155,7.150982333333334,15.100971,14.120172666666667,0.9807983333333334,-1.1338716666666668,1.8064053333333332,Extremes,inside_v0_range
V0_I_0__seed2__HR_prcp_DANRA__SIZE_128x128__LR_prcp_ewvf_nwvf_ERA5__LOSS_sdfweighted__HEADS_4__TIMESTEPS_56,V0_I_0_seed2,V0_I_0,2,/Users/au728490/ceddar_runs/models_and_samples/evaluation/V0_I_0__seed2__HR_prcp_DANRA__SIZE_128x128__LR_prcp_ewvf_nwvf_ERA5__LOSS_sdfweighted__HEADS_4__TIMESTEPS_56/summary/evaluation_summary.json,extremes.rx1day,RX1day,mm day$^{-1}$,hr,extremes.hr_rx1day,21.271155,21.271155,7.150982333333334,14.19161,14.120172666666667,0.07143733333333468,-1.1338716666666668,1.8064053333333332,Extremes,inside_v0_range
V0_I_1__HR_prcp_DANRA__SIZE_128x128__LR_prcp_ewvf_nwvf_ERA5__LOSS_sdfweighted__HEADS_4__TIMESTEPS_56,V0_I_1,V0_I_1,1,/Users/au728490/ceddar_runs/models_and_samples/evaluation/V0_I_1__HR_prcp_DANRA__SIZE_128x128__LR_prcp_ewvf_nwvf_ERA5__LOSS_sdfweighted__HEADS_4__TIMESTEPS_56/summary/evaluation_summary.json,extremes.rx1day,RX1day,mm day$^{-1}$,hr,extremes.hr_rx1day,21.271155,21.271155,7.150982333333334,13.916214,14.120172666666667,-0.20395866666666596,-1.1338716666666668,1.8064053333333332,Extremes,inside_v0_range
V0_I_1__seed2__HR_prcp_DANRA__SIZE_128x128__LR_prcp_ewvf_nwvf_ERA5__LOSS_sdfweighted__HEADS_4__TIMESTEPS_56,V0_I_1_seed2,V0_I_1,2,/Users/au728490/ceddar_runs/models_and_samples/evaluation/V0_I_1__seed2__HR_prcp_DANRA__SIZE_128x128__LR_prcp_ewvf_nwvf_ERA5__LOSS_sdfweighted__HEADS_4__TIMESTEPS_56/summary/evaluation_summary.json,extremes.rx1day,RX1day,mm day$^{-1}$,hr,extremes.hr_rx1day,21.271155,21.271155,7.150982333333334,15.077656,14.120172666666667,0.9574833333333332,-1.1338716666666668,1.8064053333333332,Extremes,inside_v0_range
V0_M_0__HR_prcp_DANRA__SIZE_128x128__LR_prcp_msl_ERA5__LOSS_sdfweighted__HEADS_4__TIMESTEPS_56,V0_M_0,V0_M_0,1,/Users/au728490/ceddar_runs/models_and_samples/evaluation/V0_M_0__HR_prcp_DANRA__SIZE_128x128__LR_prcp_msl_ERA5__LOSS_sdfweighted__HEADS_4__TIMESTEPS_56/summary/evaluation_summary.json,extremes.rx1day,RX1day,mm day$^{-1}$,hr,extremes.hr_rx1day,21.271155,21.271155,7.150982333333334,14.276186,14.120172666666667,0.15601333333333312,-1.1338716666666668,1.8064053333333332,Extremes,inside_v0_range
V0_M_0__seed2__HR_prcp_DANRA__SIZE_128x128__LR_prcp_msl_ERA5__LOSS_sdfweighted__HEADS_4__TIMESTEPS_56,V0_M_0_seed2,V0_M_0,2,/Users/au728490/ceddar_runs/models_and_samples/evaluation/V0_M_0__seed2__HR_prcp_DANRA__SIZE_128x128__LR_prcp_msl_ERA5__LOSS_sdfweighted__HEADS_4__TIMESTEPS_56/summary/evaluation_summary.json,extremes.rx1day,RX1day,mm day$^{-1}$,hr,extremes.hr_rx1day,21.271155,21.271155,7.150982333333334,15.9068,14.120172666666667,1.7866273333333345,-1.1338716666666668,1.8064053333333332,Extremes,inside_v0_range
V0_M_1__HR_prcp_DANRA__SIZE_128x128__LR_prcp_msl_ERA5__LOSS_sdfweighted__HEADS_4__TIMESTEPS_56,V0_M_1,V0_M_1,1,/Users/au728490/ceddar_runs/models_and_samples/evaluation/V0_M_1__HR_prcp_DANRA__SIZE_128x128__LR_prcp_msl_ERA5__LOSS_sdfweighted__HEADS_4__TIMESTEPS_56/summary/evaluation_summary.json,extremes.rx1day,RX1day,mm day$^{-1}$,hr,extremes.hr_rx1day,21.271155,21.271155,7.150982333333334,889.585516,14.120172666666667,-861.1633786666666,-1.1338716666666668,1.8064053333333332,Extremes,unfavourable
V0_M_1__seed2__HR_prcp_DANRA__SIZE_128x128__LR_prcp_msl_ERA5__LOSS_sdfweighted__HEADS_4__TIMESTEPS_56,V0_M_1_seed2,V0_M_1,2,/Users/au728490/ceddar_runs/models_and_samples/evaluation/V0_M_1__seed2__HR_prcp_DANRA__SIZE_128x128__LR_prcp_msl_ERA5__LOSS_sdfweighted__HEADS_4__TIMESTEPS_56/summary/evaluation_summary.json,extremes.rx1day,RX1day,mm day$^{-1}$,hr,extremes.hr_rx1day,21.271155,21.271155,7.150982333333334,17.727967,14.120172666666667,3.6077943333333335,-1.1338716666666668,1.8064053333333332,Extremes,favourable
V0_T_0__HR_prcp_DANRA__SIZE_128x128__LR_prcp_thetae_pl_850_ERA5__LOSS_sdfweighted__HEADS_4__TIMESTEPS_56,V0_T_0,V0_T_0,1,/Users/au728490/ceddar_runs/models_and_samples/evaluation/V0_T_0__HR_prcp_DANRA__SIZE_128x128__LR_prcp_thetae_pl_850_ERA5__LOSS_sdfweighted__HEADS_4__TIMESTEPS_56/summary/evaluation_summary.json,extremes.rx1day,RX1day,mm day$^{-1}$,hr,extremes.hr_rx1day,21.271155,21.271155,7.150982333333334,13.717785,14.120172666666667,-0.4023876666666668,-1.1338716666666668,1.8064053333333332,Extremes,inside_v0_range
V0_T_0__seed2__HR_prcp_DANRA__SIZE_128x128__LR_prcp_thetae_pl_850_ERA5__LOSS_sdfweighted__HEADS_4__TIMESTEPS_56,V0_T_0_seed2,V0_T_0,2,/Users/au728490/ceddar_runs/models_and_samples/evaluation/V0_T_0__seed2__HR_prcp_DANRA__SIZE_128x128__LR_prcp_thetae_pl_850_ERA5__LOSS_sdfweighted__HEADS_4__TIMESTEPS_56/summary/evaluation_summary.json,extremes.rx1day,RX1day,mm day$^{-1}$,hr,extremes.hr_rx1day,21.271155,21.271155,7.150982333333334,15.920246,14.120172666666667,1.8000733333333345,-1.1338716666666668,1.8064053333333332,Extremes,inside_v0_range
V0_T_1__HR_prcp_DANRA__SIZE_128x128__LR_prcp_thetae_pl_850_ERA5__LOSS_sdfweighted__HEADS_4__TIMESTEPS_56,V0_T_1,V0_T_1,1,/Users/au728490/ceddar_runs/models_and_samples/evaluation/V0_T_1__HR_prcp_DANRA__SIZE_128x128__LR_prcp_thetae_pl_850_ERA5__LOSS_sdfweighted__HEADS_4__TIMESTEPS_56/summary/evaluation_summary.json,extremes.rx1day,RX1day,mm day$^{-1}$,hr,extremes.hr_rx1day,21.271155,21.271155,7.150982333333334,16.32861,14.120172666666667,2.208437333333335,-1.1338716666666668,1.8064053333333332,Extremes,favourable
V0_T_1__seed2__HR_prcp_DANRA__SIZE_128x128__LR_prcp_thetae_pl_850_ERA5__LOSS_sdfweighted__HEADS_4__TIMESTEPS_56,V0_T_1_seed2,V0_T_1,2,/Users/au728490/ceddar_runs/models_and_samples/evaluation/V0_T_1__seed2__HR_prcp_DANRA__SIZE_128x128__LR_prcp_thetae_pl_850_ERA5__LOSS_sdfweighted__HEADS_4__TIMESTEPS_56/summary/evaluation_summary.json,extremes.rx1day,RX1day,mm day$^{-1}$,hr,extremes.hr_rx1day,21.271155,21.271155,7.150982333333334,15.504332,14.120172666666667,1.3841593333333337,-1.1338716666666668,1.8064053333333332,Extremes,inside_v0_range
V0_Z_0__HR_prcp_DANRA__SIZE_128x128__LR_prcp_z_pl_500_ERA5__LOSS_sdfweighted__HEADS_4__TIMESTEPS_56,V0_Z_0,V0_Z_0,1,/Users/au728490/ceddar_runs/models_and_samples/evaluation/V0_Z_0__HR_prcp_DANRA__SIZE_128x128__LR_prcp_z_pl_500_ERA5__LOSS_sdfweighted__HEADS_4__TIMESTEPS_56/summary/evaluation_summary.json,extremes.rx1day,RX1day,mm day$^{-1}$,hr,extremes.hr_rx1day,21.271155,21.271155,7.150982333333334,15.267705,14.120172666666667,1.1475323333333334,-1.1338716666666668,1.8064053333333332,Extremes,inside_v0_range
V0_Z_0__seed2__HR_prcp_DANRA__SIZE_128x128__LR_prcp_z_pl_500_ERA5__LOSS_sdfweighted__HEADS_4__TIMESTEPS_56,V0_Z_0_seed2,V0_Z_0,2,/Users/au728490/ceddar_runs/models_and_samples/evaluation/V0_Z_0__seed2__HR_prcp_DANRA__SIZE_128x128__LR_prcp_z_pl_500_ERA5__LOSS_sdfweighted__HEADS_4__TIMESTEPS_56/summary/evaluation_summary.json,extremes.rx1day,RX1day,mm day$^{-1}$,hr,extremes.hr_rx1day,21.271155,21.271155,7.150982333333334,6360.492658,14.120172666666667,-6332.070520666666,-1.1338716666666668,1.8064053333333332,Extremes,unfavourable
V0_Z_1__HR_prcp_DANRA__SIZE_128x128__LR_prcp_z_pl_500_ERA5__LOSS_sdfweighted__HEADS_4__TIMESTEPS_56,V0_Z_1,V0_Z_1,1,/Users/au728490/ceddar_runs/models_and_samples/evaluation/V0_Z_1__HR_prcp_DANRA__SIZE_128x128__LR_prcp_z_pl_500_ERA5__LOSS_sdfweighted__HEADS_4__TIMESTEPS_56/summary/evaluation_summary.json,extremes.rx1day,RX1day,mm day$^{-1}$,hr,extremes.hr_rx1day,21.271155,21.271155,7.150982333333334,15.110749,14.120172666666667,0.9905763333333342,-1.1338716666666668,1.8064053333333332,Extremes,inside_v0_range
V0_Z_1__seed2__HR_prcp_DANRA__SIZE_128x128__LR_prcp_z_pl_500_ERA5__LOSS_sdfweighted__HEADS_4__TIMESTEPS_56,V0_Z_1_seed2,V0_Z_1,2,/Users/au728490/ceddar_runs/models_and_samples/evaluation/V0_Z_1__seed2__HR_prcp_DANRA__SIZE_128x128__LR_prcp_z_pl_500_ERA5__LOSS_sdfweighted__HEADS_4__TIMESTEPS_56/summary/evaluation_summary.json,extremes.rx1day,RX1day,mm day$^{-1}$,hr,extremes.hr_rx1day,21.271155,21.271155,7.150982333333334,15.852242,14.120172666666667,1.7320693333333343,-1.1338716666666668,1.8064053333333332,Extremes,inside_v0_range
D_IP_1__HR_prcp_DANRA__SIZE_128x128__LR_prcp_ewvf_nwvf_ERA5__LOSS_sdfweighted__HEADS_4__TIMESTEPS_56,D_IP_1,D_IP_1,1,/Users/au728490/ceddar_runs/models_and_samples/evaluation/D_IP_1__HR_prcp_DANRA__SIZE_128x128__LR_prcp_ewvf_nwvf_ERA5__LOSS_sdfweighted__HEADS_4__TIMESTEPS_56/summary/evaluation_summary.json,extremes.rx1day,RX1day,mm day$^{-1}$,hr,extremes.hr_rx1day,21.271155,21.271155,7.150982333333334,16.121795,14.120172666666667,2.0016223333333327,-1.1338716666666668,1.8064053333333332,Extremes,favourable
D_IP_1__seed2__HR_prcp_DANRA__SIZE_128x128__LR_prcp_ewvf_nwvf_ERA5__LOSS_sdfweighted__HEADS_4__TIMESTEPS_56,D_IP_1_seed2,D_IP_1,2,/Users/au728490/ceddar_runs/models_and_samples/evaluation/D_IP_1__seed2__HR_prcp_DANRA__SIZE_128x128__LR_prcp_ewvf_nwvf_ERA5__LOSS_sdfweighted__HEADS_4__TIMESTEPS_56/summary/evaluation_summary.json,extremes.rx1day,RX1day,mm day$^{-1}$,hr,extremes.hr_rx1day,21.271155,21.271155,7.150982333333334,14.994381,14.120172666666667,0.8742083333333346,-1.1338716666666668,1.8064053333333332,Extremes,inside_v0_range
D_MZP_1__HR_prcp_DANRA__SIZE_128x128__LR_prcp_msl_z_pl_500_ERA5__LOSS_sdfweighted__HEADS_4__TIMESTEPS_56,D_MZP_1,D_MZP_1,1,/Users/au728490/ceddar_runs/models_and_samples/evaluation/D_MZP_1__HR_prcp_DANRA__SIZE_128x128__LR_prcp_msl_z_pl_500_ERA5__LOSS_sdfweighted__HEADS_4__TIMESTEPS_56/summary/evaluation_summary.json,extremes.rx1day,RX1day,mm day$^{-1}$,hr,extremes.hr_rx1day,21.271155,21.271155,7.150982333333334,13.922613,14.120172666666667,-0.1975596666666659,-1.1338716666666668,1.8064053333333332,Extremes,inside_v0_range
D_MZP_1__seed2__HR_prcp_DANRA__SIZE_128x128__LR_prcp_msl_z_pl_500_ERA5__LOSS_sdfweighted__HEADS_4__TIMESTEPS_56,D_MZP_1_seed2,D_MZP_1,2,/Users/au728490/ceddar_runs/models_and_samples/evaluation/D_MZP_1__seed2__HR_prcp_DANRA__SIZE_128x128__LR_prcp_msl_z_pl_500_ERA5__LOSS_sdfweighted__HEADS_4__TIMESTEPS_56/summary/evaluation_summary.json,extremes.rx1day,RX1day,mm day$^{-1}$,hr,extremes.hr_rx1day,21.271155,21.271155,7.150982333333334,15.804242,14.120172666666667,1.6840693333333343,-1.1338716666666668,1.8064053333333332,Extremes,inside_v0_range
D_MTP_0__HR_prcp_DANRA__SIZE_128x128__LR_prcp_msl_thetae_pl_850_ERA5__LOSS_sdfweighted__HEADS_4__TIMESTEPS_56,D_MTP_0,D_MTP_0,1,/Users/au728490/ceddar_runs/models_and_samples/evaluation/D_MTP_0__HR_prcp_DANRA__SIZE_128x128__LR_prcp_msl_thetae_pl_850_ERA5__LOSS_sdfweighted__HEADS_4__TIMESTEPS_56/summary/evaluation_summary.json,extremes.rx1day,RX1day,mm day$^{-1}$,hr,extremes.hr_rx1day,21.271155,21.271155,7.150982333333334,12.544273,14.120172666666667,-1.5758996666666656,-1.1338716666666668,1.8064053333333332,Extremes,unfavourable
D_MTP_0__seed2__HR_prcp_DANRA__SIZE_128x128__LR_prcp_msl_thetae_pl_850_ERA5__LOSS_sdfweighted__HEADS_4__TIMESTEPS_56,D_MTP_0_seed2,D_MTP_0,2,/Users/au728490/ceddar_runs/models_and_samples/evaluation/D_MTP_0__seed2__HR_prcp_DANRA__SIZE_128x128__LR_prcp_msl_thetae_pl_850_ERA5__LOSS_sdfweighted__HEADS_4__TIMESTEPS_56/summary/evaluation_summary.json,extremes.rx1day,RX1day,mm day$^{-1}$,hr,extremes.hr_rx1day,21.271155,21.271155,7.150982333333334,15.63653,14.120172666666667,1.5163573333333344,-1.1338716666666668,1.8064053333333332,Extremes,inside_v0_range
D_MTP_1__HR_prcp_DANRA__SIZE_128x128__LR_prcp_msl_thetae_pl_850_ERA5__LOSS_sdfweighted__HEADS_4__TIMESTEPS_56,D_MTP_1,D_MTP_1,1,/Users/au728490/ceddar_runs/models_and_samples/evaluation/D_MTP_1__HR_prcp_DANRA__SIZE_128x128__LR_prcp_msl_thetae_pl_850_ERA5__LOSS_sdfweighted__HEADS_4__TIMESTEPS_56/summary/evaluation_summary.json,extremes.rx1day,RX1day,mm day$^{-1}$,hr,extremes.hr_rx1day,21.271155,21.271155,7.150982333333334,14.837589,14.120172666666667,0.7174163333333334,-1.1338716666666668,1.8064053333333332,Extremes,inside_v0_range
D_MTP_1__seed2__HR_prcp_DANRA__SIZE_128x128__LR_prcp_msl_thetae_pl_850_ERA5__LOSS_sdfweighted__HEADS_4__TIMESTEPS_56,D_MTP_1_seed2,D_MTP_1,2,/Users/au728490/ceddar_runs/models_and_samples/evaluation/D_MTP_1__seed2__HR_prcp_DANRA__SIZE_128x128__LR_prcp_msl_thetae_pl_850_ERA5__LOSS_sdfweighted__HEADS_4__TIMESTEPS_56/summary/evaluation_summary.json,extremes.rx1day,RX1day,mm day$^{-1}$,hr,extremes.hr_rx1day,21.271155,21.271155,7.150982333333334,15.558085,14.120172666666667,1.4379123333333341,-1.1338716666666668,1.8064053333333332,Extremes,inside_v0_range
D_MTCP_1__HR_prcp_DANRA__SIZE_128x128__LR_prcp_msl_thetae_pl_850_cape_ERA5__LOSS_sdfweighted__HEADS_4__TIMESTEPS_56,D_MTCP_1,D_MTCP_1,1,/Users/au728490/ceddar_runs/models_and_samples/evaluation/D_MTCP_1__HR_prcp_DANRA__SIZE_128x128__LR_prcp_msl_thetae_pl_850_cape_ERA5__LOSS_sdfweighted__HEADS_4__TIMESTEPS_56/summary/evaluation_summary.json,extremes.rx1day,RX1day,mm day$^{-1}$,hr,extremes.hr_rx1day,21.271155,21.271155,7.150982333333334,13.04708,14.120172666666667,-1.0730926666666667,-1.1338716666666668,1.8064053333333332,Extremes,inside_v0_range
D_MTCP_1__seed2__HR_prcp_DANRA__SIZE_128x128__LR_prcp_msl_thetae_pl_850_cape_ERA5__LOSS_sdfweighted__HEADS_4__TIMESTEPS_56,D_MTCP_1_seed2,D_MTCP_1,2,/Users/au728490/ceddar_runs/models_and_samples/evaluation/D_MTCP_1__seed2__HR_prcp_DANRA__SIZE_128x128__LR_prcp_msl_thetae_pl_850_cape_ERA5__LOSS_sdfweighted__HEADS_4__TIMESTEPS_56/summary/evaluation_summary.json,extremes.rx1day,RX1day,mm day$^{-1}$,hr,extremes.hr_rx1day,21.271155,21.271155,7.150982333333334,14.150008,14.120172666666667,0.029835333333333658,-1.1338716666666668,1.8064053333333332,Extremes,inside_v0_range
D_MZIP_1__HR_prcp_DANRA__SIZE_128x128__LR_prcp_msl_z_pl_500_ewvf_nwvf_ERA5__LOSS_sdfweighted__HEADS_4__TIMESTEPS_56,D_MZIP_1,D_MZIP_1,1,/Users/au728490/ceddar_runs/models_and_samples/evaluation/D_MZIP_1__HR_prcp_DANRA__SIZE_128x128__LR_prcp_msl_z_pl_500_ewvf_nwvf_ERA5__LOSS_sdfweighted__HEADS_4__TIMESTEPS_56/summary/evaluation_summary.json,extremes.rx1day,RX1day,mm day$^{-1}$,hr,extremes.hr_rx1day,21.271155,21.271155,7.150982333333334,14.80682,14.120172666666667,0.686647333333334,-1.1338716666666668,1.8064053333333332,Extremes,inside_v0_range
D_MZIP_1__seed2__HR_prcp_DANRA__SIZE_128x128__LR_prcp_msl_z_pl_500_ewvf_nwvf_ERA5__LOSS_sdfweighted__HEADS_4__TIMESTEPS_56,D_MZIP_1_seed2,D_MZIP_1,2,/Users/au728490/ceddar_runs/models_and_samples/evaluation/D_MZIP_1__seed2__HR_prcp_DANRA__SIZE_128x128__LR_prcp_msl_z_pl_500_ewvf_nwvf_ERA5__LOSS_sdfweighted__HEADS_4__TIMESTEPS_56/summary/evaluation_summary.json,extremes.rx1day,RX1day,mm day$^{-1}$,hr,extremes.hr_rx1day,21.271155,21.271155,7.150982333333334,15.175162,14.120172666666667,1.0549893333333342,-1.1338716666666668,1.8064053333333332,Extremes,inside_v0_range
D_MT_1__HR_prcp_DANRA__SIZE_128x128__LR_msl_thetae_pl_850_ERA5__LOSS_sdfweighted__HEADS_4__TIMESTEPS_56,D_MT_1,D_MT_1,1,/Users/au728490/ceddar_runs/models_and_samples/evaluation/D_MT_1__HR_prcp_DANRA__SIZE_128x128__LR_msl_thetae_pl_850_ERA5__LOSS_sdfweighted__HEADS_4__TIMESTEPS_56/summary/evaluation_summary.json,extremes.rx1day,RX1day,mm day$^{-1}$,hr,extremes.hr_rx1day,21.271155,21.271155,7.150982333333334,9450.884876,14.120172666666667,-9422.462738666667,-1.1338716666666668,1.8064053333333332,Extremes,unfavourable
D_MT_1__seed2__HR_prcp_DANRA__SIZE_128x128__LR_msl_thetae_pl_850_ERA5__LOSS_sdfweighted__HEADS_4__TIMESTEPS_56,D_MT_1_seed2,D_MT_1,2,/Users/au728490/ceddar_runs/models_and_samples/evaluation/D_MT_1__seed2__HR_prcp_DANRA__SIZE_128x128__LR_msl_thetae_pl_850_ERA5__LOSS_sdfweighted__HEADS_4__TIMESTEPS_56/summary/evaluation_summary.json,extremes.rx1day,RX1day,mm day$^{-1}$,hr,extremes.hr_rx1day,21.271155,21.271155,7.150982333333334,10.150047,14.120172666666667,-3.9701256666666653,-1.1338716666666668,1.8064053333333332,Extremes,unfavourable
D_MTC_1__HR_prcp_DANRA__SIZE_128x128__LR_msl_thetae_pl_850_cape_ERA5__LOSS_sdfweighted__HEADS_4__TIMESTEPS_56,D_MTC_1,D_MTC_1,1,/Users/au728490/ceddar_runs/models_and_samples/evaluation/D_MTC_1__HR_prcp_DANRA__SIZE_128x128__LR_msl_thetae_pl_850_cape_ERA5__LOSS_sdfweighted__HEADS_4__TIMESTEPS_56/summary/evaluation_summary.json,extremes.rx1day,RX1day,mm day$^{-1}$,hr,extremes.hr_rx1day,21.271155,21.271155,7.150982333333334,3114.644009,14.120172666666667,-3086.2218716666666,-1.1338716666666668,1.8064053333333332,Extremes,unfavourable
D_MTC_1__seed2__HR_prcp_DANRA__SIZE_128x128__LR_msl_thetae_pl_850_cape_ERA5__LOSS_sdfweighted__HEADS_4__TIMESTEPS_56,D_MTC_1_seed2,D_MTC_1,2,/Users/au728490/ceddar_runs/models_and_samples/evaluation/D_MTC_1__seed2__HR_prcp_DANRA__SIZE_128x128__LR_msl_thetae_pl_850_cape_ERA5__LOSS_sdfweighted__HEADS_4__TIMESTEPS_56/summary/evaluation_summary.json,extremes.rx1day,RX1day,mm day$^{-1}$,hr,extremes.hr_rx1day,21.271155,21.271155,7.150982333333334,14.244108,14.120172666666667,0.12393533333333462,-1.1338716666666668,1.8064053333333332,Extremes,inside_v0_range
C_10__HR_prcp_DANRA__SIZE_128x128__LR_prcp_ERA5__LOSS_sdfweighted__HEADS_4__TIMESTEPS_56,C_10,C_10,1,/Users/au728490/ceddar_runs/models_and_samples/evaluation/C_10__HR_prcp_DANRA__SIZE_128x128__LR_prcp_ERA5__LOSS_sdfweighted__HEADS_4__TIMESTEPS_56/summary/evaluation_summary.json,extremes.rx5day,RX5day,mm,hr,extremes.hr_rx5day,45.660899,45.660899,13.229054,36.387953,32.431845,3.956108000000002,-3.0508840000000017,4.4499960000000005,Extremes,inside_v0_range
C_10__seed2__HR_prcp_DANRA__SIZE_128x128__LR_prcp_ERA5__LOSS_sdfweighted__HEADS_4__TIMESTEPS_56,C_10_seed2,C_10,2,/Users/au728490/ceddar_runs/models_and_samples/evaluation/C_10__seed2__HR_prcp_DANRA__SIZE_128x128__LR_prcp_ERA5__LOSS_sdfweighted__HEADS_4__TIMESTEPS_56/summary/evaluation_summary.json,extremes.rx5day,RX5day,mm,hr,extremes.hr_rx5day,45.660899,45.660899,13.229054,32.710006,32.431845,0.278160999999999,-3.0508840000000017,4.4499960000000005,Extremes,inside_v0_range
V0_C_0__HR_prcp_DANRA__SIZE_128x128__LR_prcp_cape_ERA5__LOSS_sdfweighted__HEADS_4__TIMESTEPS_56,V0_C_0,V0_C_0,1,/Users/au728490/ceddar_runs/models_and_samples/evaluation/V0_C_0__HR_prcp_DANRA__SIZE_128x128__LR_prcp_cape_ERA5__LOSS_sdfweighted__HEADS_4__TIMESTEPS_56/summary/evaluation_summary.json,extremes.rx5day,RX5day,mm,hr,extremes.hr_rx5day,45.660899,45.660899,13.229054,30.617527,32.431845,-1.8143180000000019,-3.0508840000000017,4.4499960000000005,Extremes,inside_v0_range
V0_C_0__seed2__HR_prcp_DANRA__SIZE_128x128__LR_prcp_cape_ERA5__LOSS_sdfweighted__HEADS_4__TIMESTEPS_56,V0_C_0_seed2,V0_C_0,2,/Users/au728490/ceddar_runs/models_and_samples/evaluation/V0_C_0__seed2__HR_prcp_DANRA__SIZE_128x128__LR_prcp_cape_ERA5__LOSS_sdfweighted__HEADS_4__TIMESTEPS_56/summary/evaluation_summary.json,extremes.rx5day,RX5day,mm,hr,extremes.hr_rx5day,45.660899,45.660899,13.229054,32.975782,32.431845,0.5439370000000014,-3.0508840000000017,4.4499960000000005,Extremes,inside_v0_range
V0_C_1__HR_prcp_DANRA__SIZE_128x128__LR_prcp_cape_ERA5__LOSS_sdfweighted__HEADS_4__TIMESTEPS_56,V0_C_1,V0_C_1,1,/Users/au728490/ceddar_runs/models_and_samples/evaluation/V0_C_1__HR_prcp_DANRA__SIZE_128x128__LR_prcp_cape_ERA5__LOSS_sdfweighted__HEADS_4__TIMESTEPS_56/summary/evaluation_summary.json,extremes.rx5day,RX5day,mm,hr,extremes.hr_rx5day,45.660899,45.660899,13.229054,36.797873,32.431845,4.366028000000002,-3.0508840000000017,4.4499960000000005,Extremes,inside_v0_range
V0_C_1__seed2__HR_prcp_DANRA__SIZE_128x128__LR_prcp_cape_ERA5__LOSS_sdfweighted__HEADS_4__TIMESTEPS_56,V0_C_1_seed2,V0_C_1,2,/Users/au728490/ceddar_runs/models_and_samples/evaluation/V0_C_1__seed2__HR_prcp_DANRA__SIZE_128x128__LR_prcp_cape_ERA5__LOSS_sdfweighted__HEADS_4__TIMESTEPS_56/summary/evaluation_summary.json,extremes.rx5day,RX5day,mm,hr,extremes.hr_rx5day,45.660899,45.660899,13.229054,36.651996,32.431845,4.220150999999996,-3.0508840000000017,4.4499960000000005,Extremes,inside_v0_range
V0_I_0__HR_prcp_DANRA__SIZE_128x128__LR_prcp_ewvf_nwvf_ERA5__LOSS_sdfweighted__HEADS_4__TIMESTEPS_56,V0_I_0,V0_I_0,1,/Users/au728490/ceddar_runs/models_and_samples/evaluation/V0_I_0__HR_prcp_DANRA__SIZE_128x128__LR_prcp_ewvf_nwvf_ERA5__LOSS_sdfweighted__HEADS_4__TIMESTEPS_56/summary/evaluation_summary.json,extremes.rx5day,RX5day,mm,hr,extremes.hr_rx5day,45.660899,45.660899,13.229054,34.481524,32.431845,2.0496789999999994,-3.0508840000000017,4.4499960000000005,Extremes,inside_v0_range
V0_I_0__seed2__HR_prcp_DANRA__SIZE_128x128__LR_prcp_ewvf_nwvf_ERA5__LOSS_sdfweighted__HEADS_4__TIMESTEPS_56,V0_I_0_seed2,V0_I_0,2,/Users/au728490/ceddar_runs/models_and_samples/evaluation/V0_I_0__seed2__HR_prcp_DANRA__SIZE_128x128__LR_prcp_ewvf_nwvf_ERA5__LOSS_sdfweighted__HEADS_4__TIMESTEPS_56/summary/evaluation_summary.json,extremes.rx5day,RX5day,mm,hr,extremes.hr_rx5day,45.660899,45.660899,13.229054,31.151454,32.431845,-1.2803909999999998,-3.0508840000000017,4.4499960000000005,Extremes,inside_v0_range
V0_I_1__HR_prcp_DANRA__SIZE_128x128__LR_prcp_ewvf_nwvf_ERA5__LOSS_sdfweighted__HEADS_4__TIMESTEPS_56,V0_I_1,V0_I_1,1,/Users/au728490/ceddar_runs/models_and_samples/evaluation/V0_I_1__HR_prcp_DANRA__SIZE_128x128__LR_prcp_ewvf_nwvf_ERA5__LOSS_sdfweighted__HEADS_4__TIMESTEPS_56/summary/evaluation_summary.json,extremes.rx5day,RX5day,mm,hr,extremes.hr_rx5day,45.660899,45.660899,13.229054,29.622387,32.431845,-2.809458000000001,-3.0508840000000017,4.4499960000000005,Extremes,inside_v0_range
V0_I_1__seed2__HR_prcp_DANRA__SIZE_128x128__LR_prcp_ewvf_nwvf_ERA5__LOSS_sdfweighted__HEADS_4__TIMESTEPS_56,V0_I_1_seed2,V0_I_1,2,/Users/au728490/ceddar_runs/models_and_samples/evaluation/V0_I_1__seed2__HR_prcp_DANRA__SIZE_128x128__LR_prcp_ewvf_nwvf_ERA5__LOSS_sdfweighted__HEADS_4__TIMESTEPS_56/summary/evaluation_summary.json,extremes.rx5day,RX5day,mm,hr,extremes.hr_rx5day,45.660899,45.660899,13.229054,32.685383,32.431845,0.2535380000000007,-3.0508840000000017,4.4499960000000005,Extremes,inside_v0_range
V0_M_0__HR_prcp_DANRA__SIZE_128x128__LR_prcp_msl_ERA5__LOSS_sdfweighted__HEADS_4__TIMESTEPS_56,V0_M_0,V0_M_0,1,/Users/au728490/ceddar_runs/models_and_samples/evaluation/V0_M_0__HR_prcp_DANRA__SIZE_128x128__LR_prcp_msl_ERA5__LOSS_sdfweighted__HEADS_4__TIMESTEPS_56/summary/evaluation_summary.json,extremes.rx5day,RX5day,mm,hr,extremes.hr_rx5day,45.660899,45.660899,13.229054,32.969956,32.431845,0.5381110000000024,-3.0508840000000017,4.4499960000000005,Extremes,inside_v0_range
V0_M_0__seed2__HR_prcp_DANRA__SIZE_128x128__LR_prcp_msl_ERA5__LOSS_sdfweighted__HEADS_4__TIMESTEPS_56,V0_M_0_seed2,V0_M_0,2,/Users/au728490/ceddar_runs/models_and_samples/evaluation/V0_M_0__seed2__HR_prcp_DANRA__SIZE_128x128__LR_prcp_msl_ERA5__LOSS_sdfweighted__HEADS_4__TIMESTEPS_56/summary/evaluation_summary.json,extremes.rx5day,RX5day,mm,hr,extremes.hr_rx5day,45.660899,45.660899,13.229054,36.627103,32.431845,4.195257999999997,-3.0508840000000017,4.4499960000000005,Extremes,inside_v0_range
V0_M_1__HR_prcp_DANRA__SIZE_128x128__LR_prcp_msl_ERA5__LOSS_sdfweighted__HEADS_4__TIMESTEPS_56,V0_M_1,V0_M_1,1,/Users/au728490/ceddar_runs/models_and_samples/evaluation/V0_M_1__HR_prcp_DANRA__SIZE_128x128__LR_prcp_msl_ERA5__LOSS_sdfweighted__HEADS_4__TIMESTEPS_56/summary/evaluation_summary.json,extremes.rx5day,RX5day,mm,hr,extremes.hr_rx5day,45.660899,45.660899,13.229054,32.708654,32.431845,0.27680900000000186,-3.0508840000000017,4.4499960000000005,Extremes,inside_v0_range
V0_M_1__seed2__HR_prcp_DANRA__SIZE_128x128__LR_prcp_msl_ERA5__LOSS_sdfweighted__HEADS_4__TIMESTEPS_56,V0_M_1_seed2,V0_M_1,2,/Users/au728490/ceddar_runs/models_and_samples/evaluation/V0_M_1__seed2__HR_prcp_DANRA__SIZE_128x128__LR_prcp_msl_ERA5__LOSS_sdfweighted__HEADS_4__TIMESTEPS_56/summary/evaluation_summary.json,extremes.rx5day,RX5day,mm,hr,extremes.hr_rx5day,45.660899,45.660899,13.229054,36.718469,32.431845,4.286623999999998,-3.0508840000000017,4.4499960000000005,Extremes,inside_v0_range
V0_T_0__HR_prcp_DANRA__SIZE_128x128__LR_prcp_thetae_pl_850_ERA5__LOSS_sdfweighted__HEADS_4__TIMESTEPS_56,V0_T_0,V0_T_0,1,/Users/au728490/ceddar_runs/models_and_samples/evaluation/V0_T_0__HR_prcp_DANRA__SIZE_128x128__LR_prcp_thetae_pl_850_ERA5__LOSS_sdfweighted__HEADS_4__TIMESTEPS_56/summary/evaluation_summary.json,extremes.rx5day,RX5day,mm,hr,extremes.hr_rx5day,45.660899,45.660899,13.229054,31.183149,32.431845,-1.2486960000000007,-3.0508840000000017,4.4499960000000005,Extremes,inside_v0_range
V0_T_0__seed2__HR_prcp_DANRA__SIZE_128x128__LR_prcp_thetae_pl_850_ERA5__LOSS_sdfweighted__HEADS_4__TIMESTEPS_56,V0_T_0_seed2,V0_T_0,2,/Users/au728490/ceddar_runs/models_and_samples/evaluation/V0_T_0__seed2__HR_prcp_DANRA__SIZE_128x128__LR_prcp_thetae_pl_850_ERA5__LOSS_sdfweighted__HEADS_4__TIMESTEPS_56/summary/evaluation_summary.json,extremes.rx5day,RX5day,mm,hr,extremes.hr_rx5day,45.660899,45.660899,13.229054,36.662758,32.431845,4.230912999999996,-3.0508840000000017,4.4499960000000005,Extremes,inside_v0_range
V0_T_1__HR_prcp_DANRA__SIZE_128x128__LR_prcp_thetae_pl_850_ERA5__LOSS_sdfweighted__HEADS_4__TIMESTEPS_56,V0_T_1,V0_T_1,1,/Users/au728490/ceddar_runs/models_and_samples/evaluation/V0_T_1__HR_prcp_DANRA__SIZE_128x128__LR_prcp_thetae_pl_850_ERA5__LOSS_sdfweighted__HEADS_4__TIMESTEPS_56/summary/evaluation_summary.json,extremes.rx5day,RX5day,mm,hr,extremes.hr_rx5day,45.660899,45.660899,13.229054,37.76451,32.431845,5.332665,-3.0508840000000017,4.4499960000000005,Extremes,favourable
V0_T_1__seed2__HR_prcp_DANRA__SIZE_128x128__LR_prcp_thetae_pl_850_ERA5__LOSS_sdfweighted__HEADS_4__TIMESTEPS_56,V0_T_1_seed2,V0_T_1,2,/Users/au728490/ceddar_runs/models_and_samples/evaluation/V0_T_1__seed2__HR_prcp_DANRA__SIZE_128x128__LR_prcp_thetae_pl_850_ERA5__LOSS_sdfweighted__HEADS_4__TIMESTEPS_56/summary/evaluation_summary.json,extremes.rx5day,RX5day,mm,hr,extremes.hr_rx5day,45.660899,45.660899,13.229054,32.509025,32.431845,0.07718000000000025,-3.0508840000000017,4.4499960000000005,Extremes,inside_v0_range
V0_Z_0__HR_prcp_DANRA__SIZE_128x128__LR_prcp_z_pl_500_ERA5__LOSS_sdfweighted__HEADS_4__TIMESTEPS_56,V0_Z_0,V0_Z_0,1,/Users/au728490/ceddar_runs/models_and_samples/evaluation/V0_Z_0__HR_prcp_DANRA__SIZE_128x128__LR_prcp_z_pl_500_ERA5__LOSS_sdfweighted__HEADS_4__TIMESTEPS_56/summary/evaluation_summary.json,extremes.rx5day,RX5day,mm,hr,extremes.hr_rx5day,45.660899,45.660899,13.229054,35.922559,32.431845,3.4907139999999988,-3.0508840000000017,4.4499960000000005,Extremes,inside_v0_range
V0_Z_0__seed2__HR_prcp_DANRA__SIZE_128x128__LR_prcp_z_pl_500_ERA5__LOSS_sdfweighted__HEADS_4__TIMESTEPS_56,V0_Z_0_seed2,V0_Z_0,2,/Users/au728490/ceddar_runs/models_and_samples/evaluation/V0_Z_0__seed2__HR_prcp_DANRA__SIZE_128x128__LR_prcp_z_pl_500_ERA5__LOSS_sdfweighted__HEADS_4__TIMESTEPS_56/summary/evaluation_summary.json,extremes.rx5day,RX5day,mm,hr,extremes.hr_rx5day,45.660899,45.660899,13.229054,33.720153,32.431845,1.2883080000000025,-3.0508840000000017,4.4499960000000005,Extremes,inside_v0_range
V0_Z_1__HR_prcp_DANRA__SIZE_128x128__LR_prcp_z_pl_500_ERA5__LOSS_sdfweighted__HEADS_4__TIMESTEPS_56,V0_Z_1,V0_Z_1,1,/Users/au728490/ceddar_runs/models_and_samples/evaluation/V0_Z_1__HR_prcp_DANRA__SIZE_128x128__LR_prcp_z_pl_500_ERA5__LOSS_sdfweighted__HEADS_4__TIMESTEPS_56/summary/evaluation_summary.json,extremes.rx5day,RX5day,mm,hr,extremes.hr_rx5day,45.660899,45.660899,13.229054,34.52248,32.431845,2.0906350000000007,-3.0508840000000017,4.4499960000000005,Extremes,inside_v0_range
V0_Z_1__seed2__HR_prcp_DANRA__SIZE_128x128__LR_prcp_z_pl_500_ERA5__LOSS_sdfweighted__HEADS_4__TIMESTEPS_56,V0_Z_1_seed2,V0_Z_1,2,/Users/au728490/ceddar_runs/models_and_samples/evaluation/V0_Z_1__seed2__HR_prcp_DANRA__SIZE_128x128__LR_prcp_z_pl_500_ERA5__LOSS_sdfweighted__HEADS_4__TIMESTEPS_56/summary/evaluation_summary.json,extremes.rx5day,RX5day,mm,hr,extremes.hr_rx5day,45.660899,45.660899,13.229054,35.341718,32.431845,2.9098729999999993,-3.0508840000000017,4.4499960000000005,Extremes,inside_v0_range
D_IP_1__HR_prcp_DANRA__SIZE_128x128__LR_prcp_ewvf_nwvf_ERA5__LOSS_sdfweighted__HEADS_4__TIMESTEPS_56,D_IP_1,D_IP_1,1,/Users/au728490/ceddar_runs/models_and_samples/evaluation/D_IP_1__HR_prcp_DANRA__SIZE_128x128__LR_prcp_ewvf_nwvf_ERA5__LOSS_sdfweighted__HEADS_4__TIMESTEPS_56/summary/evaluation_summary.json,extremes.rx5day,RX5day,mm,hr,extremes.hr_rx5day,45.660899,45.660899,13.229054,34.20122,32.431845,1.7693749999999984,-3.0508840000000017,4.4499960000000005,Extremes,inside_v0_range
D_IP_1__seed2__HR_prcp_DANRA__SIZE_128x128__LR_prcp_ewvf_nwvf_ERA5__LOSS_sdfweighted__HEADS_4__TIMESTEPS_56,D_IP_1_seed2,D_IP_1,2,/Users/au728490/ceddar_runs/models_and_samples/evaluation/D_IP_1__seed2__HR_prcp_DANRA__SIZE_128x128__LR_prcp_ewvf_nwvf_ERA5__LOSS_sdfweighted__HEADS_4__TIMESTEPS_56/summary/evaluation_summary.json,extremes.rx5day,RX5day,mm,hr,extremes.hr_rx5day,45.660899,45.660899,13.229054,34.368233,32.431845,1.9363879999999956,-3.0508840000000017,4.4499960000000005,Extremes,inside_v0_range
D_MZP_1__HR_prcp_DANRA__SIZE_128x128__LR_prcp_msl_z_pl_500_ERA5__LOSS_sdfweighted__HEADS_4__TIMESTEPS_56,D_MZP_1,D_MZP_1,1,/Users/au728490/ceddar_runs/models_and_samples/evaluation/D_MZP_1__HR_prcp_DANRA__SIZE_128x128__LR_prcp_msl_z_pl_500_ERA5__LOSS_sdfweighted__HEADS_4__TIMESTEPS_56/summary/evaluation_summary.json,extremes.rx5day,RX5day,mm,hr,extremes.hr_rx5day,45.660899,45.660899,13.229054,30.521088,32.431845,-1.910757000000002,-3.0508840000000017,4.4499960000000005,Extremes,inside_v0_range
D_MZP_1__seed2__HR_prcp_DANRA__SIZE_128x128__LR_prcp_msl_z_pl_500_ERA5__LOSS_sdfweighted__HEADS_4__TIMESTEPS_56,D_MZP_1_seed2,D_MZP_1,2,/Users/au728490/ceddar_runs/models_and_samples/evaluation/D_MZP_1__seed2__HR_prcp_DANRA__SIZE_128x128__LR_prcp_msl_z_pl_500_ERA5__LOSS_sdfweighted__HEADS_4__TIMESTEPS_56/summary/evaluation_summary.json,extremes.rx5day,RX5day,mm,hr,extremes.hr_rx5day,45.660899,45.660899,13.229054,35.420427,32.431845,2.9885819999999956,-3.0508840000000017,4.4499960000000005,Extremes,inside_v0_range
D_MTP_0__HR_prcp_DANRA__SIZE_128x128__LR_prcp_msl_thetae_pl_850_ERA5__LOSS_sdfweighted__HEADS_4__TIMESTEPS_56,D_MTP_0,D_MTP_0,1,/Users/au728490/ceddar_runs/models_and_samples/evaluation/D_MTP_0__HR_prcp_DANRA__SIZE_128x128__LR_prcp_msl_thetae_pl_850_ERA5__LOSS_sdfweighted__HEADS_4__TIMESTEPS_56/summary/evaluation_summary.json,extremes.rx5day,RX5day,mm,hr,extremes.hr_rx5day,45.660899,45.660899,13.229054,30.723134,32.431845,-1.7087109999999992,-3.0508840000000017,4.4499960000000005,Extremes,inside_v0_range
D_MTP_0__seed2__HR_prcp_DANRA__SIZE_128x128__LR_prcp_msl_thetae_pl_850_ERA5__LOSS_sdfweighted__HEADS_4__TIMESTEPS_56,D_MTP_0_seed2,D_MTP_0,2,/Users/au728490/ceddar_runs/models_and_samples/evaluation/D_MTP_0__seed2__HR_prcp_DANRA__SIZE_128x128__LR_prcp_msl_thetae_pl_850_ERA5__LOSS_sdfweighted__HEADS_4__TIMESTEPS_56/summary/evaluation_summary.json,extremes.rx5day,RX5day,mm,hr,extremes.hr_rx5day,45.660899,45.660899,13.229054,34.888817,32.431845,2.456972000000002,-3.0508840000000017,4.4499960000000005,Extremes,inside_v0_range
D_MTP_1__HR_prcp_DANRA__SIZE_128x128__LR_prcp_msl_thetae_pl_850_ERA5__LOSS_sdfweighted__HEADS_4__TIMESTEPS_56,D_MTP_1,D_MTP_1,1,/Users/au728490/ceddar_runs/models_and_samples/evaluation/D_MTP_1__HR_prcp_DANRA__SIZE_128x128__LR_prcp_msl_thetae_pl_850_ERA5__LOSS_sdfweighted__HEADS_4__TIMESTEPS_56/summary/evaluation_summary.json,extremes.rx5day,RX5day,mm,hr,extremes.hr_rx5day,45.660899,45.660899,13.229054,34.861668,32.431845,2.4298230000000007,-3.0508840000000017,4.4499960000000005,Extremes,inside_v0_range
D_MTP_1__seed2__HR_prcp_DANRA__SIZE_128x128__LR_prcp_msl_thetae_pl_850_ERA5__LOSS_sdfweighted__HEADS_4__TIMESTEPS_56,D_MTP_1_seed2,D_MTP_1,2,/Users/au728490/ceddar_runs/models_and_samples/evaluation/D_MTP_1__seed2__HR_prcp_DANRA__SIZE_128x128__LR_prcp_msl_thetae_pl_850_ERA5__LOSS_sdfweighted__HEADS_4__TIMESTEPS_56/summary/evaluation_summary.json,extremes.rx5day,RX5day,mm,hr,extremes.hr_rx5day,45.660899,45.660899,13.229054,35.534356,32.431845,3.1025110000000016,-3.0508840000000017,4.4499960000000005,Extremes,inside_v0_range
D_MTCP_1__HR_prcp_DANRA__SIZE_128x128__LR_prcp_msl_thetae_pl_850_cape_ERA5__LOSS_sdfweighted__HEADS_4__TIMESTEPS_56,D_MTCP_1,D_MTCP_1,1,/Users/au728490/ceddar_runs/models_and_samples/evaluation/D_MTCP_1__HR_prcp_DANRA__SIZE_128x128__LR_prcp_msl_thetae_pl_850_cape_ERA5__LOSS_sdfweighted__HEADS_4__TIMESTEPS_56/summary/evaluation_summary.json,extremes.rx5day,RX5day,mm,hr,extremes.hr_rx5day,45.660899,45.660899,13.229054,31.987543,32.431845,-0.4443020000000022,-3.0508840000000017,4.4499960000000005,Extremes,inside_v0_range
D_MTCP_1__seed2__HR_prcp_DANRA__SIZE_128x128__LR_prcp_msl_thetae_pl_850_cape_ERA5__LOSS_sdfweighted__HEADS_4__TIMESTEPS_56,D_MTCP_1_seed2,D_MTCP_1,2,/Users/au728490/ceddar_runs/models_and_samples/evaluation/D_MTCP_1__seed2__HR_prcp_DANRA__SIZE_128x128__LR_prcp_msl_thetae_pl_850_cape_ERA5__LOSS_sdfweighted__HEADS_4__TIMESTEPS_56/summary/evaluation_summary.json,extremes.rx5day,RX5day,mm,hr,extremes.hr_rx5day,45.660899,45.660899,13.229054,32.642178,32.431845,0.21033300000000033,-3.0508840000000017,4.4499960000000005,Extremes,inside_v0_range
D_MZIP_1__HR_prcp_DANRA__SIZE_128x128__LR_prcp_msl_z_pl_500_ewvf_nwvf_ERA5__LOSS_sdfweighted__HEADS_4__TIMESTEPS_56,D_MZIP_1,D_MZIP_1,1,/Users/au728490/ceddar_runs/models_and_samples/evaluation/D_MZIP_1__HR_prcp_DANRA__SIZE_128x128__LR_prcp_msl_z_pl_500_ewvf_nwvf_ERA5__LOSS_sdfweighted__HEADS_4__TIMESTEPS_56/summary/evaluation_summary.json,extremes.rx5day,RX5day,mm,hr,extremes.hr_rx5day,45.660899,45.660899,13.229054,35.56042,32.431845,3.1285749999999997,-3.0508840000000017,4.4499960000000005,Extremes,inside_v0_range
D_MZIP_1__seed2__HR_prcp_DANRA__SIZE_128x128__LR_prcp_msl_z_pl_500_ewvf_nwvf_ERA5__LOSS_sdfweighted__HEADS_4__TIMESTEPS_56,D_MZIP_1_seed2,D_MZIP_1,2,/Users/au728490/ceddar_runs/models_and_samples/evaluation/D_MZIP_1__seed2__HR_prcp_DANRA__SIZE_128x128__LR_prcp_msl_z_pl_500_ewvf_nwvf_ERA5__LOSS_sdfweighted__HEADS_4__TIMESTEPS_56/summary/evaluation_summary.json,extremes.rx5day,RX5day,mm,hr,extremes.hr_rx5day,45.660899,45.660899,13.229054,34.839843,32.431845,2.407998000000001,-3.0508840000000017,4.4499960000000005,Extremes,inside_v0_range
D_MT_1__HR_prcp_DANRA__SIZE_128x128__LR_msl_thetae_pl_850_ERA5__LOSS_sdfweighted__HEADS_4__TIMESTEPS_56,D_MT_1,D_MT_1,1,/Users/au728490/ceddar_runs/models_and_samples/evaluation/D_MT_1__HR_prcp_DANRA__SIZE_128x128__LR_msl_thetae_pl_850_ERA5__LOSS_sdfweighted__HEADS_4__TIMESTEPS_56/summary/evaluation_summary.json,extremes.rx5day,RX5day,mm,hr,extremes.hr_rx5day,45.660899,45.660899,13.229054,55.101544,32.431845,3.7884090000000032,-3.0508840000000017,4.4499960000000005,Extremes,inside_v0_range
D_MT_1__seed2__HR_prcp_DANRA__SIZE_128x128__LR_msl_thetae_pl_850_ERA5__LOSS_sdfweighted__HEADS_4__TIMESTEPS_56,D_MT_1_seed2,D_MT_1,2,/Users/au728490/ceddar_runs/models_and_samples/evaluation/D_MT_1__seed2__HR_prcp_DANRA__SIZE_128x128__LR_msl_thetae_pl_850_ERA5__LOSS_sdfweighted__HEADS_4__TIMESTEPS_56/summary/evaluation_summary.json,extremes.rx5day,RX5day,mm,hr,extremes.hr_rx5day,45.660899,45.660899,13.229054,2751.258898,32.431845,-2692.368945,-3.0508840000000017,4.4499960000000005,Extremes,unfavourable
D_MTC_1__HR_prcp_DANRA__SIZE_128x128__LR_msl_thetae_pl_850_cape_ERA5__LOSS_sdfweighted__HEADS_4__TIMESTEPS_56,D_MTC_1,D_MTC_1,1,/Users/au728490/ceddar_runs/models_and_samples/evaluation/D_MTC_1__HR_prcp_DANRA__SIZE_128x128__LR_msl_thetae_pl_850_cape_ERA5__LOSS_sdfweighted__HEADS_4__TIMESTEPS_56/summary/evaluation_summary.json,extremes.rx5day,RX5day,mm,hr,extremes.hr_rx5day,45.660899,45.660899,13.229054,25.953838,32.431845,-6.478007,-3.0508840000000017,4.4499960000000005,Extremes,unfavourable
D_MTC_1__seed2__HR_prcp_DANRA__SIZE_128x128__LR_msl_thetae_pl_850_cape_ERA5__LOSS_sdfweighted__HEADS_4__TIMESTEPS_56,D_MTC_1_seed2,D_MTC_1,2,/Users/au728490/ceddar_runs/models_and_samples/evaluation/D_MTC_1__seed2__HR_prcp_DANRA__SIZE_128x128__LR_msl_thetae_pl_850_cape_ERA5__LOSS_sdfweighted__HEADS_4__TIMESTEPS_56/summary/evaluation_summary.json,extremes.rx5day,RX5day,mm,hr,extremes.hr_rx5day,45.660899,45.660899,13.229054,30.317978,32.431845,-2.113867000000001,-3.0508840000000017,4.4499960000000005,Extremes,inside_v0_range
C_10__HR_prcp_DANRA__SIZE_128x128__LR_prcp_ERA5__LOSS_sdfweighted__HEADS_4__TIMESTEPS_56,C_10,C_10,1,/Users/au728490/ceddar_runs/models_and_samples/evaluation/C_10__HR_prcp_DANRA__SIZE_128x128__LR_prcp_ERA5__LOSS_sdfweighted__HEADS_4__TIMESTEPS_56/summary/evaluation_summary.json,extremes.wet_freq,Wet-day frequency,,hr,extremes.hr_wet_freq,0.383172,0.383172,0.02177000000000001,0.359774,0.36302133333333336,-0.0016280000000000183,-0.02096999999999999,0.019340999999999997,Extremes,inside_v0_range
C_10__seed2__HR_prcp_DANRA__SIZE_128x128__LR_prcp_ERA5__LOSS_sdfweighted__HEADS_4__TIMESTEPS_56,C_10_seed2,C_10,2,/Users/au728490/ceddar_runs/models_and_samples/evaluation/C_10__seed2__HR_prcp_DANRA__SIZE_128x128__LR_prcp_ERA5__LOSS_sdfweighted__HEADS_4__TIMESTEPS_56/summary/evaluation_summary.json,extremes.wet_freq,Wet-day frequency,,hr,extremes.hr_wet_freq,0.383172,0.383172,0.02177000000000001,0.361909,0.36302133333333336,0.0005069999999999797,-0.02096999999999999,0.019340999999999997,Extremes,inside_v0_range
V0_C_0__HR_prcp_DANRA__SIZE_128x128__LR_prcp_cape_ERA5__LOSS_sdfweighted__HEADS_4__TIMESTEPS_56,V0_C_0,V0_C_0,1,/Users/au728490/ceddar_runs/models_and_samples/evaluation/V0_C_0__HR_prcp_DANRA__SIZE_128x128__LR_prcp_cape_ERA5__LOSS_sdfweighted__HEADS_4__TIMESTEPS_56/summary/evaluation_summary.json,extremes.wet_freq,Wet-day frequency,,hr,extremes.hr_wet_freq,0.383172,0.383172,0.02177000000000001,0.34201,0.36302133333333336,-0.01939200000000002,-0.02096999999999999,0.019340999999999997,Extremes,inside_v0_range
V0_C_0__seed2__HR_prcp_DANRA__SIZE_128x128__LR_prcp_cape_ERA5__LOSS_sdfweighted__HEADS_4__TIMESTEPS_56,V0_C_0_seed2,V0_C_0,2,/Users/au728490/ceddar_runs/models_and_samples/evaluation/V0_C_0__seed2__HR_prcp_DANRA__SIZE_128x128__LR_prcp_cape_ERA5__LOSS_sdfweighted__HEADS_4__TIMESTEPS_56/summary/evaluation_summary.json,extremes.wet_freq,Wet-day frequency,,hr,extremes.hr_wet_freq,0.383172,0.383172,0.02177000000000001,0.345406,0.36302133333333336,-0.01599600000000001,-0.02096999999999999,0.019340999999999997,Extremes,inside_v0_range
V0_C_1__HR_prcp_DANRA__SIZE_128x128__LR_prcp_cape_ERA5__LOSS_sdfweighted__HEADS_4__TIMESTEPS_56,V0_C_1,V0_C_1,1,/Users/au728490/ceddar_runs/models_and_samples/evaluation/V0_C_1__HR_prcp_DANRA__SIZE_128x128__LR_prcp_cape_ERA5__LOSS_sdfweighted__HEADS_4__TIMESTEPS_56/summary/evaluation_summary.json,extremes.wet_freq,Wet-day frequency,,hr,extremes.hr_wet_freq,0.383172,0.383172,0.02177000000000001,0.359191,0.36302133333333336,-0.0022110000000000185,-0.02096999999999999,0.019340999999999997,Extremes,inside_v0_range
V0_C_1__seed2__HR_prcp_DANRA__SIZE_128x128__LR_prcp_cape_ERA5__LOSS_sdfweighted__HEADS_4__TIMESTEPS_56,V0_C_1_seed2,V0_C_1,2,/Users/au728490/ceddar_runs/models_and_samples/evaluation/V0_C_1__seed2__HR_prcp_DANRA__SIZE_128x128__LR_prcp_cape_ERA5__LOSS_sdfweighted__HEADS_4__TIMESTEPS_56/summary/evaluation_summary.json,extremes.wet_freq,Wet-day frequency,,hr,extremes.hr_wet_freq,0.383172,0.383172,0.02177000000000001,0.35341,0.36302133333333336,-0.007991999999999999,-0.02096999999999999,0.019340999999999997,Extremes,inside_v0_range
V0_I_0__HR_prcp_DANRA__SIZE_128x128__LR_prcp_ewvf_nwvf_ERA5__LOSS_sdfweighted__HEADS_4__TIMESTEPS_56,V0_I_0,V0_I_0,1,/Users/au728490/ceddar_runs/models_and_samples/evaluation/V0_I_0__HR_prcp_DANRA__SIZE_128x128__LR_prcp_ewvf_nwvf_ERA5__LOSS_sdfweighted__HEADS_4__TIMESTEPS_56/summary/evaluation_summary.json,extremes.wet_freq,Wet-day frequency,,hr,extremes.hr_wet_freq,0.383172,0.383172,0.02177000000000001,0.369048,0.36302133333333336,0.007645999999999986,-0.02096999999999999,0.019340999999999997,Extremes,inside_v0_range
V0_I_0__seed2__HR_prcp_DANRA__SIZE_128x128__LR_prcp_ewvf_nwvf_ERA5__LOSS_sdfweighted__HEADS_4__TIMESTEPS_56,V0_I_0_seed2,V0_I_0,2,/Users/au728490/ceddar_runs/models_and_samples/evaluation/V0_I_0__seed2__HR_prcp_DANRA__SIZE_128x128__LR_prcp_ewvf_nwvf_ERA5__LOSS_sdfweighted__HEADS_4__TIMESTEPS_56/summary/evaluation_summary.json,extremes.wet_freq,Wet-day frequency,,hr,extremes.hr_wet_freq,0.383172,0.383172,0.02177000000000001,0.342413,0.36302133333333336,-0.018988999999999978,-0.02096999999999999,0.019340999999999997,Extremes,inside_v0_range
V0_I_1__HR_prcp_DANRA__SIZE_128x128__LR_prcp_ewvf_nwvf_ERA5__LOSS_sdfweighted__HEADS_4__TIMESTEPS_56,V0_I_1,V0_I_1,1,/Users/au728490/ceddar_runs/models_and_samples/evaluation/V0_I_1__HR_prcp_DANRA__SIZE_128x128__LR_prcp_ewvf_nwvf_ERA5__LOSS_sdfweighted__HEADS_4__TIMESTEPS_56/summary/evaluation_summary.json,extremes.wet_freq,Wet-day frequency,,hr,extremes.hr_wet_freq,0.383172,0.383172,0.02177000000000001,0.318477,0.36302133333333336,-0.04292499999999999,-0.02096999999999999,0.019340999999999997,Extremes,unfavourable
V0_I_1__seed2__HR_prcp_DANRA__SIZE_128x128__LR_prcp_ewvf_nwvf_ERA5__LOSS_sdfweighted__HEADS_4__TIMESTEPS_56,V0_I_1_seed2,V0_I_1,2,/Users/au728490/ceddar_runs/models_and_samples/evaluation/V0_I_1__seed2__HR_prcp_DANRA__SIZE_128x128__LR_prcp_ewvf_nwvf_ERA5__LOSS_sdfweighted__HEADS_4__TIMESTEPS_56/summary/evaluation_summary.json,extremes.wet_freq,Wet-day frequency,,hr,extremes.hr_wet_freq,0.383172,0.383172,0.02177000000000001,0.343563,0.36302133333333336,-0.017838999999999994,-0.02096999999999999,0.019340999999999997,Extremes,inside_v0_range
V0_M_0__HR_prcp_DANRA__SIZE_128x128__LR_prcp_msl_ERA5__LOSS_sdfweighted__HEADS_4__TIMESTEPS_56,V0_M_0,V0_M_0,1,/Users/au728490/ceddar_runs/models_and_samples/evaluation/V0_M_0__HR_prcp_DANRA__SIZE_128x128__LR_prcp_msl_ERA5__LOSS_sdfweighted__HEADS_4__TIMESTEPS_56/summary/evaluation_summary.json,extremes.wet_freq,Wet-day frequency,,hr,extremes.hr_wet_freq,0.383172,0.383172,0.02177000000000001,0.342517,0.36302133333333336,-0.018884999999999985,-0.02096999999999999,0.019340999999999997,Extremes,inside_v0_range
V0_M_0__seed2__HR_prcp_DANRA__SIZE_128x128__LR_prcp_msl_ERA5__LOSS_sdfweighted__HEADS_4__TIMESTEPS_56,V0_M_0_seed2,V0_M_0,2,/Users/au728490/ceddar_runs/models_and_samples/evaluation/V0_M_0__seed2__HR_prcp_DANRA__SIZE_128x128__LR_prcp_msl_ERA5__LOSS_sdfweighted__HEADS_4__TIMESTEPS_56/summary/evaluation_summary.json,extremes.wet_freq,Wet-day frequency,,hr,extremes.hr_wet_freq,0.383172,0.383172,0.02177000000000001,0.355044,0.36302133333333336,-0.006357999999999975,-0.02096999999999999,0.019340999999999997,Extremes,inside_v0_range
V0_M_1__HR_prcp_DANRA__SIZE_128x128__LR_prcp_msl_ERA5__LOSS_sdfweighted__HEADS_4__TIMESTEPS_56,V0_M_1,V0_M_1,1,/Users/au728490/ceddar_runs/models_and_samples/evaluation/V0_M_1__HR_prcp_DANRA__SIZE_128x128__LR_prcp_msl_ERA5__LOSS_sdfweighted__HEADS_4__TIMESTEPS_56/summary/evaluation_summary.json,extremes.wet_freq,Wet-day frequency,,hr,extremes.hr_wet_freq,0.383172,0.383172,0.02177000000000001,0.340726,0.36302133333333336,-0.020676000000000028,-0.02096999999999999,0.019340999999999997,Extremes,inside_v0_range
V0_M_1__seed2__HR_prcp_DANRA__SIZE_128x128__LR_prcp_msl_ERA5__LOSS_sdfweighted__HEADS_4__TIMESTEPS_56,V0_M_1_seed2,V0_M_1,2,/Users/au728490/ceddar_runs/models_and_samples/evaluation/V0_M_1__seed2__HR_prcp_DANRA__SIZE_128x128__LR_prcp_msl_ERA5__LOSS_sdfweighted__HEADS_4__TIMESTEPS_56/summary/evaluation_summary.json,extremes.wet_freq,Wet-day frequency,,hr,extremes.hr_wet_freq,0.383172,0.383172,0.02177000000000001,0.353626,0.36302133333333336,-0.007776000000000005,-0.02096999999999999,0.019340999999999997,Extremes,inside_v0_range
V0_T_0__HR_prcp_DANRA__SIZE_128x128__LR_prcp_thetae_pl_850_ERA5__LOSS_sdfweighted__HEADS_4__TIMESTEPS_56,V0_T_0,V0_T_0,1,/Users/au728490/ceddar_runs/models_and_samples/evaluation/V0_T_0__HR_prcp_DANRA__SIZE_128x128__LR_prcp_thetae_pl_850_ERA5__LOSS_sdfweighted__HEADS_4__TIMESTEPS_56/summary/evaluation_summary.json,extremes.wet_freq,Wet-day frequency,,hr,extremes.hr_wet_freq,0.383172,0.383172,0.02177000000000001,0.358426,0.36302133333333336,-0.0029759999999999787,-0.02096999999999999,0.019340999999999997,Extremes,inside_v0_range
V0_T_0__seed2__HR_prcp_DANRA__SIZE_128x128__LR_prcp_thetae_pl_850_ERA5__LOSS_sdfweighted__HEADS_4__TIMESTEPS_56,V0_T_0_seed2,V0_T_0,2,/Users/au728490/ceddar_runs/models_and_samples/evaluation/V0_T_0__seed2__HR_prcp_DANRA__SIZE_128x128__LR_prcp_thetae_pl_850_ERA5__LOSS_sdfweighted__HEADS_4__TIMESTEPS_56/summary/evaluation_summary.json,extremes.wet_freq,Wet-day frequency,,hr,extremes.hr_wet_freq,0.383172,0.383172,0.02177000000000001,0.369638,0.36302133333333336,0.008236000000000021,-0.02096999999999999,0.019340999999999997,Extremes,inside_v0_range
V0_T_1__HR_prcp_DANRA__SIZE_128x128__LR_prcp_thetae_pl_850_ERA5__LOSS_sdfweighted__HEADS_4__TIMESTEPS_56,V0_T_1,V0_T_1,1,/Users/au728490/ceddar_runs/models_and_samples/evaluation/V0_T_1__HR_prcp_DANRA__SIZE_128x128__LR_prcp_thetae_pl_850_ERA5__LOSS_sdfweighted__HEADS_4__TIMESTEPS_56/summary/evaluation_summary.json,extremes.wet_freq,Wet-day frequency,,hr,extremes.hr_wet_freq,0.383172,0.383172,0.02177000000000001,0.370292,0.36302133333333336,0.008890000000000009,-0.02096999999999999,0.019340999999999997,Extremes,inside_v0_range
V0_T_1__seed2__HR_prcp_DANRA__SIZE_128x128__LR_prcp_thetae_pl_850_ERA5__LOSS_sdfweighted__HEADS_4__TIMESTEPS_56,V0_T_1_seed2,V0_T_1,2,/Users/au728490/ceddar_runs/models_and_samples/evaluation/V0_T_1__seed2__HR_prcp_DANRA__SIZE_128x128__LR_prcp_thetae_pl_850_ERA5__LOSS_sdfweighted__HEADS_4__TIMESTEPS_56/summary/evaluation_summary.json,extremes.wet_freq,Wet-day frequency,,hr,extremes.hr_wet_freq,0.383172,0.383172,0.02177000000000001,0.362587,0.36302133333333336,0.0011849999999999916,-0.02096999999999999,0.019340999999999997,Extremes,inside_v0_range
V0_Z_0__HR_prcp_DANRA__SIZE_128x128__LR_prcp_z_pl_500_ERA5__LOSS_sdfweighted__HEADS_4__TIMESTEPS_56,V0_Z_0,V0_Z_0,1,/Users/au728490/ceddar_runs/models_and_samples/evaluation/V0_Z_0__HR_prcp_DANRA__SIZE_128x128__LR_prcp_z_pl_500_ERA5__LOSS_sdfweighted__HEADS_4__TIMESTEPS_56/summary/evaluation_summary.json,extremes.wet_freq,Wet-day frequency,,hr,extremes.hr_wet_freq,0.383172,0.383172,0.02177000000000001,0.373438,0.36302133333333336,0.012035999999999991,-0.02096999999999999,0.019340999999999997,Extremes,inside_v0_range
V0_Z_0__seed2__HR_prcp_DANRA__SIZE_128x128__LR_prcp_z_pl_500_ERA5__LOSS_sdfweighted__HEADS_4__TIMESTEPS_56,V0_Z_0_seed2,V0_Z_0,2,/Users/au728490/ceddar_runs/models_and_samples/evaluation/V0_Z_0__seed2__HR_prcp_DANRA__SIZE_128x128__LR_prcp_z_pl_500_ERA5__LOSS_sdfweighted__HEADS_4__TIMESTEPS_56/summary/evaluation_summary.json,extremes.wet_freq,Wet-day frequency,,hr,extremes.hr_wet_freq,0.383172,0.383172,0.02177000000000001,0.353842,0.36302133333333336,-0.007560000000000011,-0.02096999999999999,0.019340999999999997,Extremes,inside_v0_range
V0_Z_1__HR_prcp_DANRA__SIZE_128x128__LR_prcp_z_pl_500_ERA5__LOSS_sdfweighted__HEADS_4__TIMESTEPS_56,V0_Z_1,V0_Z_1,1,/Users/au728490/ceddar_runs/models_and_samples/evaluation/V0_Z_1__HR_prcp_DANRA__SIZE_128x128__LR_prcp_z_pl_500_ERA5__LOSS_sdfweighted__HEADS_4__TIMESTEPS_56/summary/evaluation_summary.json,extremes.wet_freq,Wet-day frequency,,hr,extremes.hr_wet_freq,0.383172,0.383172,0.02177000000000001,0.362349,0.36302133333333336,0.0009469999999999756,-0.02096999999999999,0.019340999999999997,Extremes,inside_v0_range
V0_Z_1__seed2__HR_prcp_DANRA__SIZE_128x128__LR_prcp_z_pl_500_ERA5__LOSS_sdfweighted__HEADS_4__TIMESTEPS_56,V0_Z_1_seed2,V0_Z_1,2,/Users/au728490/ceddar_runs/models_and_samples/evaluation/V0_Z_1__seed2__HR_prcp_DANRA__SIZE_128x128__LR_prcp_z_pl_500_ERA5__LOSS_sdfweighted__HEADS_4__TIMESTEPS_56/summary/evaluation_summary.json,extremes.wet_freq,Wet-day frequency,,hr,extremes.hr_wet_freq,0.383172,0.383172,0.02177000000000001,0.362116,0.36302133333333336,0.0007139999999999924,-0.02096999999999999,0.019340999999999997,Extremes,inside_v0_range
D_IP_1__HR_prcp_DANRA__SIZE_128x128__LR_prcp_ewvf_nwvf_ERA5__LOSS_sdfweighted__HEADS_4__TIMESTEPS_56,D_IP_1,D_IP_1,1,/Users/au728490/ceddar_runs/models_and_samples/evaluation/D_IP_1__HR_prcp_DANRA__SIZE_128x128__LR_prcp_ewvf_nwvf_ERA5__LOSS_sdfweighted__HEADS_4__TIMESTEPS_56/summary/evaluation_summary.json,extremes.wet_freq,Wet-day frequency,,hr,extremes.hr_wet_freq,0.383172,0.383172,0.02177000000000001,0.34515,0.36302133333333336,-0.01625199999999999,-0.02096999999999999,0.019340999999999997,Extremes,inside_v0_range
D_IP_1__seed2__HR_prcp_DANRA__SIZE_128x128__LR_prcp_ewvf_nwvf_ERA5__LOSS_sdfweighted__HEADS_4__TIMESTEPS_56,D_IP_1_seed2,D_IP_1,2,/Users/au728490/ceddar_runs/models_and_samples/evaluation/D_IP_1__seed2__HR_prcp_DANRA__SIZE_128x128__LR_prcp_ewvf_nwvf_ERA5__LOSS_sdfweighted__HEADS_4__TIMESTEPS_56/summary/evaluation_summary.json,extremes.wet_freq,Wet-day frequency,,hr,extremes.hr_wet_freq,0.383172,0.383172,0.02177000000000001,0.367015,0.36302133333333336,0.005612999999999979,-0.02096999999999999,0.019340999999999997,Extremes,inside_v0_range
D_MZP_1__HR_prcp_DANRA__SIZE_128x128__LR_prcp_msl_z_pl_500_ERA5__LOSS_sdfweighted__HEADS_4__TIMESTEPS_56,D_MZP_1,D_MZP_1,1,/Users/au728490/ceddar_runs/models_and_samples/evaluation/D_MZP_1__HR_prcp_DANRA__SIZE_128x128__LR_prcp_msl_z_pl_500_ERA5__LOSS_sdfweighted__HEADS_4__TIMESTEPS_56/summary/evaluation_summary.json,extremes.wet_freq,Wet-day frequency,,hr,extremes.hr_wet_freq,0.383172,0.383172,0.02177000000000001,0.322101,0.36302133333333336,-0.039300999999999975,-0.02096999999999999,0.019340999999999997,Extremes,unfavourable
D_MZP_1__seed2__HR_prcp_DANRA__SIZE_128x128__LR_prcp_msl_z_pl_500_ERA5__LOSS_sdfweighted__HEADS_4__TIMESTEPS_56,D_MZP_1_seed2,D_MZP_1,2,/Users/au728490/ceddar_runs/models_and_samples/evaluation/D_MZP_1__seed2__HR_prcp_DANRA__SIZE_128x128__LR_prcp_msl_z_pl_500_ERA5__LOSS_sdfweighted__HEADS_4__TIMESTEPS_56/summary/evaluation_summary.json,extremes.wet_freq,Wet-day frequency,,hr,extremes.hr_wet_freq,0.383172,0.383172,0.02177000000000001,0.371715,0.36302133333333336,0.010313000000000017,-0.02096999999999999,0.019340999999999997,Extremes,inside_v0_range
D_MTP_0__HR_prcp_DANRA__SIZE_128x128__LR_prcp_msl_thetae_pl_850_ERA5__LOSS_sdfweighted__HEADS_4__TIMESTEPS_56,D_MTP_0,D_MTP_0,1,/Users/au728490/ceddar_runs/models_and_samples/evaluation/D_MTP_0__HR_prcp_DANRA__SIZE_128x128__LR_prcp_msl_thetae_pl_850_ERA5__LOSS_sdfweighted__HEADS_4__TIMESTEPS_56/summary/evaluation_summary.json,extremes.wet_freq,Wet-day frequency,,hr,extremes.hr_wet_freq,0.383172,0.383172,0.02177000000000001,0.355967,0.36302133333333336,-0.005435000000000023,-0.02096999999999999,0.019340999999999997,Extremes,inside_v0_range
D_MTP_0__seed2__HR_prcp_DANRA__SIZE_128x128__LR_prcp_msl_thetae_pl_850_ERA5__LOSS_sdfweighted__HEADS_4__TIMESTEPS_56,D_MTP_0_seed2,D_MTP_0,2,/Users/au728490/ceddar_runs/models_and_samples/evaluation/D_MTP_0__seed2__HR_prcp_DANRA__SIZE_128x128__LR_prcp_msl_thetae_pl_850_ERA5__LOSS_sdfweighted__HEADS_4__TIMESTEPS_56/summary/evaluation_summary.json,extremes.wet_freq,Wet-day frequency,,hr,extremes.hr_wet_freq,0.383172,0.383172,0.02177000000000001,0.367597,0.36302133333333336,0.006195000000000006,-0.02096999999999999,0.019340999999999997,Extremes,inside_v0_range
D_MTP_1__HR_prcp_DANRA__SIZE_128x128__LR_prcp_msl_thetae_pl_850_ERA5__LOSS_sdfweighted__HEADS_4__TIMESTEPS_56,D_MTP_1,D_MTP_1,1,/Users/au728490/ceddar_runs/models_and_samples/evaluation/D_MTP_1__HR_prcp_DANRA__SIZE_128x128__LR_prcp_msl_thetae_pl_850_ERA5__LOSS_sdfweighted__HEADS_4__TIMESTEPS_56/summary/evaluation_summary.json,extremes.wet_freq,Wet-day frequency,,hr,extremes.hr_wet_freq,0.383172,0.383172,0.02177000000000001,0.355456,0.36302133333333336,-0.005946000000000007,-0.02096999999999999,0.019340999999999997,Extremes,inside_v0_range
D_MTP_1__seed2__HR_prcp_DANRA__SIZE_128x128__LR_prcp_msl_thetae_pl_850_ERA5__LOSS_sdfweighted__HEADS_4__TIMESTEPS_56,D_MTP_1_seed2,D_MTP_1,2,/Users/au728490/ceddar_runs/models_and_samples/evaluation/D_MTP_1__seed2__HR_prcp_DANRA__SIZE_128x128__LR_prcp_msl_thetae_pl_850_ERA5__LOSS_sdfweighted__HEADS_4__TIMESTEPS_56/summary/evaluation_summary.json,extremes.wet_freq,Wet-day frequency,,hr,extremes.hr_wet_freq,0.383172,0.383172,0.02177000000000001,0.354969,0.36302133333333336,-0.006433000000000022,-0.02096999999999999,0.019340999999999997,Extremes,inside_v0_range
D_MTCP_1__HR_prcp_DANRA__SIZE_128x128__LR_prcp_msl_thetae_pl_850_cape_ERA5__LOSS_sdfweighted__HEADS_4__TIMESTEPS_56,D_MTCP_1,D_MTCP_1,1,/Users/au728490/ceddar_runs/models_and_samples/evaluation/D_MTCP_1__HR_prcp_DANRA__SIZE_128x128__LR_prcp_msl_thetae_pl_850_cape_ERA5__LOSS_sdfweighted__HEADS_4__TIMESTEPS_56/summary/evaluation_summary.json,extremes.wet_freq,Wet-day frequency,,hr,extremes.hr_wet_freq,0.383172,0.383172,0.02177000000000001,0.385093,0.36302133333333336,0.019849000000000006,-0.02096999999999999,0.019340999999999997,Extremes,favourable
D_MTCP_1__seed2__HR_prcp_DANRA__SIZE_128x128__LR_prcp_msl_thetae_pl_850_cape_ERA5__LOSS_sdfweighted__HEADS_4__TIMESTEPS_56,D_MTCP_1_seed2,D_MTCP_1,2,/Users/au728490/ceddar_runs/models_and_samples/evaluation/D_MTCP_1__seed2__HR_prcp_DANRA__SIZE_128x128__LR_prcp_msl_thetae_pl_850_cape_ERA5__LOSS_sdfweighted__HEADS_4__TIMESTEPS_56/summary/evaluation_summary.json,extremes.wet_freq,Wet-day frequency,,hr,extremes.hr_wet_freq,0.383172,0.383172,0.02177000000000001,0.366583,0.36302133333333336,0.005180999999999991,-0.02096999999999999,0.019340999999999997,Extremes,inside_v0_range
D_MZIP_1__HR_prcp_DANRA__SIZE_128x128__LR_prcp_msl_z_pl_500_ewvf_nwvf_ERA5__LOSS_sdfweighted__HEADS_4__TIMESTEPS_56,D_MZIP_1,D_MZIP_1,1,/Users/au728490/ceddar_runs/models_and_samples/evaluation/D_MZIP_1__HR_prcp_DANRA__SIZE_128x128__LR_prcp_msl_z_pl_500_ewvf_nwvf_ERA5__LOSS_sdfweighted__HEADS_4__TIMESTEPS_56/summary/evaluation_summary.json,extremes.wet_freq,Wet-day frequency,,hr,extremes.hr_wet_freq,0.383172,0.383172,0.02177000000000001,0.380163,0.36302133333333336,0.018760999999999972,-0.02096999999999999,0.019340999999999997,Extremes,inside_v0_range
D_MZIP_1__seed2__HR_prcp_DANRA__SIZE_128x128__LR_prcp_msl_z_pl_500_ewvf_nwvf_ERA5__LOSS_sdfweighted__HEADS_4__TIMESTEPS_56,D_MZIP_1_seed2,D_MZIP_1,2,/Users/au728490/ceddar_runs/models_and_samples/evaluation/D_MZIP_1__seed2__HR_prcp_DANRA__SIZE_128x128__LR_prcp_msl_z_pl_500_ewvf_nwvf_ERA5__LOSS_sdfweighted__HEADS_4__TIMESTEPS_56/summary/evaluation_summary.json,extremes.wet_freq,Wet-day frequency,,hr,extremes.hr_wet_freq,0.383172,0.383172,0.02177000000000001,0.364167,0.36302133333333336,0.0027650000000000174,-0.02096999999999999,0.019340999999999997,Extremes,inside_v0_range
D_MT_1__HR_prcp_DANRA__SIZE_128x128__LR_msl_thetae_pl_850_ERA5__LOSS_sdfweighted__HEADS_4__TIMESTEPS_56,D_MT_1,D_MT_1,1,/Users/au728490/ceddar_runs/models_and_samples/evaluation/D_MT_1__HR_prcp_DANRA__SIZE_128x128__LR_msl_thetae_pl_850_ERA5__LOSS_sdfweighted__HEADS_4__TIMESTEPS_56/summary/evaluation_summary.json,extremes.wet_freq,Wet-day frequency,,hr,extremes.hr_wet_freq,0.383172,0.383172,0.02177000000000001,0.230141,0.36302133333333336,-0.131261,-0.02096999999999999,0.019340999999999997,Extremes,unfavourable
D_MT_1__seed2__HR_prcp_DANRA__SIZE_128x128__LR_msl_thetae_pl_850_ERA5__LOSS_sdfweighted__HEADS_4__TIMESTEPS_56,D_MT_1_seed2,D_MT_1,2,/Users/au728490/ceddar_runs/models_and_samples/evaluation/D_MT_1__seed2__HR_prcp_DANRA__SIZE_128x128__LR_msl_thetae_pl_850_ERA5__LOSS_sdfweighted__HEADS_4__TIMESTEPS_56/summary/evaluation_summary.json,extremes.wet_freq,Wet-day frequency,,hr,extremes.hr_wet_freq,0.383172,0.383172,0.02177000000000001,0.200227,0.36302133333333336,-0.161175,-0.02096999999999999,0.019340999999999997,Extremes,unfavourable
D_MTC_1__HR_prcp_DANRA__SIZE_128x128__LR_msl_thetae_pl_850_cape_ERA5__LOSS_sdfweighted__HEADS_4__TIMESTEPS_56,D_MTC_1,D_MTC_1,1,/Users/au728490/ceddar_runs/models_and_samples/evaluation/D_MTC_1__HR_prcp_DANRA__SIZE_128x128__LR_msl_thetae_pl_850_cape_ERA5__LOSS_sdfweighted__HEADS_4__TIMESTEPS_56/summary/evaluation_summary.json,extremes.wet_freq,Wet-day frequency,,hr,extremes.hr_wet_freq,0.383172,0.383172,0.02177000000000001,0.249551,0.36302133333333336,-0.111851,-0.02096999999999999,0.019340999999999997,Extremes,unfavourable
D_MTC_1__seed2__HR_prcp_DANRA__SIZE_128x128__LR_msl_thetae_pl_850_cape_ERA5__LOSS_sdfweighted__HEADS_4__TIMESTEPS_56,D_MTC_1_seed2,D_MTC_1,2,/Users/au728490/ceddar_runs/models_and_samples/evaluation/D_MTC_1__seed2__HR_prcp_DANRA__SIZE_128x128__LR_msl_thetae_pl_850_cape_ERA5__LOSS_sdfweighted__HEADS_4__TIMESTEPS_56/summary/evaluation_summary.json,extremes.wet_freq,Wet-day frequency,,hr,extremes.hr_wet_freq,0.383172,0.383172,0.02177000000000001,0.351572,0.36302133333333336,-0.009830000000000005,-0.02096999999999999,0.019340999999999997,Extremes,inside_v0_range
C_10__HR_prcp_DANRA__SIZE_128x128__LR_prcp_ERA5__LOSS_sdfweighted__HEADS_4__TIMESTEPS_56,C_10,C_10,1,/Users/au728490/ceddar_runs/models_and_samples/evaluation/C_10__HR_prcp_DANRA__SIZE_128x128__LR_prcp_ERA5__LOSS_sdfweighted__HEADS_4__TIMESTEPS_56/summary/evaluation_summary.json,extremes.wet_hit_rate,Wet-day hit rate,,one,,,1.0,0.23390166666666667,0.756587,0.7660983333333333,-0.009511333333333316,-0.03865933333333338,0.040391666666666715,Extremes,inside_v0_range
C_10__seed2__HR_prcp_DANRA__SIZE_128x128__LR_prcp_ERA5__LOSS_sdfweighted__HEADS_4__TIMESTEPS_56,C_10_seed2,C_10,2,/Users/au728490/ceddar_runs/models_and_samples/evaluation/C_10__seed2__HR_prcp_DANRA__SIZE_128x128__LR_prcp_ERA5__LOSS_sdfweighted__HEADS_4__TIMESTEPS_56/summary/evaluation_summary.json,extremes.wet_hit_rate,Wet-day hit rate,,one,,,1.0,0.23390166666666667,0.76717,0.7660983333333333,0.001071666666666693,-0.03865933333333338,0.040391666666666715,Extremes,inside_v0_range
V0_C_0__HR_prcp_DANRA__SIZE_128x128__LR_prcp_cape_ERA5__LOSS_sdfweighted__HEADS_4__TIMESTEPS_56,V0_C_0,V0_C_0,1,/Users/au728490/ceddar_runs/models_and_samples/evaluation/V0_C_0__HR_prcp_DANRA__SIZE_128x128__LR_prcp_cape_ERA5__LOSS_sdfweighted__HEADS_4__TIMESTEPS_56/summary/evaluation_summary.json,extremes.wet_hit_rate,Wet-day hit rate,,one,,,1.0,0.23390166666666667,0.72695,0.7660983333333333,-0.03914833333333334,-0.03865933333333338,0.040391666666666715,Extremes,unfavourable
V0_C_0__seed2__HR_prcp_DANRA__SIZE_128x128__LR_prcp_cape_ERA5__LOSS_sdfweighted__HEADS_4__TIMESTEPS_56,V0_C_0_seed2,V0_C_0,2,/Users/au728490/ceddar_runs/models_and_samples/evaluation/V0_C_0__seed2__HR_prcp_DANRA__SIZE_128x128__LR_prcp_cape_ERA5__LOSS_sdfweighted__HEADS_4__TIMESTEPS_56/summary/evaluation_summary.json,extremes.wet_hit_rate,Wet-day hit rate,,one,,,1.0,0.23390166666666667,0.732934,0.7660983333333333,-0.03316433333333335,-0.03865933333333338,0.040391666666666715,Extremes,inside_v0_range
V0_C_1__HR_prcp_DANRA__SIZE_128x128__LR_prcp_cape_ERA5__LOSS_sdfweighted__HEADS_4__TIMESTEPS_56,V0_C_1,V0_C_1,1,/Users/au728490/ceddar_runs/models_and_samples/evaluation/V0_C_1__HR_prcp_DANRA__SIZE_128x128__LR_prcp_cape_ERA5__LOSS_sdfweighted__HEADS_4__TIMESTEPS_56/summary/evaluation_summary.json,extremes.wet_hit_rate,Wet-day hit rate,,one,,,1.0,0.23390166666666667,0.764666,0.7660983333333333,-0.0014323333333333688,-0.03865933333333338,0.040391666666666715,Extremes,inside_v0_range
V0_C_1__seed2__HR_prcp_DANRA__SIZE_128x128__LR_prcp_cape_ERA5__LOSS_sdfweighted__HEADS_4__TIMESTEPS_56,V0_C_1_seed2,V0_C_1,2,/Users/au728490/ceddar_runs/models_and_samples/evaluation/V0_C_1__seed2__HR_prcp_DANRA__SIZE_128x128__LR_prcp_cape_ERA5__LOSS_sdfweighted__HEADS_4__TIMESTEPS_56/summary/evaluation_summary.json,extremes.wet_hit_rate,Wet-day hit rate,,one,,,1.0,0.23390166666666667,0.74938,0.7660983333333333,-0.01671833333333328,-0.03865933333333338,0.040391666666666715,Extremes,inside_v0_range
V0_I_0__HR_prcp_DANRA__SIZE_128x128__LR_prcp_ewvf_nwvf_ERA5__LOSS_sdfweighted__HEADS_4__TIMESTEPS_56,V0_I_0,V0_I_0,1,/Users/au728490/ceddar_runs/models_and_samples/evaluation/V0_I_0__HR_prcp_DANRA__SIZE_128x128__LR_prcp_ewvf_nwvf_ERA5__LOSS_sdfweighted__HEADS_4__TIMESTEPS_56/summary/evaluation_summary.json,extremes.wet_hit_rate,Wet-day hit rate,,one,,,1.0,0.23390166666666667,0.778936,0.7660983333333333,0.012837666666666636,-0.03865933333333338,0.040391666666666715,Extremes,inside_v0_range
V0_I_0__seed2__HR_prcp_DANRA__SIZE_128x128__LR_prcp_ewvf_nwvf_ERA5__LOSS_sdfweighted__HEADS_4__TIMESTEPS_56,V0_I_0_seed2,V0_I_0,2,/Users/au728490/ceddar_runs/models_and_samples/evaluation/V0_I_0__seed2__HR_prcp_DANRA__SIZE_128x128__LR_prcp_ewvf_nwvf_ERA5__LOSS_sdfweighted__HEADS_4__TIMESTEPS_56/summary/evaluation_summary.json,extremes.wet_hit_rate,Wet-day hit rate,,one,,,1.0,0.23390166666666667,0.731318,0.7660983333333333,-0.0347803333333333,-0.03865933333333338,0.040391666666666715,Extremes,inside_v0_range
V0_I_1__HR_prcp_DANRA__SIZE_128x128__LR_prcp_ewvf_nwvf_ERA5__LOSS_sdfweighted__HEADS_4__TIMESTEPS_56,V0_I_1,V0_I_1,1,/Users/au728490/ceddar_runs/models_and_samples/evaluation/V0_I_1__HR_prcp_DANRA__SIZE_128x128__LR_prcp_ewvf_nwvf_ERA5__LOSS_sdfweighted__HEADS_4__TIMESTEPS_56/summary/evaluation_summary.json,extremes.wet_hit_rate,Wet-day hit rate,,one,,,1.0,0.23390166666666667,0.669875,0.7660983333333333,-0.09622333333333333,-0.03865933333333338,0.040391666666666715,Extremes,unfavourable
V0_I_1__seed2__HR_prcp_DANRA__SIZE_128x128__LR_prcp_ewvf_nwvf_ERA5__LOSS_sdfweighted__HEADS_4__TIMESTEPS_56,V0_I_1_seed2,V0_I_1,2,/Users/au728490/ceddar_runs/models_and_samples/evaluation/V0_I_1__seed2__HR_prcp_DANRA__SIZE_128x128__LR_prcp_ewvf_nwvf_ERA5__LOSS_sdfweighted__HEADS_4__TIMESTEPS_56/summary/evaluation_summary.json,extremes.wet_hit_rate,Wet-day hit rate,,one,,,1.0,0.23390166666666667,0.736688,0.7660983333333333,-0.029410333333333316,-0.03865933333333338,0.040391666666666715,Extremes,inside_v0_range
V0_M_0__HR_prcp_DANRA__SIZE_128x128__LR_prcp_msl_ERA5__LOSS_sdfweighted__HEADS_4__TIMESTEPS_56,V0_M_0,V0_M_0,1,/Users/au728490/ceddar_runs/models_and_samples/evaluation/V0_M_0__HR_prcp_DANRA__SIZE_128x128__LR_prcp_msl_ERA5__LOSS_sdfweighted__HEADS_4__TIMESTEPS_56/summary/evaluation_summary.json,extremes.wet_hit_rate,Wet-day hit rate,,one,,,1.0,0.23390166666666667,0.733715,0.7660983333333333,-0.03238333333333332,-0.03865933333333338,0.040391666666666715,Extremes,inside_v0_range
V0_M_0__seed2__HR_prcp_DANRA__SIZE_128x128__LR_prcp_msl_ERA5__LOSS_sdfweighted__HEADS_4__TIMESTEPS_56,V0_M_0_seed2,V0_M_0,2,/Users/au728490/ceddar_runs/models_and_samples/evaluation/V0_M_0__seed2__HR_prcp_DANRA__SIZE_128x128__LR_prcp_msl_ERA5__LOSS_sdfweighted__HEADS_4__TIMESTEPS_56/summary/evaluation_summary.json,extremes.wet_hit_rate,Wet-day hit rate,,one,,,1.0,0.23390166666666667,0.76327,0.7660983333333333,-0.0028283333333333216,-0.03865933333333338,0.040391666666666715,Extremes,inside_v0_range
V0_M_1__HR_prcp_DANRA__SIZE_128x128__LR_prcp_msl_ERA5__LOSS_sdfweighted__HEADS_4__TIMESTEPS_56,V0_M_1,V0_M_1,1,/Users/au728490/ceddar_runs/models_and_samples/evaluation/V0_M_1__HR_prcp_DANRA__SIZE_128x128__LR_prcp_msl_ERA5__LOSS_sdfweighted__HEADS_4__TIMESTEPS_56/summary/evaluation_summary.json,extremes.wet_hit_rate,Wet-day hit rate,,one,,,1.0,0.23390166666666667,0.725701,0.7660983333333333,-0.040397333333333285,-0.03865933333333338,0.040391666666666715,Extremes,unfavourable
V0_M_1__seed2__HR_prcp_DANRA__SIZE_128x128__LR_prcp_msl_ERA5__LOSS_sdfweighted__HEADS_4__TIMESTEPS_56,V0_M_1_seed2,V0_M_1,2,/Users/au728490/ceddar_runs/models_and_samples/evaluation/V0_M_1__seed2__HR_prcp_DANRA__SIZE_128x128__LR_prcp_msl_ERA5__LOSS_sdfweighted__HEADS_4__TIMESTEPS_56/summary/evaluation_summary.json,extremes.wet_hit_rate,Wet-day hit rate,,one,,,1.0,0.23390166666666667,0.75468,0.7660983333333333,-0.011418333333333308,-0.03865933333333338,0.040391666666666715,Extremes,inside_v0_range
V0_T_0__HR_prcp_DANRA__SIZE_128x128__LR_prcp_thetae_pl_850_ERA5__LOSS_sdfweighted__HEADS_4__TIMESTEPS_56,V0_T_0,V0_T_0,1,/Users/au728490/ceddar_runs/models_and_samples/evaluation/V0_T_0__HR_prcp_DANRA__SIZE_128x128__LR_prcp_thetae_pl_850_ERA5__LOSS_sdfweighted__HEADS_4__TIMESTEPS_56/summary/evaluation_summary.json,extremes.wet_hit_rate,Wet-day hit rate,,one,,,1.0,0.23390166666666667,0.757246,0.7660983333333333,-0.008852333333333351,-0.03865933333333338,0.040391666666666715,Extremes,inside_v0_range
V0_T_0__seed2__HR_prcp_DANRA__SIZE_128x128__LR_prcp_thetae_pl_850_ERA5__LOSS_sdfweighted__HEADS_4__TIMESTEPS_56,V0_T_0_seed2,V0_T_0,2,/Users/au728490/ceddar_runs/models_and_samples/evaluation/V0_T_0__seed2__HR_prcp_DANRA__SIZE_128x128__LR_prcp_thetae_pl_850_ERA5__LOSS_sdfweighted__HEADS_4__TIMESTEPS_56/summary/evaluation_summary.json,extremes.wet_hit_rate,Wet-day hit rate,,one,,,1.0,0.23390166666666667,0.766015,0.7660983333333333,-8.333333333332416e-05,-0.03865933333333338,0.040391666666666715,Extremes,inside_v0_range
V0_T_1__HR_prcp_DANRA__SIZE_128x128__LR_prcp_thetae_pl_850_ERA5__LOSS_sdfweighted__HEADS_4__TIMESTEPS_56,V0_T_1,V0_T_1,1,/Users/au728490/ceddar_runs/models_and_samples/evaluation/V0_T_1__HR_prcp_DANRA__SIZE_128x128__LR_prcp_thetae_pl_850_ERA5__LOSS_sdfweighted__HEADS_4__TIMESTEPS_56/summary/evaluation_summary.json,extremes.wet_hit_rate,Wet-day hit rate,,one,,,1.0,0.23390166666666667,0.778917,0.7660983333333333,0.012818666666666645,-0.03865933333333338,0.040391666666666715,Extremes,inside_v0_range
V0_T_1__seed2__HR_prcp_DANRA__SIZE_128x128__LR_prcp_thetae_pl_850_ERA5__LOSS_sdfweighted__HEADS_4__TIMESTEPS_56,V0_T_1_seed2,V0_T_1,2,/Users/au728490/ceddar_runs/models_and_samples/evaluation/V0_T_1__seed2__HR_prcp_DANRA__SIZE_128x128__LR_prcp_thetae_pl_850_ERA5__LOSS_sdfweighted__HEADS_4__TIMESTEPS_56/summary/evaluation_summary.json,extremes.wet_hit_rate,Wet-day hit rate,,one,,,1.0,0.23390166666666667,0.768184,0.7660983333333333,0.0020856666666666523,-0.03865933333333338,0.040391666666666715,Extremes,inside_v0_range
V0_Z_0__HR_prcp_DANRA__SIZE_128x128__LR_prcp_z_pl_500_ERA5__LOSS_sdfweighted__HEADS_4__TIMESTEPS_56,V0_Z_0,V0_Z_0,1,/Users/au728490/ceddar_runs/models_and_samples/evaluation/V0_Z_0__HR_prcp_DANRA__SIZE_128x128__LR_prcp_z_pl_500_ERA5__LOSS_sdfweighted__HEADS_4__TIMESTEPS_56/summary/evaluation_summary.json,extremes.wet_hit_rate,Wet-day hit rate,,one,,,1.0,0.23390166666666667,0.776155,0.7660983333333333,0.010056666666666714,-0.03865933333333338,0.040391666666666715,Extremes,inside_v0_range
V0_Z_0__seed2__HR_prcp_DANRA__SIZE_128x128__LR_prcp_z_pl_500_ERA5__LOSS_sdfweighted__HEADS_4__TIMESTEPS_56,V0_Z_0_seed2,V0_Z_0,2,/Users/au728490/ceddar_runs/models_and_samples/evaluation/V0_Z_0__seed2__HR_prcp_DANRA__SIZE_128x128__LR_prcp_z_pl_500_ERA5__LOSS_sdfweighted__HEADS_4__TIMESTEPS_56/summary/evaluation_summary.json,extremes.wet_hit_rate,Wet-day hit rate,,one,,,1.0,0.23390166666666667,0.756425,0.7660983333333333,-0.009673333333333312,-0.03865933333333338,0.040391666666666715,Extremes,inside_v0_range
V0_Z_1__HR_prcp_DANRA__SIZE_128x128__LR_prcp_z_pl_500_ERA5__LOSS_sdfweighted__HEADS_4__TIMESTEPS_56,V0_Z_1,V0_Z_1,1,/Users/au728490/ceddar_runs/models_and_samples/evaluation/V0_Z_1__HR_prcp_DANRA__SIZE_128x128__LR_prcp_z_pl_500_ERA5__LOSS_sdfweighted__HEADS_4__TIMESTEPS_56/summary/evaluation_summary.json,extremes.wet_hit_rate,Wet-day hit rate,,one,,,1.0,0.23390166666666667,0.765294,0.7660983333333333,-0.0008043333333332958,-0.03865933333333338,0.040391666666666715,Extremes,inside_v0_range
V0_Z_1__seed2__HR_prcp_DANRA__SIZE_128x128__LR_prcp_z_pl_500_ERA5__LOSS_sdfweighted__HEADS_4__TIMESTEPS_56,V0_Z_1_seed2,V0_Z_1,2,/Users/au728490/ceddar_runs/models_and_samples/evaluation/V0_Z_1__seed2__HR_prcp_DANRA__SIZE_128x128__LR_prcp_z_pl_500_ERA5__LOSS_sdfweighted__HEADS_4__TIMESTEPS_56/summary/evaluation_summary.json,extremes.wet_hit_rate,Wet-day hit rate,,one,,,1.0,0.23390166666666667,0.762195,0.7660983333333333,-0.0039033333333333697,-0.03865933333333338,0.040391666666666715,Extremes,inside_v0_range
D_IP_1__HR_prcp_DANRA__SIZE_128x128__LR_prcp_ewvf_nwvf_ERA5__LOSS_sdfweighted__HEADS_4__TIMESTEPS_56,D_IP_1,D_IP_1,1,/Users/au728490/ceddar_runs/models_and_samples/evaluation/D_IP_1__HR_prcp_DANRA__SIZE_128x128__LR_prcp_ewvf_nwvf_ERA5__LOSS_sdfweighted__HEADS_4__TIMESTEPS_56/summary/evaluation_summary.json,extremes.wet_hit_rate,Wet-day hit rate,,one,,,1.0,0.23390166666666667,0.732429,0.7660983333333333,-0.03366933333333333,-0.03865933333333338,0.040391666666666715,Extremes,inside_v0_range
D_IP_1__seed2__HR_prcp_DANRA__SIZE_128x128__LR_prcp_ewvf_nwvf_ERA5__LOSS_sdfweighted__HEADS_4__TIMESTEPS_56,D_IP_1_seed2,D_IP_1,2,/Users/au728490/ceddar_runs/models_and_samples/evaluation/D_IP_1__seed2__HR_prcp_DANRA__SIZE_128x128__LR_prcp_ewvf_nwvf_ERA5__LOSS_sdfweighted__HEADS_4__TIMESTEPS_56/summary/evaluation_summary.json,extremes.wet_hit_rate,Wet-day hit rate,,one,,,1.0,0.23390166666666667,0.776851,0.7660983333333333,0.010752666666666633,-0.03865933333333338,0.040391666666666715,Extremes,inside_v0_range
D_MZP_1__HR_prcp_DANRA__SIZE_128x128__LR_prcp_msl_z_pl_500_ERA5__LOSS_sdfweighted__HEADS_4__TIMESTEPS_56,D_MZP_1,D_MZP_1,1,/Users/au728490/ceddar_runs/models_and_samples/evaluation/D_MZP_1__HR_prcp_DANRA__SIZE_128x128__LR_prcp_msl_z_pl_500_ERA5__LOSS_sdfweighted__HEADS_4__TIMESTEPS_56/summary/evaluation_summary.json,extremes.wet_hit_rate,Wet-day hit rate,,one,,,1.0,0.23390166666666667,0.678107,0.7660983333333333,-0.08799133333333331,-0.03865933333333338,0.040391666666666715,Extremes,unfavourable
D_MZP_1__seed2__HR_prcp_DANRA__SIZE_128x128__LR_prcp_msl_z_pl_500_ERA5__LOSS_sdfweighted__HEADS_4__TIMESTEPS_56,D_MZP_1_seed2,D_MZP_1,2,/Users/au728490/ceddar_runs/models_and_samples/evaluation/D_MZP_1__seed2__HR_prcp_DANRA__SIZE_128x128__LR_prcp_msl_z_pl_500_ERA5__LOSS_sdfweighted__HEADS_4__TIMESTEPS_56/summary/evaluation_summary.json,extremes.wet_hit_rate,Wet-day hit rate,,one,,,1.0,0.23390166666666667,0.776969,0.7660983333333333,0.010870666666666695,-0.03865933333333338,0.040391666666666715,Extremes,inside_v0_range
D_MTP_0__HR_prcp_DANRA__SIZE_128x128__LR_prcp_msl_thetae_pl_850_ERA5__LOSS_sdfweighted__HEADS_4__TIMESTEPS_56,D_MTP_0,D_MTP_0,1,/Users/au728490/ceddar_runs/models_and_samples/evaluation/D_MTP_0__HR_prcp_DANRA__SIZE_128x128__LR_prcp_msl_thetae_pl_850_ERA5__LOSS_sdfweighted__HEADS_4__TIMESTEPS_56/summary/evaluation_summary.json,extremes.wet_hit_rate,Wet-day hit rate,,one,,,1.0,0.23390166666666667,0.751207,0.7660983333333333,-0.014891333333333368,-0.03865933333333338,0.040391666666666715,Extremes,inside_v0_range
D_MTP_0__seed2__HR_prcp_DANRA__SIZE_128x128__LR_prcp_msl_thetae_pl_850_ERA5__LOSS_sdfweighted__HEADS_4__TIMESTEPS_56,D_MTP_0_seed2,D_MTP_0,2,/Users/au728490/ceddar_runs/models_and_samples/evaluation/D_MTP_0__seed2__HR_prcp_DANRA__SIZE_128x128__LR_prcp_msl_thetae_pl_850_ERA5__LOSS_sdfweighted__HEADS_4__TIMESTEPS_56/summary/evaluation_summary.json,extremes.wet_hit_rate,Wet-day hit rate,,one,,,1.0,0.23390166666666667,0.776435,0.7660983333333333,0.01033666666666666,-0.03865933333333338,0.040391666666666715,Extremes,inside_v0_range
D_MTP_1__HR_prcp_DANRA__SIZE_128x128__LR_prcp_msl_thetae_pl_850_ERA5__LOSS_sdfweighted__HEADS_4__TIMESTEPS_56,D_MTP_1,D_MTP_1,1,/Users/au728490/ceddar_runs/models_and_samples/evaluation/D_MTP_1__HR_prcp_DANRA__SIZE_128x128__LR_prcp_msl_thetae_pl_850_ERA5__LOSS_sdfweighted__HEADS_4__TIMESTEPS_56/summary/evaluation_summary.json,extremes.wet_hit_rate,Wet-day hit rate,,one,,,1.0,0.23390166666666667,0.747958,0.7660983333333333,-0.018140333333333314,-0.03865933333333338,0.040391666666666715,Extremes,inside_v0_range
D_MTP_1__seed2__HR_prcp_DANRA__SIZE_128x128__LR_prcp_msl_thetae_pl_850_ERA5__LOSS_sdfweighted__HEADS_4__TIMESTEPS_56,D_MTP_1_seed2,D_MTP_1,2,/Users/au728490/ceddar_runs/models_and_samples/evaluation/D_MTP_1__seed2__HR_prcp_DANRA__SIZE_128x128__LR_prcp_msl_thetae_pl_850_ERA5__LOSS_sdfweighted__HEADS_4__TIMESTEPS_56/summary/evaluation_summary.json,extremes.wet_hit_rate,Wet-day hit rate,,one,,,1.0,0.23390166666666667,0.763233,0.7660983333333333,-0.0028653333333332753,-0.03865933333333338,0.040391666666666715,Extremes,inside_v0_range
D_MTCP_1__HR_prcp_DANRA__SIZE_128x128__LR_prcp_msl_thetae_pl_850_cape_ERA5__LOSS_sdfweighted__HEADS_4__TIMESTEPS_56,D_MTCP_1,D_MTCP_1,1,/Users/au728490/ceddar_runs/models_and_samples/evaluation/D_MTCP_1__HR_prcp_DANRA__SIZE_128x128__LR_prcp_msl_thetae_pl_850_cape_ERA5__LOSS_sdfweighted__HEADS_4__TIMESTEPS_56/summary/evaluation_summary.json,extremes.wet_hit_rate,Wet-day hit rate,,one,,,1.0,0.23390166666666667,0.787259,0.7660983333333333,0.021160666666666716,-0.03865933333333338,0.040391666666666715,Extremes,inside_v0_range
D_MTCP_1__seed2__HR_prcp_DANRA__SIZE_128x128__LR_prcp_msl_thetae_pl_850_cape_ERA5__LOSS_sdfweighted__HEADS_4__TIMESTEPS_56,D_MTCP_1_seed2,D_MTCP_1,2,/Users/au728490/ceddar_runs/models_and_samples/evaluation/D_MTCP_1__seed2__HR_prcp_DANRA__SIZE_128x128__LR_prcp_msl_thetae_pl_850_cape_ERA5__LOSS_sdfweighted__HEADS_4__TIMESTEPS_56/summary/evaluation_summary.json,extremes.wet_hit_rate,Wet-day hit rate,,one,,,1.0,0.23390166666666667,0.763315,0.7660983333333333,-0.00278333333333336,-0.03865933333333338,0.040391666666666715,Extremes,inside_v0_range
D_MZIP_1__HR_prcp_DANRA__SIZE_128x128__LR_prcp_msl_z_pl_500_ewvf_nwvf_ERA5__LOSS_sdfweighted__HEADS_4__TIMESTEPS_56,D_MZIP_1,D_MZIP_1,1,/Users/au728490/ceddar_runs/models_and_samples/evaluation/D_MZIP_1__HR_prcp_DANRA__SIZE_128x128__LR_prcp_msl_z_pl_500_ewvf_nwvf_ERA5__LOSS_sdfweighted__HEADS_4__TIMESTEPS_56/summary/evaluation_summary.json,extremes.wet_hit_rate,Wet-day hit rate,,one,,,1.0,0.23390166666666667,0.799454,0.7660983333333333,0.03335566666666667,-0.03865933333333338,0.040391666666666715,Extremes,inside_v0_range
D_MZIP_1__seed2__HR_prcp_DANRA__SIZE_128x128__LR_prcp_msl_z_pl_500_ewvf_nwvf_ERA5__LOSS_sdfweighted__HEADS_4__TIMESTEPS_56,D_MZIP_1_seed2,D_MZIP_1,2,/Users/au728490/ceddar_runs/models_and_samples/evaluation/D_MZIP_1__seed2__HR_prcp_DANRA__SIZE_128x128__LR_prcp_msl_z_pl_500_ewvf_nwvf_ERA5__LOSS_sdfweighted__HEADS_4__TIMESTEPS_56/summary/evaluation_summary.json,extremes.wet_hit_rate,Wet-day hit rate,,one,,,1.0,0.23390166666666667,0.754314,0.7660983333333333,-0.011784333333333286,-0.03865933333333338,0.040391666666666715,Extremes,inside_v0_range
D_MT_1__HR_prcp_DANRA__SIZE_128x128__LR_msl_thetae_pl_850_ERA5__LOSS_sdfweighted__HEADS_4__TIMESTEPS_56,D_MT_1,D_MT_1,1,/Users/au728490/ceddar_runs/models_and_samples/evaluation/D_MT_1__HR_prcp_DANRA__SIZE_128x128__LR_msl_thetae_pl_850_ERA5__LOSS_sdfweighted__HEADS_4__TIMESTEPS_56/summary/evaluation_summary.json,extremes.wet_hit_rate,Wet-day hit rate,,one,,,1.0,0.23390166666666667,0.311818,0.7660983333333333,-0.45428033333333334,-0.03865933333333338,0.040391666666666715,Extremes,unfavourable
D_MT_1__seed2__HR_prcp_DANRA__SIZE_128x128__LR_msl_thetae_pl_850_ERA5__LOSS_sdfweighted__HEADS_4__TIMESTEPS_56,D_MT_1_seed2,D_MT_1,2,/Users/au728490/ceddar_runs/models_and_samples/evaluation/D_MT_1__seed2__HR_prcp_DANRA__SIZE_128x128__LR_msl_thetae_pl_850_ERA5__LOSS_sdfweighted__HEADS_4__TIMESTEPS_56/summary/evaluation_summary.json,extremes.wet_hit_rate,Wet-day hit rate,,one,,,1.0,0.23390166666666667,0.283214,0.7660983333333333,-0.4828843333333333,-0.03865933333333338,0.040391666666666715,Extremes,unfavourable
D_MTC_1__HR_prcp_DANRA__SIZE_128x128__LR_msl_thetae_pl_850_cape_ERA5__LOSS_sdfweighted__HEADS_4__TIMESTEPS_56,D_MTC_1,D_MTC_1,1,/Users/au728490/ceddar_runs/models_and_samples/evaluation/D_MTC_1__HR_prcp_DANRA__SIZE_128x128__LR_msl_thetae_pl_850_cape_ERA5__LOSS_sdfweighted__HEADS_4__TIMESTEPS_56/summary/evaluation_summary.json,extremes.wet_hit_rate,Wet-day hit rate,,one,,,1.0,0.23390166666666667,0.360951,0.7660983333333333,-0.4051473333333333,-0.03865933333333338,0.040391666666666715,Extremes,unfavourable
D_MTC_1__seed2__HR_prcp_DANRA__SIZE_128x128__LR_msl_thetae_pl_850_cape_ERA5__LOSS_sdfweighted__HEADS_4__TIMESTEPS_56,D_MTC_1_seed2,D_MTC_1,2,/Users/au728490/ceddar_runs/models_and_samples/evaluation/D_MTC_1__seed2__HR_prcp_DANRA__SIZE_128x128__LR_msl_thetae_pl_850_cape_ERA5__LOSS_sdfweighted__HEADS_4__TIMESTEPS_56/summary/evaluation_summary.json,extremes.wet_hit_rate,Wet-day hit rate,,one,,,1.0,0.23390166666666667,0.501373,0.7660983333333333,-0.26472533333333337,-0.03865933333333338,0.040391666666666715,Extremes,unfavourable
C_10__HR_prcp_DANRA__SIZE_128x128__LR_prcp_ERA5__LOSS_sdfweighted__HEADS_4__TIMESTEPS_56,C_10,C_10,1,/Users/au728490/ceddar_runs/models_and_samples/evaluation/C_10__HR_prcp_DANRA__SIZE_128x128__LR_prcp_ERA5__LOSS_sdfweighted__HEADS_4__TIMESTEPS_56/summary/evaluation_summary.json,features.gen_ens_SAL,SAL,,zero,,,0.0,0.391192422135968,0.3658305106334798,0.391192422135968,0.025361911502488177,-0.029082169269920077,0.022005897770114302,Features,favourable
C_10__seed2__HR_prcp_DANRA__SIZE_128x128__LR_prcp_ERA5__LOSS_sdfweighted__HEADS_4__TIMESTEPS_56,C_10_seed2,C_10,2,/Users/au728490/ceddar_runs/models_and_samples/evaluation/C_10__seed2__HR_prcp_DANRA__SIZE_128x128__LR_prcp_ERA5__LOSS_sdfweighted__HEADS_4__TIMESTEPS_56/summary/evaluation_summary.json,features.gen_ens_SAL,SAL,,zero,,,0.0,0.391192422135968,0.3016603341753232,0.391192422135968,0.08953208796064482,-0.029082169269920077,0.022005897770114302,Features,favourable
V0_C_0__HR_prcp_DANRA__SIZE_128x128__LR_prcp_cape_ERA5__LOSS_sdfweighted__HEADS_4__TIMESTEPS_56,V0_C_0,V0_C_0,1,/Users/au728490/ceddar_runs/models_and_samples/evaluation/V0_C_0__HR_prcp_DANRA__SIZE_128x128__LR_prcp_cape_ERA5__LOSS_sdfweighted__HEADS_4__TIMESTEPS_56/summary/evaluation_summary.json,features.gen_ens_SAL,SAL,,zero,,,0.0,0.391192422135968,0.44241248389810156,0.391192422135968,-0.05122006176213356,-0.029082169269920077,0.022005897770114302,Features,unfavourable
V0_C_0__seed2__HR_prcp_DANRA__SIZE_128x128__LR_prcp_cape_ERA5__LOSS_sdfweighted__HEADS_4__TIMESTEPS_56,V0_C_0_seed2,V0_C_0,2,/Users/au728490/ceddar_runs/models_and_samples/evaluation/V0_C_0__seed2__HR_prcp_DANRA__SIZE_128x128__LR_prcp_cape_ERA5__LOSS_sdfweighted__HEADS_4__TIMESTEPS_56/summary/evaluation_summary.json,features.gen_ens_SAL,SAL,,zero,,,0.0,0.391192422135968,0.2838652317377019,0.391192422135968,0.1073271903982661,-0.029082169269920077,0.022005897770114302,Features,favourable
V0_C_1__HR_prcp_DANRA__SIZE_128x128__LR_prcp_cape_ERA5__LOSS_sdfweighted__HEADS_4__TIMESTEPS_56,V0_C_1,V0_C_1,1,/Users/au728490/ceddar_runs/models_and_samples/evaluation/V0_C_1__HR_prcp_DANRA__SIZE_128x128__LR_prcp_cape_ERA5__LOSS_sdfweighted__HEADS_4__TIMESTEPS_56/summary/evaluation_summary.json,features.gen_ens_SAL,SAL,,zero,,,0.0,0.391192422135968,0.3141065048267804,0.391192422135968,0.07708591730918762,-0.029082169269920077,0.022005897770114302,Features,favourable
V0_C_1__seed2__HR_prcp_DANRA__SIZE_128x128__LR_prcp_cape_ERA5__LOSS_sdfweighted__HEADS_4__TIMESTEPS_56,V0_C_1_seed2,V0_C_1,2,/Users/au728490/ceddar_runs/models_and_samples/evaluation/V0_C_1__seed2__HR_prcp_DANRA__SIZE_128x128__LR_prcp_cape_ERA5__LOSS_sdfweighted__HEADS_4__TIMESTEPS_56/summary/evaluation_summary.json,features.gen_ens_SAL,SAL,,zero,,,0.0,0.391192422135968,0.3285897089154967,0.391192422135968,0.06260271322047128,-0.029082169269920077,0.022005897770114302,Features,favourable
V0_I_0__HR_prcp_DANRA__SIZE_128x128__LR_prcp_ewvf_nwvf_ERA5__LOSS_sdfweighted__HEADS_4__TIMESTEPS_56,V0_I_0,V0_I_0,1,/Users/au728490/ceddar_runs/models_and_samples/evaluation/V0_I_0__HR_prcp_DANRA__SIZE_128x128__LR_prcp_ewvf_nwvf_ERA5__LOSS_sdfweighted__HEADS_4__TIMESTEPS_56/summary/evaluation_summary.json,features.gen_ens_SAL,SAL,,zero,,,0.0,0.391192422135968,0.3223549067031968,0.391192422135968,0.06883751543277122,-0.029082169269920077,0.022005897770114302,Features,favourable
V0_I_0__seed2__HR_prcp_DANRA__SIZE_128x128__LR_prcp_ewvf_nwvf_ERA5__LOSS_sdfweighted__HEADS_4__TIMESTEPS_56,V0_I_0_seed2,V0_I_0,2,/Users/au728490/ceddar_runs/models_and_samples/evaluation/V0_I_0__seed2__HR_prcp_DANRA__SIZE_128x128__LR_prcp_ewvf_nwvf_ERA5__LOSS_sdfweighted__HEADS_4__TIMESTEPS_56/summary/evaluation_summary.json,features.gen_ens_SAL,SAL,,zero,,,0.0,0.391192422135968,0.3811517414485337,0.391192422135968,0.0100406806874343,-0.029082169269920077,0.022005897770114302,Features,inside_v0_range
V0_I_1__HR_prcp_DANRA__SIZE_128x128__LR_prcp_ewvf_nwvf_ERA5__LOSS_sdfweighted__HEADS_4__TIMESTEPS_56,V0_I_1,V0_I_1,1,/Users/au728490/ceddar_runs/models_and_samples/evaluation/V0_I_1__HR_prcp_DANRA__SIZE_128x128__LR_prcp_ewvf_nwvf_ERA5__LOSS_sdfweighted__HEADS_4__TIMESTEPS_56/summary/evaluation_summary.json,features.gen_ens_SAL,SAL,,zero,,,0.0,0.391192422135968,0.4921227801301288,0.391192422135968,-0.10093035799416078,-0.029082169269920077,0.022005897770114302,Features,unfavourable
V0_I_1__seed2__HR_prcp_DANRA__SIZE_128x128__LR_prcp_ewvf_nwvf_ERA5__LOSS_sdfweighted__HEADS_4__TIMESTEPS_56,V0_I_1_seed2,V0_I_1,2,/Users/au728490/ceddar_runs/models_and_samples/evaluation/V0_I_1__seed2__HR_prcp_DANRA__SIZE_128x128__LR_prcp_ewvf_nwvf_ERA5__LOSS_sdfweighted__HEADS_4__TIMESTEPS_56/summary/evaluation_summary.json,features.gen_ens_SAL,SAL,,zero,,,0.0,0.391192422135968,0.5064503347751516,0.391192422135968,-0.11525791263918356,-0.029082169269920077,0.022005897770114302,Features,unfavourable
V0_M_0__HR_prcp_DANRA__SIZE_128x128__LR_prcp_msl_ERA5__LOSS_sdfweighted__HEADS_4__TIMESTEPS_56,V0_M_0,V0_M_0,1,/Users/au728490/ceddar_runs/models_and_samples/evaluation/V0_M_0__HR_prcp_DANRA__SIZE_128x128__LR_prcp_msl_ERA5__LOSS_sdfweighted__HEADS_4__TIMESTEPS_56/summary/evaluation_summary.json,features.gen_ens_SAL,SAL,,zero,,,0.0,0.391192422135968,0.4324290313767092,0.391192422135968,-0.041236609240741184,-0.029082169269920077,0.022005897770114302,Features,unfavourable
V0_M_0__seed2__HR_prcp_DANRA__SIZE_128x128__LR_prcp_msl_ERA5__LOSS_sdfweighted__HEADS_4__TIMESTEPS_56,V0_M_0_seed2,V0_M_0,2,/Users/au728490/ceddar_runs/models_and_samples/evaluation/V0_M_0__seed2__HR_prcp_DANRA__SIZE_128x128__LR_prcp_msl_ERA5__LOSS_sdfweighted__HEADS_4__TIMESTEPS_56/summary/evaluation_summary.json,features.gen_ens_SAL,SAL,,zero,,,0.0,0.391192422135968,0.30627708005794574,0.391192422135968,0.08491534207802226,-0.029082169269920077,0.022005897770114302,Features,favourable
V0_M_1__HR_prcp_DANRA__SIZE_128x128__LR_prcp_msl_ERA5__LOSS_sdfweighted__HEADS_4__TIMESTEPS_56,V0_M_1,V0_M_1,1,/Users/au728490/ceddar_runs/models_and_samples/evaluation/V0_M_1__HR_prcp_DANRA__SIZE_128x128__LR_prcp_msl_ERA5__LOSS_sdfweighted__HEADS_4__TIMESTEPS_56/summary/evaluation_summary.json,features.gen_ens_SAL,SAL,,zero,,,0.0,0.391192422135968,0.4091534987903654,0.391192422135968,-0.01796107665439739,-0.029082169269920077,0.022005897770114302,Features,inside_v0_range
V0_M_1__seed2__HR_prcp_DANRA__SIZE_128x128__LR_prcp_msl_ERA5__LOSS_sdfweighted__HEADS_4__TIMESTEPS_56,V0_M_1_seed2,V0_M_1,2,/Users/au728490/ceddar_runs/models_and_samples/evaluation/V0_M_1__seed2__HR_prcp_DANRA__SIZE_128x128__LR_prcp_msl_ERA5__LOSS_sdfweighted__HEADS_4__TIMESTEPS_56/summary/evaluation_summary.json,features.gen_ens_SAL,SAL,,zero,,,0.0,0.391192422135968,0.30714900589045724,0.391192422135968,0.08404341624551076,-0.029082169269920077,0.022005897770114302,Features,favourable
V0_T_0__HR_prcp_DANRA__SIZE_128x128__LR_prcp_thetae_pl_850_ERA5__LOSS_sdfweighted__HEADS_4__TIMESTEPS_56,V0_T_0,V0_T_0,1,/Users/au728490/ceddar_runs/models_and_samples/evaluation/V0_T_0__HR_prcp_DANRA__SIZE_128x128__LR_prcp_thetae_pl_850_ERA5__LOSS_sdfweighted__HEADS_4__TIMESTEPS_56/summary/evaluation_summary.json,features.gen_ens_SAL,SAL,,zero,,,0.0,0.391192422135968,0.39836208235361814,0.391192422135968,-0.007169660217650142,-0.029082169269920077,0.022005897770114302,Features,inside_v0_range
V0_T_0__seed2__HR_prcp_DANRA__SIZE_128x128__LR_prcp_thetae_pl_850_ERA5__LOSS_sdfweighted__HEADS_4__TIMESTEPS_56,V0_T_0_seed2,V0_T_0,2,/Users/au728490/ceddar_runs/models_and_samples/evaluation/V0_T_0__seed2__HR_prcp_DANRA__SIZE_128x128__LR_prcp_thetae_pl_850_ERA5__LOSS_sdfweighted__HEADS_4__TIMESTEPS_56/summary/evaluation_summary.json,features.gen_ens_SAL,SAL,,zero,,,0.0,0.391192422135968,0.33999873599215236,0.391192422135968,0.05119368614381564,-0.029082169269920077,0.022005897770114302,Features,favourable
V0_T_1__HR_prcp_DANRA__SIZE_128x128__LR_prcp_thetae_pl_850_ERA5__LOSS_sdfweighted__HEADS_4__TIMESTEPS_56,V0_T_1,V0_T_1,1,/Users/au728490/ceddar_runs/models_and_samples/evaluation/V0_T_1__HR_prcp_DANRA__SIZE_128x128__LR_prcp_thetae_pl_850_ERA5__LOSS_sdfweighted__HEADS_4__TIMESTEPS_56/summary/evaluation_summary.json,features.gen_ens_SAL,SAL,,zero,,,0.0,0.391192422135968,0.28562947615878825,0.391192422135968,0.10556294597717975,-0.029082169269920077,0.022005897770114302,Features,favourable
V0_T_1__seed2__HR_prcp_DANRA__SIZE_128x128__LR_prcp_thetae_pl_850_ERA5__LOSS_sdfweighted__HEADS_4__TIMESTEPS_56,V0_T_1_seed2,V0_T_1,2,/Users/au728490/ceddar_runs/models_and_samples/evaluation/V0_T_1__seed2__HR_prcp_DANRA__SIZE_128x128__LR_prcp_thetae_pl_850_ERA5__LOSS_sdfweighted__HEADS_4__TIMESTEPS_56/summary/evaluation_summary.json,features.gen_ens_SAL,SAL,,zero,,,0.0,0.391192422135968,0.37020380116947826,0.391192422135968,0.020988620966489735,-0.029082169269920077,0.022005897770114302,Features,inside_v0_range
V0_Z_0__HR_prcp_DANRA__SIZE_128x128__LR_prcp_z_pl_500_ERA5__LOSS_sdfweighted__HEADS_4__TIMESTEPS_56,V0_Z_0,V0_Z_0,1,/Users/au728490/ceddar_runs/models_and_samples/evaluation/V0_Z_0__HR_prcp_DANRA__SIZE_128x128__LR_prcp_z_pl_500_ERA5__LOSS_sdfweighted__HEADS_4__TIMESTEPS_56/summary/evaluation_summary.json,features.gen_ens_SAL,SAL,,zero,,,0.0,0.391192422135968,0.45376748130093764,0.391192422135968,-0.06257505916496964,-0.029082169269920077,0.022005897770114302,Features,unfavourable
V0_Z_0__seed2__HR_prcp_DANRA__SIZE_128x128__LR_prcp_z_pl_500_ERA5__LOSS_sdfweighted__HEADS_4__TIMESTEPS_56,V0_Z_0_seed2,V0_Z_0,2,/Users/au728490/ceddar_runs/models_and_samples/evaluation/V0_Z_0__seed2__HR_prcp_DANRA__SIZE_128x128__LR_prcp_z_pl_500_ERA5__LOSS_sdfweighted__HEADS_4__TIMESTEPS_56/summary/evaluation_summary.json,features.gen_ens_SAL,SAL,,zero,,,0.0,0.391192422135968,0.38341746663417425,0.391192422135968,0.0077749555017937455,-0.029082169269920077,0.022005897770114302,Features,inside_v0_range
V0_Z_1__HR_prcp_DANRA__SIZE_128x128__LR_prcp_z_pl_500_ERA5__LOSS_sdfweighted__HEADS_4__TIMESTEPS_56,V0_Z_1,V0_Z_1,1,/Users/au728490/ceddar_runs/models_and_samples/evaluation/V0_Z_1__HR_prcp_DANRA__SIZE_128x128__LR_prcp_z_pl_500_ERA5__LOSS_sdfweighted__HEADS_4__TIMESTEPS_56/summary/evaluation_summary.json,features.gen_ens_SAL,SAL,,zero,,,0.0,0.391192422135968,0.31466723126787344,0.391192422135968,0.07652519086809456,-0.029082169269920077,0.022005897770114302,Features,favourable
V0_Z_1__seed2__HR_prcp_DANRA__SIZE_128x128__LR_prcp_z_pl_500_ERA5__LOSS_sdfweighted__HEADS_4__TIMESTEPS_56,V0_Z_1_seed2,V0_Z_1,2,/Users/au728490/ceddar_runs/models_and_samples/evaluation/V0_Z_1__seed2__HR_prcp_DANRA__SIZE_128x128__LR_prcp_z_pl_500_ERA5__LOSS_sdfweighted__HEADS_4__TIMESTEPS_56/summary/evaluation_summary.json,features.gen_ens_SAL,SAL,,zero,,,0.0,0.391192422135968,0.2743417812586616,0.391192422135968,0.1168506408773064,-0.029082169269920077,0.022005897770114302,Features,favourable
D_IP_1__HR_prcp_DANRA__SIZE_128x128__LR_prcp_ewvf_nwvf_ERA5__LOSS_sdfweighted__HEADS_4__TIMESTEPS_56,D_IP_1,D_IP_1,1,/Users/au728490/ceddar_runs/models_and_samples/evaluation/D_IP_1__HR_prcp_DANRA__SIZE_128x128__LR_prcp_ewvf_nwvf_ERA5__LOSS_sdfweighted__HEADS_4__TIMESTEPS_56/summary/evaluation_summary.json,features.gen_ens_SAL,SAL,,zero,,,0.0,0.391192422135968,0.34747006441973305,0.391192422135968,0.04372235771623495,-0.029082169269920077,0.022005897770114302,Features,favourable
D_IP_1__seed2__HR_prcp_DANRA__SIZE_128x128__LR_prcp_ewvf_nwvf_ERA5__LOSS_sdfweighted__HEADS_4__TIMESTEPS_56,D_IP_1_seed2,D_IP_1,2,/Users/au728490/ceddar_runs/models_and_samples/evaluation/D_IP_1__seed2__HR_prcp_DANRA__SIZE_128x128__LR_prcp_ewvf_nwvf_ERA5__LOSS_sdfweighted__HEADS_4__TIMESTEPS_56/summary/evaluation_summary.json,features.gen_ens_SAL,SAL,,zero,,,0.0,0.391192422135968,0.3733122665393666,0.391192422135968,0.017880155596601388,-0.029082169269920077,0.022005897770114302,Features,inside_v0_range
D_MZP_1__HR_prcp_DANRA__SIZE_128x128__LR_prcp_msl_z_pl_500_ERA5__LOSS_sdfweighted__HEADS_4__TIMESTEPS_56,D_MZP_1,D_MZP_1,1,/Users/au728490/ceddar_runs/models_and_samples/evaluation/D_MZP_1__HR_prcp_DANRA__SIZE_128x128__LR_prcp_msl_z_pl_500_ERA5__LOSS_sdfweighted__HEADS_4__TIMESTEPS_56/summary/evaluation_summary.json,features.gen_ens_SAL,SAL,,zero,,,0.0,0.391192422135968,0.4245853437219521,0.391192422135968,-0.033392921585984114,-0.029082169269920077,0.022005897770114302,Features,unfavourable
D_MZP_1__seed2__HR_prcp_DANRA__SIZE_128x128__LR_prcp_msl_z_pl_500_ERA5__LOSS_sdfweighted__HEADS_4__TIMESTEPS_56,D_MZP_1_seed2,D_MZP_1,2,/Users/au728490/ceddar_runs/models_and_samples/evaluation/D_MZP_1__seed2__HR_prcp_DANRA__SIZE_128x128__LR_prcp_msl_z_pl_500_ERA5__LOSS_sdfweighted__HEADS_4__TIMESTEPS_56/summary/evaluation_summary.json,features.gen_ens_SAL,SAL,,zero,,,0.0,0.391192422135968,0.38700599124626084,0.391192422135968,0.00418643088970716,-0.029082169269920077,0.022005897770114302,Features,inside_v0_range
D_MTP_0__HR_prcp_DANRA__SIZE_128x128__LR_prcp_msl_thetae_pl_850_ERA5__LOSS_sdfweighted__HEADS_4__TIMESTEPS_56,D_MTP_0,D_MTP_0,1,/Users/au728490/ceddar_runs/models_and_samples/evaluation/D_MTP_0__HR_prcp_DANRA__SIZE_128x128__LR_prcp_msl_thetae_pl_850_ERA5__LOSS_sdfweighted__HEADS_4__TIMESTEPS_56/summary/evaluation_summary.json,features.gen_ens_SAL,SAL,,zero,,,0.0,0.391192422135968,0.37873239769077693,0.391192422135968,0.012460024445191065,-0.029082169269920077,0.022005897770114302,Features,inside_v0_range
D_MTP_0__seed2__HR_prcp_DANRA__SIZE_128x128__LR_prcp_msl_thetae_pl_850_ERA5__LOSS_sdfweighted__HEADS_4__TIMESTEPS_56,D_MTP_0_seed2,D_MTP_0,2,/Users/au728490/ceddar_runs/models_and_samples/evaluation/D_MTP_0__seed2__HR_prcp_DANRA__SIZE_128x128__LR_prcp_msl_thetae_pl_850_ERA5__LOSS_sdfweighted__HEADS_4__TIMESTEPS_56/summary/evaluation_summary.json,features.gen_ens_SAL,SAL,,zero,,,0.0,0.391192422135968,0.3611094980524932,0.391192422135968,0.030082924083474794,-0.029082169269920077,0.022005897770114302,Features,favourable
D_MTP_1__HR_prcp_DANRA__SIZE_128x128__LR_prcp_msl_thetae_pl_850_ERA5__LOSS_sdfweighted__HEADS_4__TIMESTEPS_56,D_MTP_1,D_MTP_1,1,/Users/au728490/ceddar_runs/models_and_samples/evaluation/D_MTP_1__HR_prcp_DANRA__SIZE_128x128__LR_prcp_msl_thetae_pl_850_ERA5__LOSS_sdfweighted__HEADS_4__TIMESTEPS_56/summary/evaluation_summary.json,features.gen_ens_SAL,SAL,,zero,,,0.0,0.391192422135968,0.28907334802864704,0.391192422135968,0.10211907410732096,-0.029082169269920077,0.022005897770114302,Features,favourable
D_MTP_1__seed2__HR_prcp_DANRA__SIZE_128x128__LR_prcp_msl_thetae_pl_850_ERA5__LOSS_sdfweighted__HEADS_4__TIMESTEPS_56,D_MTP_1_seed2,D_MTP_1,2,/Users/au728490/ceddar_runs/models_and_samples/evaluation/D_MTP_1__seed2__HR_prcp_DANRA__SIZE_128x128__LR_prcp_msl_thetae_pl_850_ERA5__LOSS_sdfweighted__HEADS_4__TIMESTEPS_56/summary/evaluation_summary.json,features.gen_ens_SAL,SAL,,zero,,,0.0,0.391192422135968,0.35078123304942016,0.391192422135968,0.04041118908654784,-0.029082169269920077,0.022005897770114302,Features,favourable
D_MTCP_1__HR_prcp_DANRA__SIZE_128x128__LR_prcp_msl_thetae_pl_850_cape_ERA5__LOSS_sdfweighted__HEADS_4__TIMESTEPS_56,D_MTCP_1,D_MTCP_1,1,/Users/au728490/ceddar_runs/models_and_samples/evaluation/D_MTCP_1__HR_prcp_DANRA__SIZE_128x128__LR_prcp_msl_thetae_pl_850_cape_ERA5__LOSS_sdfweighted__HEADS_4__TIMESTEPS_56/summary/evaluation_summary.json,features.gen_ens_SAL,SAL,,zero,,,0.0,0.391192422135968,0.3578521855594864,0.391192422135968,0.03334023657648161,-0.029082169269920077,0.022005897770114302,Features,favourable
D_MTCP_1__seed2__HR_prcp_DANRA__SIZE_128x128__LR_prcp_msl_thetae_pl_850_cape_ERA5__LOSS_sdfweighted__HEADS_4__TIMESTEPS_56,D_MTCP_1_seed2,D_MTCP_1,2,/Users/au728490/ceddar_runs/models_and_samples/evaluation/D_MTCP_1__seed2__HR_prcp_DANRA__SIZE_128x128__LR_prcp_msl_thetae_pl_850_cape_ERA5__LOSS_sdfweighted__HEADS_4__TIMESTEPS_56/summary/evaluation_summary.json,features.gen_ens_SAL,SAL,,zero,,,0.0,0.391192422135968,0.4094123543145144,0.391192422135968,-0.018219932178546394,-0.029082169269920077,0.022005897770114302,Features,inside_v0_range
D_MZIP_1__HR_prcp_DANRA__SIZE_128x128__LR_prcp_msl_z_pl_500_ewvf_nwvf_ERA5__LOSS_sdfweighted__HEADS_4__TIMESTEPS_56,D_MZIP_1,D_MZIP_1,1,/Users/au728490/ceddar_runs/models_and_samples/evaluation/D_MZIP_1__HR_prcp_DANRA__SIZE_128x128__LR_prcp_msl_z_pl_500_ewvf_nwvf_ERA5__LOSS_sdfweighted__HEADS_4__TIMESTEPS_56/summary/evaluation_summary.json,features.gen_ens_SAL,SAL,,zero,,,0.0,0.391192422135968,0.2818632299750625,0.391192422135968,0.10932919216090548,-0.029082169269920077,0.022005897770114302,Features,favourable
D_MZIP_1__seed2__HR_prcp_DANRA__SIZE_128x128__LR_prcp_msl_z_pl_500_ewvf_nwvf_ERA5__LOSS_sdfweighted__HEADS_4__TIMESTEPS_56,D_MZIP_1_seed2,D_MZIP_1,2,/Users/au728490/ceddar_runs/models_and_samples/evaluation/D_MZIP_1__seed2__HR_prcp_DANRA__SIZE_128x128__LR_prcp_msl_z_pl_500_ewvf_nwvf_ERA5__LOSS_sdfweighted__HEADS_4__TIMESTEPS_56/summary/evaluation_summary.json,features.gen_ens_SAL,SAL,,zero,,,0.0,0.391192422135968,0.38237279548258785,0.391192422135968,0.008819626653380153,-0.029082169269920077,0.022005897770114302,Features,inside_v0_range
D_MT_1__HR_prcp_DANRA__SIZE_128x128__LR_msl_thetae_pl_850_ERA5__LOSS_sdfweighted__HEADS_4__TIMESTEPS_56,D_MT_1,D_MT_1,1,/Users/au728490/ceddar_runs/models_and_samples/evaluation/D_MT_1__HR_prcp_DANRA__SIZE_128x128__LR_msl_thetae_pl_850_ERA5__LOSS_sdfweighted__HEADS_4__TIMESTEPS_56/summary/evaluation_summary.json,features.gen_ens_SAL,SAL,,zero,,,0.0,0.391192422135968,0.8074713160942946,0.391192422135968,-0.41627889395832657,-0.029082169269920077,0.022005897770114302,Features,unfavourable
D_MT_1__seed2__HR_prcp_DANRA__SIZE_128x128__LR_msl_thetae_pl_850_ERA5__LOSS_sdfweighted__HEADS_4__TIMESTEPS_56,D_MT_1_seed2,D_MT_1,2,/Users/au728490/ceddar_runs/models_and_samples/evaluation/D_MT_1__seed2__HR_prcp_DANRA__SIZE_128x128__LR_msl_thetae_pl_850_ERA5__LOSS_sdfweighted__HEADS_4__TIMESTEPS_56/summary/evaluation_summary.json,features.gen_ens_SAL,SAL,,zero,,,0.0,0.391192422135968,1.0435786587337084,0.391192422135968,-0.6523862365977404,-0.029082169269920077,0.022005897770114302,Features,unfavourable
D_MTC_1__HR_prcp_DANRA__SIZE_128x128__LR_msl_thetae_pl_850_cape_ERA5__LOSS_sdfweighted__HEADS_4__TIMESTEPS_56,D_MTC_1,D_MTC_1,1,/Users/au728490/ceddar_runs/models_and_samples/evaluation/D_MTC_1__HR_prcp_DANRA__SIZE_128x128__LR_msl_thetae_pl_850_cape_ERA5__LOSS_sdfweighted__HEADS_4__TIMESTEPS_56/summary/evaluation_summary.json,features.gen_ens_SAL,SAL,,zero,,,0.0,0.391192422135968,0.7704662010570638,0.391192422135968,-0.37927377892109576,-0.029082169269920077,0.022005897770114302,Features,unfavourable
D_MTC_1__seed2__HR_prcp_DANRA__SIZE_128x128__LR_msl_thetae_pl_850_cape_ERA5__LOSS_sdfweighted__HEADS_4__TIMESTEPS_56,D_MTC_1_seed2,D_MTC_1,2,/Users/au728490/ceddar_runs/models_and_samples/evaluation/D_MTC_1__seed2__HR_prcp_DANRA__SIZE_128x128__LR_msl_thetae_pl_850_cape_ERA5__LOSS_sdfweighted__HEADS_4__TIMESTEPS_56/summary/evaluation_summary.json,features.gen_ens_SAL,SAL,,zero,,,0.0,0.391192422135968,0.5761229104355421,0.391192422135968,-0.1849304882995741,-0.029082169269920077,0.022005897770114302,Features,unfavourable
C_10__HR_prcp_DANRA__SIZE_128x128__LR_prcp_ERA5__LOSS_sdfweighted__HEADS_4__TIMESTEPS_56,C_10,C_10,1,/Users/au728490/ceddar_runs/models_and_samples/evaluation/C_10__HR_prcp_DANRA__SIZE_128x128__LR_prcp_ERA5__LOSS_sdfweighted__HEADS_4__TIMESTEPS_56/summary/evaluation_summary.json,features.gen_ens_S,SAL structure component,,zero,,,0.0,0.026014184138153772,0.2834804384912454,0.026014184138153772,-0.2574662543530916,-0.08150099063105809,0.16278719663675192,Features,unfavourable
C_10__seed2__HR_prcp_DANRA__SIZE_128x128__LR_prcp_ERA5__LOSS_sdfweighted__HEADS_4__TIMESTEPS_56,C_10_seed2,C_10,2,/Users/au728490/ceddar_runs/models_and_samples/evaluation/C_10__seed2__HR_prcp_DANRA__SIZE_128x128__LR_prcp_ERA5__LOSS_sdfweighted__HEADS_4__TIMESTEPS_56/summary/evaluation_summary.json,features.gen_ens_S,SAL structure component,,zero,,,0.0,0.026014184138153772,-0.013938572221939274,0.026014184138153772,0.039952756360093045,-0.08150099063105809,0.16278719663675192,Features,inside_v0_range
V0_C_0__HR_prcp_DANRA__SIZE_128x128__LR_prcp_cape_ERA5__LOSS_sdfweighted__HEADS_4__TIMESTEPS_56,V0_C_0,V0_C_0,1,/Users/au728490/ceddar_runs/models_and_samples/evaluation/V0_C_0__HR_prcp_DANRA__SIZE_128x128__LR_prcp_cape_ERA5__LOSS_sdfweighted__HEADS_4__TIMESTEPS_56/summary/evaluation_summary.json,features.gen_ens_S,SAL structure component,,zero,,,0.0,0.026014184138153772,-0.08207836483728762,0.026014184138153772,0.10809254897544139,-0.08150099063105809,0.16278719663675192,Features,inside_v0_range
V0_C_0__seed2__HR_prcp_DANRA__SIZE_128x128__LR_prcp_cape_ERA5__LOSS_sdfweighted__HEADS_4__TIMESTEPS_56,V0_C_0_seed2,V0_C_0,2,/Users/au728490/ceddar_runs/models_and_samples/evaluation/V0_C_0__seed2__HR_prcp_DANRA__SIZE_128x128__LR_prcp_cape_ERA5__LOSS_sdfweighted__HEADS_4__TIMESTEPS_56/summary/evaluation_summary.json,features.gen_ens_S,SAL structure component,,zero,,,0.0,0.026014184138153772,-0.030069381187431018,0.026014184138153772,0.05608356532558479,-0.08150099063105809,0.16278719663675192,Features,inside_v0_range
V0_C_1__HR_prcp_DANRA__SIZE_128x128__LR_prcp_cape_ERA5__LOSS_sdfweighted__HEADS_4__TIMESTEPS_56,V0_C_1,V0_C_1,1,/Users/au728490/ceddar_runs/models_and_samples/evaluation/V0_C_1__HR_prcp_DANRA__SIZE_128x128__LR_prcp_cape_ERA5__LOSS_sdfweighted__HEADS_4__TIMESTEPS_56/summary/evaluation_summary.json,features.gen_ens_S,SAL structure component,,zero,,,0.0,0.026014184138153772,-0.10115806483259461,0.026014184138153772,0.12717224897074839,-0.08150099063105809,0.16278719663675192,Features,inside_v0_range
V0_C_1__seed2__HR_prcp_DANRA__SIZE_128x128__LR_prcp_cape_ERA5__LOSS_sdfweighted__HEADS_4__TIMESTEPS_56,V0_C_1_seed2,V0_C_1,2,/Users/au728490/ceddar_runs/models_and_samples/evaluation/V0_C_1__seed2__HR_prcp_DANRA__SIZE_128x128__LR_prcp_cape_ERA5__LOSS_sdfweighted__HEADS_4__TIMESTEPS_56/summary/evaluation_summary.json,features.gen_ens_S,SAL structure component,,zero,,,0.0,0.026014184138153772,-0.12965768964763552,0.026014184138153772,0.15567187378578928,-0.08150099063105809,0.16278719663675192,Features,inside_v0_range
V0_I_0__HR_prcp_DANRA__SIZE_128x128__LR_prcp_ewvf_nwvf_ERA5__LOSS_sdfweighted__HEADS_4__TIMESTEPS_56,V0_I_0,V0_I_0,1,/Users/au728490/ceddar_runs/models_and_samples/evaluation/V0_I_0__HR_prcp_DANRA__SIZE_128x128__LR_prcp_ewvf_nwvf_ERA5__LOSS_sdfweighted__HEADS_4__TIMESTEPS_56/summary/evaluation_summary.json,features.gen_ens_S,SAL structure component,,zero,,,0.0,0.026014184138153772,0.04354891649468838,0.026014184138153772,-0.017534732356534608,-0.08150099063105809,0.16278719663675192,Features,inside_v0_range
V0_I_0__seed2__HR_prcp_DANRA__SIZE_128x128__LR_prcp_ewvf_nwvf_ERA5__LOSS_sdfweighted__HEADS_4__TIMESTEPS_56,V0_I_0_seed2,V0_I_0,2,/Users/au728490/ceddar_runs/models_and_samples/evaluation/V0_I_0__seed2__HR_prcp_DANRA__SIZE_128x128__LR_prcp_ewvf_nwvf_ERA5__LOSS_sdfweighted__HEADS_4__TIMESTEPS_56/summary/evaluation_summary.json,features.gen_ens_S,SAL structure component,,zero,,,0.0,0.026014184138153772,-0.020327643749569052,0.026014184138153772,0.04634182788772283,-0.08150099063105809,0.16278719663675192,Features,inside_v0_range
V0_I_1__HR_prcp_DANRA__SIZE_128x128__LR_prcp_ewvf_nwvf_ERA5__LOSS_sdfweighted__HEADS_4__TIMESTEPS_56,V0_I_1,V0_I_1,1,/Users/au728490/ceddar_runs/models_and_samples/evaluation/V0_I_1__HR_prcp_DANRA__SIZE_128x128__LR_prcp_ewvf_nwvf_ERA5__LOSS_sdfweighted__HEADS_4__TIMESTEPS_56/summary/evaluation_summary.json,features.gen_ens_S,SAL structure component,,zero,,,0.0,0.026014184138153772,-0.11909790233248597,0.026014184138153772,0.14511208647063975,-0.08150099063105809,0.16278719663675192,Features,inside_v0_range
V0_I_1__seed2__HR_prcp_DANRA__SIZE_128x128__LR_prcp_ewvf_nwvf_ERA5__LOSS_sdfweighted__HEADS_4__TIMESTEPS_56,V0_I_1_seed2,V0_I_1,2,/Users/au728490/ceddar_runs/models_and_samples/evaluation/V0_I_1__seed2__HR_prcp_DANRA__SIZE_128x128__LR_prcp_ewvf_nwvf_ERA5__LOSS_sdfweighted__HEADS_4__TIMESTEPS_56/summary/evaluation_summary.json,features.gen_ens_S,SAL structure component,,zero,,,0.0,0.026014184138153772,0.3192005492770731,0.026014184138153772,-0.2931863651389193,-0.08150099063105809,0.16278719663675192,Features,unfavourable
V0_M_0__HR_prcp_DANRA__SIZE_128x128__LR_prcp_msl_ERA5__LOSS_sdfweighted__HEADS_4__TIMESTEPS_56,V0_M_0,V0_M_0,1,/Users/au728490/ceddar_runs/models_and_samples/evaluation/V0_M_0__HR_prcp_DANRA__SIZE_128x128__LR_prcp_msl_ERA5__LOSS_sdfweighted__HEADS_4__TIMESTEPS_56/summary/evaluation_summary.json,features.gen_ens_S,SAL structure component,,zero,,,0.0,0.026014184138153772,0.2922951087678114,0.026014184138153772,-0.26628092462965763,-0.08150099063105809,0.16278719663675192,Features,unfavourable
V0_M_0__seed2__HR_prcp_DANRA__SIZE_128x128__LR_prcp_msl_ERA5__LOSS_sdfweighted__HEADS_4__TIMESTEPS_56,V0_M_0_seed2,V0_M_0,2,/Users/au728490/ceddar_runs/models_and_samples/evaluation/V0_M_0__seed2__HR_prcp_DANRA__SIZE_128x128__LR_prcp_msl_ERA5__LOSS_sdfweighted__HEADS_4__TIMESTEPS_56/summary/evaluation_summary.json,features.gen_ens_S,SAL structure component,,zero,,,0.0,0.026014184138153772,0.19431164554687064,0.026014184138153772,-0.16829746140871688,-0.08150099063105809,0.16278719663675192,Features,unfavourable
V0_M_1__HR_prcp_DANRA__SIZE_128x128__LR_prcp_msl_ERA5__LOSS_sdfweighted__HEADS_4__TIMESTEPS_56,V0_M_1,V0_M_1,1,/Users/au728490/ceddar_runs/models_and_samples/evaluation/V0_M_1__HR_prcp_DANRA__SIZE_128x128__LR_prcp_msl_ERA5__LOSS_sdfweighted__HEADS_4__TIMESTEPS_56/summary/evaluation_summary.json,features.gen_ens_S,SAL structure component,,zero,,,0.0,0.026014184138153772,-0.1118304965722847,0.026014184138153772,0.13784468071043846,-0.08150099063105809,0.16278719663675192,Features,inside_v0_range
V0_M_1__seed2__HR_prcp_DANRA__SIZE_128x128__LR_prcp_msl_ERA5__LOSS_sdfweighted__HEADS_4__TIMESTEPS_56,V0_M_1_seed2,V0_M_1,2,/Users/au728490/ceddar_runs/models_and_samples/evaluation/V0_M_1__seed2__HR_prcp_DANRA__SIZE_128x128__LR_prcp_msl_ERA5__LOSS_sdfweighted__HEADS_4__TIMESTEPS_56/summary/evaluation_summary.json,features.gen_ens_S,SAL structure component,,zero,,,0.0,0.026014184138153772,0.10510302873348647,0.026014184138153772,-0.07908884459533269,-0.08150099063105809,0.16278719663675192,Features,inside_v0_range
V0_T_0__HR_prcp_DANRA__SIZE_128x128__LR_prcp_thetae_pl_850_ERA5__LOSS_sdfweighted__HEADS_4__TIMESTEPS_56,V0_T_0,V0_T_0,1,/Users/au728490/ceddar_runs/models_and_samples/evaluation/V0_T_0__HR_prcp_DANRA__SIZE_128x128__LR_prcp_thetae_pl_850_ERA5__LOSS_sdfweighted__HEADS_4__TIMESTEPS_56/summary/evaluation_summary.json,features.gen_ens_S,SAL structure component,,zero,,,0.0,0.026014184138153772,-0.12616333000570124,0.026014184138153772,0.152177514143855,-0.08150099063105809,0.16278719663675192,Features,inside_v0_range
V0_T_0__seed2__HR_prcp_DANRA__SIZE_128x128__LR_prcp_thetae_pl_850_ERA5__LOSS_sdfweighted__HEADS_4__TIMESTEPS_56,V0_T_0_seed2,V0_T_0,2,/Users/au728490/ceddar_runs/models_and_samples/evaluation/V0_T_0__seed2__HR_prcp_DANRA__SIZE_128x128__LR_prcp_thetae_pl_850_ERA5__LOSS_sdfweighted__HEADS_4__TIMESTEPS_56/summary/evaluation_summary.json,features.gen_ens_S,SAL structure component,,zero,,,0.0,0.026014184138153772,0.07718586049803243,0.026014184138153772,-0.051171676359878654,-0.08150099063105809,0.16278719663675192,Features,inside_v0_range
V0_T_1__HR_prcp_DANRA__SIZE_128x128__LR_prcp_thetae_pl_850_ERA5__LOSS_sdfweighted__HEADS_4__TIMESTEPS_56,V0_T_1,V0_T_1,1,/Users/au728490/ceddar_runs/models_and_samples/evaluation/V0_T_1__HR_prcp_DANRA__SIZE_128x128__LR_prcp_thetae_pl_850_ERA5__LOSS_sdfweighted__HEADS_4__TIMESTEPS_56/summary/evaluation_summary.json,features.gen_ens_S,SAL structure component,,zero,,,0.0,0.026014184138153772,-0.055525207174647505,0.026014184138153772,0.08153939131280127,-0.08150099063105809,0.16278719663675192,Features,inside_v0_range
V0_T_1__seed2__HR_prcp_DANRA__SIZE_128x128__LR_prcp_thetae_pl_850_ERA5__LOSS_sdfweighted__HEADS_4__TIMESTEPS_56,V0_T_1_seed2,V0_T_1,2,/Users/au728490/ceddar_runs/models_and_samples/evaluation/V0_T_1__seed2__HR_prcp_DANRA__SIZE_128x128__LR_prcp_thetae_pl_850_ERA5__LOSS_sdfweighted__HEADS_4__TIMESTEPS_56/summary/evaluation_summary.json,features.gen_ens_S,SAL structure component,,zero,,,0.0,0.026014184138153772,0.051832201369450895,0.026014184138153772,-0.025818017231297122,-0.08150099063105809,0.16278719663675192,Features,inside_v0_range
V0_Z_0__HR_prcp_DANRA__SIZE_128x128__LR_prcp_z_pl_500_ERA5__LOSS_sdfweighted__HEADS_4__TIMESTEPS_56,V0_Z_0,V0_Z_0,1,/Users/au728490/ceddar_runs/models_and_samples/evaluation/V0_Z_0__HR_prcp_DANRA__SIZE_128x128__LR_prcp_z_pl_500_ERA5__LOSS_sdfweighted__HEADS_4__TIMESTEPS_56/summary/evaluation_summary.json,features.gen_ens_S,SAL structure component,,zero,,,0.0,0.026014184138153772,0.39656954636344244,0.026014184138153772,-0.3705553622252887,-0.08150099063105809,0.16278719663675192,Features,unfavourable
V0_Z_0__seed2__HR_prcp_DANRA__SIZE_128x128__LR_prcp_z_pl_500_ERA5__LOSS_sdfweighted__HEADS_4__TIMESTEPS_56,V0_Z_0_seed2,V0_Z_0,2,/Users/au728490/ceddar_runs/models_and_samples/evaluation/V0_Z_0__seed2__HR_prcp_DANRA__SIZE_128x128__LR_prcp_z_pl_500_ERA5__LOSS_sdfweighted__HEADS_4__TIMESTEPS_56/summary/evaluation_summary.json,features.gen_ens_S,SAL structure component,,zero,,,0.0,0.026014184138153772,0.2057483920864178,0.026014184138153772,-0.17973420794826403,-0.08150099063105809,0.16278719663675192,Features,unfavourable
V0_Z_1__HR_prcp_DANRA__SIZE_128x128__LR_prcp_z_pl_500_ERA5__LOSS_sdfweighted__HEADS_4__TIMESTEPS_56,V0_Z_1,V0_Z_1,1,/Users/au728490/ceddar_runs/models_and_samples/evaluation/V0_Z_1__HR_prcp_DANRA__SIZE_128x128__LR_prcp_z_pl_500_ERA5__LOSS_sdfweighted__HEADS_4__TIMESTEPS_56/summary/evaluation_summary.json,features.gen_ens_S,SAL structure component,,zero,,,0.0,0.026014184138153772,0.1370308271637547,0.026014184138153772,-0.11101664302560092,-0.08150099063105809,0.16278719663675192,Features,unfavourable
V0_Z_1__seed2__HR_prcp_DANRA__SIZE_128x128__LR_prcp_z_pl_500_ERA5__LOSS_sdfweighted__HEADS_4__TIMESTEPS_56,V0_Z_1_seed2,V0_Z_1,2,/Users/au728490/ceddar_runs/models_and_samples/evaluation/V0_Z_1__seed2__HR_prcp_DANRA__SIZE_128x128__LR_prcp_z_pl_500_ERA5__LOSS_sdfweighted__HEADS_4__TIMESTEPS_56/summary/evaluation_summary.json,features.gen_ens_S,SAL structure component,,zero,,,0.0,0.026014184138153772,0.032931125493438684,0.026014184138153772,-0.006916941355284912,-0.08150099063105809,0.16278719663675192,Features,inside_v0_range
D_IP_1__HR_prcp_DANRA__SIZE_128x128__LR_prcp_ewvf_nwvf_ERA5__LOSS_sdfweighted__HEADS_4__TIMESTEPS_56,D_IP_1,D_IP_1,1,/Users/au728490/ceddar_runs/models_and_samples/evaluation/D_IP_1__HR_prcp_DANRA__SIZE_128x128__LR_prcp_ewvf_nwvf_ERA5__LOSS_sdfweighted__HEADS_4__TIMESTEPS_56/summary/evaluation_summary.json,features.gen_ens_S,SAL structure component,,zero,,,0.0,0.026014184138153772,0.046445408528267965,0.026014184138153772,-0.020431224390114192,-0.08150099063105809,0.16278719663675192,Features,inside_v0_range
D_IP_1__seed2__HR_prcp_DANRA__SIZE_128x128__LR_prcp_ewvf_nwvf_ERA5__LOSS_sdfweighted__HEADS_4__TIMESTEPS_56,D_IP_1_seed2,D_IP_1,2,/Users/au728490/ceddar_runs/models_and_samples/evaluation/D_IP_1__seed2__HR_prcp_DANRA__SIZE_128x128__LR_prcp_ewvf_nwvf_ERA5__LOSS_sdfweighted__HEADS_4__TIMESTEPS_56/summary/evaluation_summary.json,features.gen_ens_S,SAL structure component,,zero,,,0.0,0.026014184138153772,0.12276377599592539,0.026014184138153772,-0.09674959185777161,-0.08150099063105809,0.16278719663675192,Features,unfavourable
D_MZP_1__HR_prcp_DANRA__SIZE_128x128__LR_prcp_msl_z_pl_500_ERA5__LOSS_sdfweighted__HEADS_4__TIMESTEPS_56,D_MZP_1,D_MZP_1,1,/Users/au728490/ceddar_runs/models_and_samples/evaluation/D_MZP_1__HR_prcp_DANRA__SIZE_128x128__LR_prcp_msl_z_pl_500_ERA5__LOSS_sdfweighted__HEADS_4__TIMESTEPS_56/summary/evaluation_summary.json,features.gen_ens_S,SAL structure component,,zero,,,0.0,0.026014184138153772,0.24421871391476913,0.026014184138153772,-0.21820452977661536,-0.08150099063105809,0.16278719663675192,Features,unfavourable
D_MZP_1__seed2__HR_prcp_DANRA__SIZE_128x128__LR_prcp_msl_z_pl_500_ERA5__LOSS_sdfweighted__HEADS_4__TIMESTEPS_56,D_MZP_1_seed2,D_MZP_1,2,/Users/au728490/ceddar_runs/models_and_samples/evaluation/D_MZP_1__seed2__HR_prcp_DANRA__SIZE_128x128__LR_prcp_msl_z_pl_500_ERA5__LOSS_sdfweighted__HEADS_4__TIMESTEPS_56/summary/evaluation_summary.json,features.gen_ens_S,SAL structure component,,zero,,,0.0,0.026014184138153772,-0.23844657921670043,0.026014184138153772,0.2644607633548542,-0.08150099063105809,0.16278719663675192,Features,favourable
D_MTP_0__HR_prcp_DANRA__SIZE_128x128__LR_prcp_msl_thetae_pl_850_ERA5__LOSS_sdfweighted__HEADS_4__TIMESTEPS_56,D_MTP_0,D_MTP_0,1,/Users/au728490/ceddar_runs/models_and_samples/evaluation/D_MTP_0__HR_prcp_DANRA__SIZE_128x128__LR_prcp_msl_thetae_pl_850_ERA5__LOSS_sdfweighted__HEADS_4__TIMESTEPS_56/summary/evaluation_summary.json,features.gen_ens_S,SAL structure component,,zero,,,0.0,0.026014184138153772,0.08956269087628525,0.026014184138153772,-0.06354850673813148,-0.08150099063105809,0.16278719663675192,Features,inside_v0_range
D_MTP_0__seed2__HR_prcp_DANRA__SIZE_128x128__LR_prcp_msl_thetae_pl_850_ERA5__LOSS_sdfweighted__HEADS_4__TIMESTEPS_56,D_MTP_0_seed2,D_MTP_0,2,/Users/au728490/ceddar_runs/models_and_samples/evaluation/D_MTP_0__seed2__HR_prcp_DANRA__SIZE_128x128__LR_prcp_msl_thetae_pl_850_ERA5__LOSS_sdfweighted__HEADS_4__TIMESTEPS_56/summary/evaluation_summary.json,features.gen_ens_S,SAL structure component,,zero,,,0.0,0.026014184138153772,0.20768059023824725,0.026014184138153772,-0.1816664061000935,-0.08150099063105809,0.16278719663675192,Features,unfavourable
D_MTP_1__HR_prcp_DANRA__SIZE_128x128__LR_prcp_msl_thetae_pl_850_ERA5__LOSS_sdfweighted__HEADS_4__TIMESTEPS_56,D_MTP_1,D_MTP_1,1,/Users/au728490/ceddar_runs/models_and_samples/evaluation/D_MTP_1__HR_prcp_DANRA__SIZE_128x128__LR_prcp_msl_thetae_pl_850_ERA5__LOSS_sdfweighted__HEADS_4__TIMESTEPS_56/summary/evaluation_summary.json,features.gen_ens_S,SAL structure component,,zero,,,0.0,0.026014184138153772,0.005086388780207781,0.026014184138153772,0.02092779535794599,-0.08150099063105809,0.16278719663675192,Features,inside_v0_range
D_MTP_1__seed2__HR_prcp_DANRA__SIZE_128x128__LR_prcp_msl_thetae_pl_850_ERA5__LOSS_sdfweighted__HEADS_4__TIMESTEPS_56,D_MTP_1_seed2,D_MTP_1,2,/Users/au728490/ceddar_runs/models_and_samples/evaluation/D_MTP_1__seed2__HR_prcp_DANRA__SIZE_128x128__LR_prcp_msl_thetae_pl_850_ERA5__LOSS_sdfweighted__HEADS_4__TIMESTEPS_56/summary/evaluation_summary.json,features.gen_ens_S,SAL structure component,,zero,,,0.0,0.026014184138153772,0.016299029994948058,0.026014184138153772,0.009715154143205715,-0.08150099063105809,0.16278719663675192,Features,inside_v0_range
D_MTCP_1__HR_prcp_DANRA__SIZE_128x128__LR_prcp_msl_thetae_pl_850_cape_ERA5__LOSS_sdfweighted__HEADS_4__TIMESTEPS_56,D_MTCP_1,D_MTCP_1,1,/Users/au728490/ceddar_runs/models_and_samples/evaluation/D_MTCP_1__HR_prcp_DANRA__SIZE_128x128__LR_prcp_msl_thetae_pl_850_cape_ERA5__LOSS_sdfweighted__HEADS_4__TIMESTEPS_56/summary/evaluation_summary.json,features.gen_ens_S,SAL structure component,,zero,,,0.0,0.026014184138153772,-0.1501661533482535,0.026014184138153772,0.17618033748640727,-0.08150099063105809,0.16278719663675192,Features,favourable
D_MTCP_1__seed2__HR_prcp_DANRA__SIZE_128x128__LR_prcp_msl_thetae_pl_850_cape_ERA5__LOSS_sdfweighted__HEADS_4__TIMESTEPS_56,D_MTCP_1_seed2,D_MTCP_1,2,/Users/au728490/ceddar_runs/models_and_samples/evaluation/D_MTCP_1__seed2__HR_prcp_DANRA__SIZE_128x128__LR_prcp_msl_thetae_pl_850_cape_ERA5__LOSS_sdfweighted__HEADS_4__TIMESTEPS_56/summary/evaluation_summary.json,features.gen_ens_S,SAL structure component,,zero,,,0.0,0.026014184138153772,0.04466213222282277,0.026014184138153772,-0.018647948084668995,-0.08150099063105809,0.16278719663675192,Features,inside_v0_range
D_MZIP_1__HR_prcp_DANRA__SIZE_128x128__LR_prcp_msl_z_pl_500_ewvf_nwvf_ERA5__LOSS_sdfweighted__HEADS_4__TIMESTEPS_56,D_MZIP_1,D_MZIP_1,1,/Users/au728490/ceddar_runs/models_and_samples/evaluation/D_MZIP_1__HR_prcp_DANRA__SIZE_128x128__LR_prcp_msl_z_pl_500_ewvf_nwvf_ERA5__LOSS_sdfweighted__HEADS_4__TIMESTEPS_56/summary/evaluation_summary.json,features.gen_ens_S,SAL structure component,,zero,,,0.0,0.026014184138153772,0.07153585894966616,0.026014184138153772,-0.04552167481151238,-0.08150099063105809,0.16278719663675192,Features,inside_v0_range
D_MZIP_1__seed2__HR_prcp_DANRA__SIZE_128x128__LR_prcp_msl_z_pl_500_ewvf_nwvf_ERA5__LOSS_sdfweighted__HEADS_4__TIMESTEPS_56,D_MZIP_1_seed2,D_MZIP_1,2,/Users/au728490/ceddar_runs/models_and_samples/evaluation/D_MZIP_1__seed2__HR_prcp_DANRA__SIZE_128x128__LR_prcp_msl_z_pl_500_ewvf_nwvf_ERA5__LOSS_sdfweighted__HEADS_4__TIMESTEPS_56/summary/evaluation_summary.json,features.gen_ens_S,SAL structure component,,zero,,,0.0,0.026014184138153772,0.23517371939712334,0.026014184138153772,-0.20915953525896958,-0.08150099063105809,0.16278719663675192,Features,unfavourable
D_MT_1__HR_prcp_DANRA__SIZE_128x128__LR_msl_thetae_pl_850_ERA5__LOSS_sdfweighted__HEADS_4__TIMESTEPS_56,D_MT_1,D_MT_1,1,/Users/au728490/ceddar_runs/models_and_samples/evaluation/D_MT_1__HR_prcp_DANRA__SIZE_128x128__LR_msl_thetae_pl_850_ERA5__LOSS_sdfweighted__HEADS_4__TIMESTEPS_56/summary/evaluation_summary.json,features.gen_ens_S,SAL structure component,,zero,,,0.0,0.026014184138153772,-0.28276878911756154,0.026014184138153772,0.3087829732557153,-0.08150099063105809,0.16278719663675192,Features,favourable
D_MT_1__seed2__HR_prcp_DANRA__SIZE_128x128__LR_msl_thetae_pl_850_ERA5__LOSS_sdfweighted__HEADS_4__TIMESTEPS_56,D_MT_1_seed2,D_MT_1,2,/Users/au728490/ceddar_runs/models_and_samples/evaluation/D_MT_1__seed2__HR_prcp_DANRA__SIZE_128x128__LR_msl_thetae_pl_850_ERA5__LOSS_sdfweighted__HEADS_4__TIMESTEPS_56/summary/evaluation_summary.json,features.gen_ens_S,SAL structure component,,zero,,,0.0,0.026014184138153772,-0.34768580652309894,0.026014184138153772,0.3736999906612527,-0.08150099063105809,0.16278719663675192,Features,favourable
D_MTC_1__HR_prcp_DANRA__SIZE_128x128__LR_msl_thetae_pl_850_cape_ERA5__LOSS_sdfweighted__HEADS_4__TIMESTEPS_56,D_MTC_1,D_MTC_1,1,/Users/au728490/ceddar_runs/models_and_samples/evaluation/D_MTC_1__HR_prcp_DANRA__SIZE_128x128__LR_msl_thetae_pl_850_cape_ERA5__LOSS_sdfweighted__HEADS_4__TIMESTEPS_56/summary/evaluation_summary.json,features.gen_ens_S,SAL structure component,,zero,,,0.0,0.026014184138153772,-0.31028075322748194,0.026014184138153772,0.3362949373656357,-0.08150099063105809,0.16278719663675192,Features,favourable
D_MTC_1__seed2__HR_prcp_DANRA__SIZE_128x128__LR_msl_thetae_pl_850_cape_ERA5__LOSS_sdfweighted__HEADS_4__TIMESTEPS_56,D_MTC_1_seed2,D_MTC_1,2,/Users/au728490/ceddar_runs/models_and_samples/evaluation/D_MTC_1__seed2__HR_prcp_DANRA__SIZE_128x128__LR_msl_thetae_pl_850_cape_ERA5__LOSS_sdfweighted__HEADS_4__TIMESTEPS_56/summary/evaluation_summary.json,features.gen_ens_S,SAL structure component,,zero,,,0.0,0.026014184138153772,-0.38195290530587234,0.026014184138153772,0.4079670894440261,-0.08150099063105809,0.16278719663675192,Features,favourable
C_10__HR_prcp_DANRA__SIZE_128x128__LR_prcp_ERA5__LOSS_sdfweighted__HEADS_4__TIMESTEPS_56,C_10,C_10,1,/Users/au728490/ceddar_runs/models_and_samples/evaluation/C_10__HR_prcp_DANRA__SIZE_128x128__LR_prcp_ERA5__LOSS_sdfweighted__HEADS_4__TIMESTEPS_56/summary/evaluation_summary.json,features.gen_ens_A,SAL amplitude component,,zero,,,0.0,-0.24830491922804585,-0.18402361400170655,-0.24830491922804585,-0.06428130522633929,-0.11960921901365432,0.08621833414742794,Features,inside_v0_range
C_10__seed2__HR_prcp_DANRA__SIZE_128x128__LR_prcp_ERA5__LOSS_sdfweighted__HEADS_4__TIMESTEPS_56,C_10_seed2,C_10,2,/Users/au728490/ceddar_runs/models_and_samples/evaluation/C_10__seed2__HR_prcp_DANRA__SIZE_128x128__LR_prcp_ERA5__LOSS_sdfweighted__HEADS_4__TIMESTEPS_56/summary/evaluation_summary.json,features.gen_ens_A,SAL amplitude component,,zero,,,0.0,-0.24830491922804585,-0.22344771885987058,-0.24830491922804585,-0.024857200368175264,-0.11960921901365432,0.08621833414742794,Features,inside_v0_range
V0_C_0__HR_prcp_DANRA__SIZE_128x128__LR_prcp_cape_ERA5__LOSS_sdfweighted__HEADS_4__TIMESTEPS_56,V0_C_0,V0_C_0,1,/Users/au728490/ceddar_runs/models_and_samples/evaluation/V0_C_0__HR_prcp_DANRA__SIZE_128x128__LR_prcp_cape_ERA5__LOSS_sdfweighted__HEADS_4__TIMESTEPS_56/summary/evaluation_summary.json,features.gen_ens_A,SAL amplitude component,,zero,,,0.0,-0.24830491922804585,-0.3545416685455024,-0.24830491922804585,0.10623674931745655,-0.11960921901365432,0.08621833414742794,Features,favourable
V0_C_0__seed2__HR_prcp_DANRA__SIZE_128x128__LR_prcp_cape_ERA5__LOSS_sdfweighted__HEADS_4__TIMESTEPS_56,V0_C_0_seed2,V0_C_0,2,/Users/au728490/ceddar_runs/models_and_samples/evaluation/V0_C_0__seed2__HR_prcp_DANRA__SIZE_128x128__LR_prcp_cape_ERA5__LOSS_sdfweighted__HEADS_4__TIMESTEPS_56/summary/evaluation_summary.json,features.gen_ens_A,SAL amplitude component,,zero,,,0.0,-0.24830491922804585,-0.24887763752472258,-0.24830491922804585,0.0005727182966767386,-0.11960921901365432,0.08621833414742794,Features,inside_v0_range
V0_C_1__HR_prcp_DANRA__SIZE_128x128__LR_prcp_cape_ERA5__LOSS_sdfweighted__HEADS_4__TIMESTEPS_56,V0_C_1,V0_C_1,1,/Users/au728490/ceddar_runs/models_and_samples/evaluation/V0_C_1__HR_prcp_DANRA__SIZE_128x128__LR_prcp_cape_ERA5__LOSS_sdfweighted__HEADS_4__TIMESTEPS_56/summary/evaluation_summary.json,features.gen_ens_A,SAL amplitude component,,zero,,,0.0,-0.24830491922804585,-0.18493955088683556,-0.24830491922804585,-0.06336536834121029,-0.11960921901365432,0.08621833414742794,Features,inside_v0_range
V0_C_1__seed2__HR_prcp_DANRA__SIZE_128x128__LR_prcp_cape_ERA5__LOSS_sdfweighted__HEADS_4__TIMESTEPS_56,V0_C_1_seed2,V0_C_1,2,/Users/au728490/ceddar_runs/models_and_samples/evaluation/V0_C_1__seed2__HR_prcp_DANRA__SIZE_128x128__LR_prcp_cape_ERA5__LOSS_sdfweighted__HEADS_4__TIMESTEPS_56/summary/evaluation_summary.json,features.gen_ens_A,SAL amplitude component,,zero,,,0.0,-0.24830491922804585,-0.16851413952986366,-0.24830491922804585,-0.07979077969818218,-0.11960921901365432,0.08621833414742794,Features,inside_v0_range
V0_I_0__HR_prcp_DANRA__SIZE_128x128__LR_prcp_ewvf_nwvf_ERA5__LOSS_sdfweighted__HEADS_4__TIMESTEPS_56,V0_I_0,V0_I_0,1,/Users/au728490/ceddar_runs/models_and_samples/evaluation/V0_I_0__HR_prcp_DANRA__SIZE_128x128__LR_prcp_ewvf_nwvf_ERA5__LOSS_sdfweighted__HEADS_4__TIMESTEPS_56/summary/evaluation_summary.json,features.gen_ens_A,SAL amplitude component,,zero,,,0.0,-0.24830491922804585,-0.21874881960744214,-0.24830491922804585,-0.02955609962060371,-0.11960921901365432,0.08621833414742794,Features,inside_v0_range
V0_I_0__seed2__HR_prcp_DANRA__SIZE_128x128__LR_prcp_ewvf_nwvf_ERA5__LOSS_sdfweighted__HEADS_4__TIMESTEPS_56,V0_I_0_seed2,V0_I_0,2,/Users/au728490/ceddar_runs/models_and_samples/evaluation/V0_I_0__seed2__HR_prcp_DANRA__SIZE_128x128__LR_prcp_ewvf_nwvf_ERA5__LOSS_sdfweighted__HEADS_4__TIMESTEPS_56/summary/evaluation_summary.json,features.gen_ens_A,SAL amplitude component,,zero,,,0.0,-0.24830491922804585,-0.31825053785323126,-0.24830491922804585,0.06994561862518542,-0.11960921901365432,0.08621833414742794,Features,inside_v0_range
V0_I_1__HR_prcp_DANRA__SIZE_128x128__LR_prcp_ewvf_nwvf_ERA5__LOSS_sdfweighted__HEADS_4__TIMESTEPS_56,V0_I_1,V0_I_1,1,/Users/au728490/ceddar_runs/models_and_samples/evaluation/V0_I_1__HR_prcp_DANRA__SIZE_128x128__LR_prcp_ewvf_nwvf_ERA5__LOSS_sdfweighted__HEADS_4__TIMESTEPS_56/summary/evaluation_summary.json,features.gen_ens_A,SAL amplitude component,,zero,,,0.0,-0.24830491922804585,-0.35918189289461555,-0.24830491922804585,0.1108769736665697,-0.11960921901365432,0.08621833414742794,Features,favourable
V0_I_1__seed2__HR_prcp_DANRA__SIZE_128x128__LR_prcp_ewvf_nwvf_ERA5__LOSS_sdfweighted__HEADS_4__TIMESTEPS_56,V0_I_1_seed2,V0_I_1,2,/Users/au728490/ceddar_runs/models_and_samples/evaluation/V0_I_1__seed2__HR_prcp_DANRA__SIZE_128x128__LR_prcp_ewvf_nwvf_ERA5__LOSS_sdfweighted__HEADS_4__TIMESTEPS_56/summary/evaluation_summary.json,features.gen_ens_A,SAL amplitude component,,zero,,,0.0,-0.24830491922804585,-0.26206811575610284,-0.24830491922804585,0.013763196528056992,-0.11960921901365432,0.08621833414742794,Features,inside_v0_range
V0_M_0__HR_prcp_DANRA__SIZE_128x128__LR_prcp_msl_ERA5__LOSS_sdfweighted__HEADS_4__TIMESTEPS_56,V0_M_0,V0_M_0,1,/Users/au728490/ceddar_runs/models_and_samples/evaluation/V0_M_0__HR_prcp_DANRA__SIZE_128x128__LR_prcp_msl_ERA5__LOSS_sdfweighted__HEADS_4__TIMESTEPS_56/summary/evaluation_summary.json,features.gen_ens_A,SAL amplitude component,,zero,,,0.0,-0.24830491922804585,-0.289989259271063,-0.24830491922804585,0.04168434004301716,-0.11960921901365432,0.08621833414742794,Features,inside_v0_range
V0_M_0__seed2__HR_prcp_DANRA__SIZE_128x128__LR_prcp_msl_ERA5__LOSS_sdfweighted__HEADS_4__TIMESTEPS_56,V0_M_0_seed2,V0_M_0,2,/Users/au728490/ceddar_runs/models_and_samples/evaluation/V0_M_0__seed2__HR_prcp_DANRA__SIZE_128x128__LR_prcp_msl_ERA5__LOSS_sdfweighted__HEADS_4__TIMESTEPS_56/summary/evaluation_summary.json,features.gen_ens_A,SAL amplitude component,,zero,,,0.0,-0.24830491922804585,-0.18652437087041407,-0.24830491922804585,-0.061780548357631776,-0.11960921901365432,0.08621833414742794,Features,inside_v0_range
V0_M_1__HR_prcp_DANRA__SIZE_128x128__LR_prcp_msl_ERA5__LOSS_sdfweighted__HEADS_4__TIMESTEPS_56,V0_M_1,V0_M_1,1,/Users/au728490/ceddar_runs/models_and_samples/evaluation/V0_M_1__HR_prcp_DANRA__SIZE_128x128__LR_prcp_msl_ERA5__LOSS_sdfweighted__HEADS_4__TIMESTEPS_56/summary/evaluation_summary.json,features.gen_ens_A,SAL amplitude component,,zero,,,0.0,-0.24830491922804585,-0.30997348439467753,-0.24830491922804585,0.06166856516663169,-0.11960921901365432,0.08621833414742794,Features,inside_v0_range
V0_M_1__seed2__HR_prcp_DANRA__SIZE_128x128__LR_prcp_msl_ERA5__LOSS_sdfweighted__HEADS_4__TIMESTEPS_56,V0_M_1_seed2,V0_M_1,2,/Users/au728490/ceddar_runs/models_and_samples/evaluation/V0_M_1__seed2__HR_prcp_DANRA__SIZE_128x128__LR_prcp_msl_ERA5__LOSS_sdfweighted__HEADS_4__TIMESTEPS_56/summary/evaluation_summary.json,features.gen_ens_A,SAL amplitude component,,zero,,,0.0,-0.24830491922804585,-0.16543173273279252,-0.24830491922804585,-0.08287318649525333,-0.11960921901365432,0.08621833414742794,Features,inside_v0_range
V0_T_0__HR_prcp_DANRA__SIZE_128x128__LR_prcp_thetae_pl_850_ERA5__LOSS_sdfweighted__HEADS_4__TIMESTEPS_56,V0_T_0,V0_T_0,1,/Users/au728490/ceddar_runs/models_and_samples/evaluation/V0_T_0__HR_prcp_DANRA__SIZE_128x128__LR_prcp_thetae_pl_850_ERA5__LOSS_sdfweighted__HEADS_4__TIMESTEPS_56/summary/evaluation_summary.json,features.gen_ens_A,SAL amplitude component,,zero,,,0.0,-0.24830491922804585,-0.2877968385868213,-0.24830491922804585,0.03949191935877547,-0.11960921901365432,0.08621833414742794,Features,inside_v0_range
V0_T_0__seed2__HR_prcp_DANRA__SIZE_128x128__LR_prcp_thetae_pl_850_ERA5__LOSS_sdfweighted__HEADS_4__TIMESTEPS_56,V0_T_0_seed2,V0_T_0,2,/Users/au728490/ceddar_runs/models_and_samples/evaluation/V0_T_0__seed2__HR_prcp_DANRA__SIZE_128x128__LR_prcp_thetae_pl_850_ERA5__LOSS_sdfweighted__HEADS_4__TIMESTEPS_56/summary/evaluation_summary.json,features.gen_ens_A,SAL amplitude component,,zero,,,0.0,-0.24830491922804585,-0.13732231007233783,-0.24830491922804585,-0.11098260915570801,-0.11960921901365432,0.08621833414742794,Features,inside_v0_range
V0_T_1__HR_prcp_DANRA__SIZE_128x128__LR_prcp_thetae_pl_850_ERA5__LOSS_sdfweighted__HEADS_4__TIMESTEPS_56,V0_T_1,V0_T_1,1,/Users/au728490/ceddar_runs/models_and_samples/evaluation/V0_T_1__HR_prcp_DANRA__SIZE_128x128__LR_prcp_thetae_pl_850_ERA5__LOSS_sdfweighted__HEADS_4__TIMESTEPS_56/summary/evaluation_summary.json,features.gen_ens_A,SAL amplitude component,,zero,,,0.0,-0.24830491922804585,-0.1138705744231431,-0.24830491922804585,-0.13443434480490274,-0.11960921901365432,0.08621833414742794,Features,unfavourable
V0_T_1__seed2__HR_prcp_DANRA__SIZE_128x128__LR_prcp_thetae_pl_850_ERA5__LOSS_sdfweighted__HEADS_4__TIMESTEPS_56,V0_T_1_seed2,V0_T_1,2,/Users/au728490/ceddar_runs/models_and_samples/evaluation/V0_T_1__seed2__HR_prcp_DANRA__SIZE_128x128__LR_prcp_thetae_pl_850_ERA5__LOSS_sdfweighted__HEADS_4__TIMESTEPS_56/summary/evaluation_summary.json,features.gen_ens_A,SAL amplitude component,,zero,,,0.0,-0.24830491922804585,-0.2667742591438096,-0.24830491922804585,0.018469339915763744,-0.11960921901365432,0.08621833414742794,Features,inside_v0_range
V0_Z_0__HR_prcp_DANRA__SIZE_128x128__LR_prcp_z_pl_500_ERA5__LOSS_sdfweighted__HEADS_4__TIMESTEPS_56,V0_Z_0,V0_Z_0,1,/Users/au728490/ceddar_runs/models_and_samples/evaluation/V0_Z_0__HR_prcp_DANRA__SIZE_128x128__LR_prcp_z_pl_500_ERA5__LOSS_sdfweighted__HEADS_4__TIMESTEPS_56/summary/evaluation_summary.json,features.gen_ens_A,SAL amplitude component,,zero,,,0.0,-0.24830491922804585,-0.16896265910187838,-0.24830491922804585,-0.07934226012616746,-0.11960921901365432,0.08621833414742794,Features,inside_v0_range
V0_Z_0__seed2__HR_prcp_DANRA__SIZE_128x128__LR_prcp_z_pl_500_ERA5__LOSS_sdfweighted__HEADS_4__TIMESTEPS_56,V0_Z_0_seed2,V0_Z_0,2,/Users/au728490/ceddar_runs/models_and_samples/evaluation/V0_Z_0__seed2__HR_prcp_DANRA__SIZE_128x128__LR_prcp_z_pl_500_ERA5__LOSS_sdfweighted__HEADS_4__TIMESTEPS_56/summary/evaluation_summary.json,features.gen_ens_A,SAL amplitude component,,zero,,,0.0,-0.24830491922804585,-0.25155655291911133,-0.24830491922804585,0.0032516336910654864,-0.11960921901365432,0.08621833414742794,Features,inside_v0_range
V0_Z_1__HR_prcp_DANRA__SIZE_128x128__LR_prcp_z_pl_500_ERA5__LOSS_sdfweighted__HEADS_4__TIMESTEPS_56,V0_Z_1,V0_Z_1,1,/Users/au728490/ceddar_runs/models_and_samples/evaluation/V0_Z_1__HR_prcp_DANRA__SIZE_128x128__LR_prcp_z_pl_500_ERA5__LOSS_sdfweighted__HEADS_4__TIMESTEPS_56/summary/evaluation_summary.json,features.gen_ens_A,SAL amplitude component,,zero,,,0.0,-0.24830491922804585,-0.21346639016170893,-0.24830491922804585,-0.034838529066336915,-0.11960921901365432,0.08621833414742794,Features,inside_v0_range
V0_Z_1__seed2__HR_prcp_DANRA__SIZE_128x128__LR_prcp_z_pl_500_ERA5__LOSS_sdfweighted__HEADS_4__TIMESTEPS_56,V0_Z_1_seed2,V0_Z_1,2,/Users/au728490/ceddar_runs/models_and_samples/evaluation/V0_Z_1__seed2__HR_prcp_DANRA__SIZE_128x128__LR_prcp_z_pl_500_ERA5__LOSS_sdfweighted__HEADS_4__TIMESTEPS_56/summary/evaluation_summary.json,features.gen_ens_A,SAL amplitude component,,zero,,,0.0,-0.24830491922804585,-0.1799665878926695,-0.24830491922804585,-0.06833833133537634,-0.11960921901365432,0.08621833414742794,Features,inside_v0_range
D_IP_1__HR_prcp_DANRA__SIZE_128x128__LR_prcp_ewvf_nwvf_ERA5__LOSS_sdfweighted__HEADS_4__TIMESTEPS_56,D_IP_1,D_IP_1,1,/Users/au728490/ceddar_runs/models_and_samples/evaluation/D_IP_1__HR_prcp_DANRA__SIZE_128x128__LR_prcp_ewvf_nwvf_ERA5__LOSS_sdfweighted__HEADS_4__TIMESTEPS_56/summary/evaluation_summary.json,features.gen_ens_A,SAL amplitude component,,zero,,,0.0,-0.24830491922804585,-0.2256456535725317,-0.24830491922804585,-0.022659265655514155,-0.11960921901365432,0.08621833414742794,Features,inside_v0_range
D_IP_1__seed2__HR_prcp_DANRA__SIZE_128x128__LR_prcp_ewvf_nwvf_ERA5__LOSS_sdfweighted__HEADS_4__TIMESTEPS_56,D_IP_1_seed2,D_IP_1,2,/Users/au728490/ceddar_runs/models_and_samples/evaluation/D_IP_1__seed2__HR_prcp_DANRA__SIZE_128x128__LR_prcp_ewvf_nwvf_ERA5__LOSS_sdfweighted__HEADS_4__TIMESTEPS_56/summary/evaluation_summary.json,features.gen_ens_A,SAL amplitude component,,zero,,,0.0,-0.24830491922804585,-0.1958476353213246,-0.24830491922804585,-0.05245728390672125,-0.11960921901365432,0.08621833414742794,Features,inside_v0_range
D_MZP_1__HR_prcp_DANRA__SIZE_128x128__LR_prcp_msl_z_pl_500_ERA5__LOSS_sdfweighted__HEADS_4__TIMESTEPS_56,D_MZP_1,D_MZP_1,1,/Users/au728490/ceddar_runs/models_and_samples/evaluation/D_MZP_1__HR_prcp_DANRA__SIZE_128x128__LR_prcp_msl_z_pl_500_ERA5__LOSS_sdfweighted__HEADS_4__TIMESTEPS_56/summary/evaluation_summary.json,features.gen_ens_A,SAL amplitude component,,zero,,,0.0,-0.24830491922804585,-0.3400640278701145,-0.24830491922804585,0.09175910864206868,-0.11960921901365432,0.08621833414742794,Features,favourable
D_MZP_1__seed2__HR_prcp_DANRA__SIZE_128x128__LR_prcp_msl_z_pl_500_ERA5__LOSS_sdfweighted__HEADS_4__TIMESTEPS_56,D_MZP_1_seed2,D_MZP_1,2,/Users/au728490/ceddar_runs/models_and_samples/evaluation/D_MZP_1__seed2__HR_prcp_DANRA__SIZE_128x128__LR_prcp_msl_z_pl_500_ERA5__LOSS_sdfweighted__HEADS_4__TIMESTEPS_56/summary/evaluation_summary.json,features.gen_ens_A,SAL amplitude component,,zero,,,0.0,-0.24830491922804585,-0.1665984616823236,-0.24830491922804585,-0.08170645754572226,-0.11960921901365432,0.08621833414742794,Features,inside_v0_range
D_MTP_0__HR_prcp_DANRA__SIZE_128x128__LR_prcp_msl_thetae_pl_850_ERA5__LOSS_sdfweighted__HEADS_4__TIMESTEPS_56,D_MTP_0,D_MTP_0,1,/Users/au728490/ceddar_runs/models_and_samples/evaluation/D_MTP_0__HR_prcp_DANRA__SIZE_128x128__LR_prcp_msl_thetae_pl_850_ERA5__LOSS_sdfweighted__HEADS_4__TIMESTEPS_56/summary/evaluation_summary.json,features.gen_ens_A,SAL amplitude component,,zero,,,0.0,-0.24830491922804585,-0.30121811805188714,-0.24830491922804585,0.052913198823841295,-0.11960921901365432,0.08621833414742794,Features,inside_v0_range
D_MTP_0__seed2__HR_prcp_DANRA__SIZE_128x128__LR_prcp_msl_thetae_pl_850_ERA5__LOSS_sdfweighted__HEADS_4__TIMESTEPS_56,D_MTP_0_seed2,D_MTP_0,2,/Users/au728490/ceddar_runs/models_and_samples/evaluation/D_MTP_0__seed2__HR_prcp_DANRA__SIZE_128x128__LR_prcp_msl_thetae_pl_850_ERA5__LOSS_sdfweighted__HEADS_4__TIMESTEPS_56/summary/evaluation_summary.json,features.gen_ens_A,SAL amplitude component,,zero,,,0.0,-0.24830491922804585,-0.1883918735574865,-0.24830491922804585,-0.059913045670559356,-0.11960921901365432,0.08621833414742794,Features,inside_v0_range
D_MTP_1__HR_prcp_DANRA__SIZE_128x128__LR_prcp_msl_thetae_pl_850_ERA5__LOSS_sdfweighted__HEADS_4__TIMESTEPS_56,D_MTP_1,D_MTP_1,1,/Users/au728490/ceddar_runs/models_and_samples/evaluation/D_MTP_1__HR_prcp_DANRA__SIZE_128x128__LR_prcp_msl_thetae_pl_850_ERA5__LOSS_sdfweighted__HEADS_4__TIMESTEPS_56/summary/evaluation_summary.json,features.gen_ens_A,SAL amplitude component,,zero,,,0.0,-0.24830491922804585,-0.17916377200521982,-0.24830491922804585,-0.06914114722282602,-0.11960921901365432,0.08621833414742794,Features,inside_v0_range
D_MTP_1__seed2__HR_prcp_DANRA__SIZE_128x128__LR_prcp_msl_thetae_pl_850_ERA5__LOSS_sdfweighted__HEADS_4__TIMESTEPS_56,D_MTP_1_seed2,D_MTP_1,2,/Users/au728490/ceddar_runs/models_and_samples/evaluation/D_MTP_1__seed2__HR_prcp_DANRA__SIZE_128x128__LR_prcp_msl_thetae_pl_850_ERA5__LOSS_sdfweighted__HEADS_4__TIMESTEPS_56/summary/evaluation_summary.json,features.gen_ens_A,SAL amplitude component,,zero,,,0.0,-0.24830491922804585,-0.2051253340866236,-0.24830491922804585,-0.043179585141422255,-0.11960921901365432,0.08621833414742794,Features,inside_v0_range
D_MTCP_1__HR_prcp_DANRA__SIZE_128x128__LR_prcp_msl_thetae_pl_850_cape_ERA5__LOSS_sdfweighted__HEADS_4__TIMESTEPS_56,D_MTCP_1,D_MTCP_1,1,/Users/au728490/ceddar_runs/models_and_samples/evaluation/D_MTCP_1__HR_prcp_DANRA__SIZE_128x128__LR_prcp_msl_thetae_pl_850_cape_ERA5__LOSS_sdfweighted__HEADS_4__TIMESTEPS_56/summary/evaluation_summary.json,features.gen_ens_A,SAL amplitude component,,zero,,,0.0,-0.24830491922804585,-0.21699389442340294,-0.24830491922804585,-0.0313110248046429,-0.11960921901365432,0.08621833414742794,Features,inside_v0_range
D_MTCP_1__seed2__HR_prcp_DANRA__SIZE_128x128__LR_prcp_msl_thetae_pl_850_cape_ERA5__LOSS_sdfweighted__HEADS_4__TIMESTEPS_56,D_MTCP_1_seed2,D_MTCP_1,2,/Users/au728490/ceddar_runs/models_and_samples/evaluation/D_MTCP_1__seed2__HR_prcp_DANRA__SIZE_128x128__LR_prcp_msl_thetae_pl_850_cape_ERA5__LOSS_sdfweighted__HEADS_4__TIMESTEPS_56/summary/evaluation_summary.json,features.gen_ens_A,SAL amplitude component,,zero,,,0.0,-0.24830491922804585,-0.27171250950903547,-0.24830491922804585,0.023407590280989626,-0.11960921901365432,0.08621833414742794,Features,inside_v0_range
D_MZIP_1__HR_prcp_DANRA__SIZE_128x128__LR_prcp_msl_z_pl_500_ewvf_nwvf_ERA5__LOSS_sdfweighted__HEADS_4__TIMESTEPS_56,D_MZIP_1,D_MZIP_1,1,/Users/au728490/ceddar_runs/models_and_samples/evaluation/D_MZIP_1__HR_prcp_DANRA__SIZE_128x128__LR_prcp_msl_z_pl_500_ewvf_nwvf_ERA5__LOSS_sdfweighted__HEADS_4__TIMESTEPS_56/summary/evaluation_summary.json,features.gen_ens_A,SAL amplitude component,,zero,,,0.0,-0.24830491922804585,-0.1726514790594686,-0.24830491922804585,-0.07565344016857725,-0.11960921901365432,0.08621833414742794,Features,inside_v0_range
D_MZIP_1__seed2__HR_prcp_DANRA__SIZE_128x128__LR_prcp_msl_z_pl_500_ewvf_nwvf_ERA5__LOSS_sdfweighted__HEADS_4__TIMESTEPS_56,D_MZIP_1_seed2,D_MZIP_1,2,/Users/au728490/ceddar_runs/models_and_samples/evaluation/D_MZIP_1__seed2__HR_prcp_DANRA__SIZE_128x128__LR_prcp_msl_z_pl_500_ewvf_nwvf_ERA5__LOSS_sdfweighted__HEADS_4__TIMESTEPS_56/summary/evaluation_summary.json,features.gen_ens_A,SAL amplitude component,,zero,,,0.0,-0.24830491922804585,-0.15744474178589024,-0.24830491922804585,-0.0908601774421556,-0.11960921901365432,0.08621833414742794,Features,inside_v0_range
D_MT_1__HR_prcp_DANRA__SIZE_128x128__LR_msl_thetae_pl_850_ERA5__LOSS_sdfweighted__HEADS_4__TIMESTEPS_56,D_MT_1,D_MT_1,1,/Users/au728490/ceddar_runs/models_and_samples/evaluation/D_MT_1__HR_prcp_DANRA__SIZE_128x128__LR_msl_thetae_pl_850_ERA5__LOSS_sdfweighted__HEADS_4__TIMESTEPS_56/summary/evaluation_summary.json,features.gen_ens_A,SAL amplitude component,,zero,,,0.0,-0.24830491922804585,-0.7017268165357526,-0.24830491922804585,0.45342189730770677,-0.11960921901365432,0.08621833414742794,Features,favourable
D_MT_1__seed2__HR_prcp_DANRA__SIZE_128x128__LR_msl_thetae_pl_850_ERA5__LOSS_sdfweighted__HEADS_4__TIMESTEPS_56,D_MT_1_seed2,D_MT_1,2,/Users/au728490/ceddar_runs/models_and_samples/evaluation/D_MT_1__seed2__HR_prcp_DANRA__SIZE_128x128__LR_msl_thetae_pl_850_ERA5__LOSS_sdfweighted__HEADS_4__TIMESTEPS_56/summary/evaluation_summary.json,features.gen_ens_A,SAL amplitude component,,zero,,,0.0,-0.24830491922804585,-0.9125191823210801,-0.24830491922804585,0.6642142630930342,-0.11960921901365432,0.08621833414742794,Features,favourable
D_MTC_1__HR_prcp_DANRA__SIZE_128x128__LR_msl_thetae_pl_850_cape_ERA5__LOSS_sdfweighted__HEADS_4__TIMESTEPS_56,D_MTC_1,D_MTC_1,1,/Users/au728490/ceddar_runs/models_and_samples/evaluation/D_MTC_1__HR_prcp_DANRA__SIZE_128x128__LR_msl_thetae_pl_850_cape_ERA5__LOSS_sdfweighted__HEADS_4__TIMESTEPS_56/summary/evaluation_summary.json,features.gen_ens_A,SAL amplitude component,,zero,,,0.0,-0.24830491922804585,-0.656655980394715,-0.24830491922804585,0.4083510611666691,-0.11960921901365432,0.08621833414742794,Features,favourable
D_MTC_1__seed2__HR_prcp_DANRA__SIZE_128x128__LR_msl_thetae_pl_850_cape_ERA5__LOSS_sdfweighted__HEADS_4__TIMESTEPS_56,D_MTC_1_seed2,D_MTC_1,2,/Users/au728490/ceddar_runs/models_and_samples/evaluation/D_MTC_1__seed2__HR_prcp_DANRA__SIZE_128x128__LR_msl_thetae_pl_850_cape_ERA5__LOSS_sdfweighted__HEADS_4__TIMESTEPS_56/summary/evaluation_summary.json,features.gen_ens_A,SAL amplitude component,,zero,,,0.0,-0.24830491922804585,-0.35806898533495435,-0.24830491922804585,0.1097640661069085,-0.11960921901365432,0.08621833414742794,Features,favourable
C_10__HR_prcp_DANRA__SIZE_128x128__LR_prcp_ERA5__LOSS_sdfweighted__HEADS_4__TIMESTEPS_56,C_10,C_10,1,/Users/au728490/ceddar_runs/models_and_samples/evaluation/C_10__HR_prcp_DANRA__SIZE_128x128__LR_prcp_ERA5__LOSS_sdfweighted__HEADS_4__TIMESTEPS_56/summary/evaluation_summary.json,features.gen_ens_L,SAL location component,,zero,,,0.0,0.04386116389662195,0.03780734472650408,0.04386116389662195,0.006053819170117873,-0.02634317074990139,0.015266518355647928,Features,inside_v0_range
C_10__seed2__HR_prcp_DANRA__SIZE_128x128__LR_prcp_ERA5__LOSS_sdfweighted__HEADS_4__TIMESTEPS_56,C_10_seed2,C_10,2,/Users/au728490/ceddar_runs/models_and_samples/evaluation/C_10__seed2__HR_prcp_DANRA__SIZE_128x128__LR_prcp_ERA5__LOSS_sdfweighted__HEADS_4__TIMESTEPS_56/summary/evaluation_summary.json,features.gen_ens_L,SAL location component,,zero,,,0.0,0.04386116389662195,0.01789407625520023,0.04386116389662195,0.02596708764142172,-0.02634317074990139,0.015266518355647928,Features,favourable
V0_C_0__HR_prcp_DANRA__SIZE_128x128__LR_prcp_cape_ERA5__LOSS_sdfweighted__HEADS_4__TIMESTEPS_56,V0_C_0,V0_C_0,1,/Users/au728490/ceddar_runs/models_and_samples/evaluation/V0_C_0__HR_prcp_DANRA__SIZE_128x128__LR_prcp_cape_ERA5__LOSS_sdfweighted__HEADS_4__TIMESTEPS_56/summary/evaluation_summary.json,features.gen_ens_L,SAL location component,,zero,,,0.0,0.04386116389662195,0.040904646088488664,0.04386116389662195,0.0029565178081332882,-0.02634317074990139,0.015266518355647928,Features,inside_v0_range
V0_C_0__seed2__HR_prcp_DANRA__SIZE_128x128__LR_prcp_cape_ERA5__LOSS_sdfweighted__HEADS_4__TIMESTEPS_56,V0_C_0_seed2,V0_C_0,2,/Users/au728490/ceddar_runs/models_and_samples/evaluation/V0_C_0__seed2__HR_prcp_DANRA__SIZE_128x128__LR_prcp_cape_ERA5__LOSS_sdfweighted__HEADS_4__TIMESTEPS_56/summary/evaluation_summary.json,features.gen_ens_L,SAL location component,,zero,,,0.0,0.04386116389662195,0.025622747852475185,0.04386116389662195,0.018238416044146766,-0.02634317074990139,0.015266518355647928,Features,favourable
V0_C_1__HR_prcp_DANRA__SIZE_128x128__LR_prcp_cape_ERA5__LOSS_sdfweighted__HEADS_4__TIMESTEPS_56,V0_C_1,V0_C_1,1,/Users/au728490/ceddar_runs/models_and_samples/evaluation/V0_C_1__HR_prcp_DANRA__SIZE_128x128__LR_prcp_cape_ERA5__LOSS_sdfweighted__HEADS_4__TIMESTEPS_56/summary/evaluation_summary.json,features.gen_ens_L,SAL location component,,zero,,,0.0,0.04386116389662195,0.04197452076691327,0.04386116389662195,0.0018866431297086816,-0.02634317074990139,0.015266518355647928,Features,inside_v0_range
V0_C_1__seed2__HR_prcp_DANRA__SIZE_128x128__LR_prcp_cape_ERA5__LOSS_sdfweighted__HEADS_4__TIMESTEPS_56,V0_C_1_seed2,V0_C_1,2,/Users/au728490/ceddar_runs/models_and_samples/evaluation/V0_C_1__seed2__HR_prcp_DANRA__SIZE_128x128__LR_prcp_cape_ERA5__LOSS_sdfweighted__HEADS_4__TIMESTEPS_56/summary/evaluation_summary.json,features.gen_ens_L,SAL location component,,zero,,,0.0,0.04386116389662195,0.03707791693072977,0.04386116389662195,0.0067832469658921785,-0.02634317074990139,0.015266518355647928,Features,inside_v0_range
V0_I_0__HR_prcp_DANRA__SIZE_128x128__LR_prcp_ewvf_nwvf_ERA5__LOSS_sdfweighted__HEADS_4__TIMESTEPS_56,V0_I_0,V0_I_0,1,/Users/au728490/ceddar_runs/models_and_samples/evaluation/V0_I_0__HR_prcp_DANRA__SIZE_128x128__LR_prcp_ewvf_nwvf_ERA5__LOSS_sdfweighted__HEADS_4__TIMESTEPS_56/summary/evaluation_summary.json,features.gen_ens_L,SAL location component,,zero,,,0.0,0.04386116389662195,0.029892111210134017,0.04386116389662195,0.013969052686487935,-0.02634317074990139,0.015266518355647928,Features,inside_v0_range
V0_I_0__seed2__HR_prcp_DANRA__SIZE_128x128__LR_prcp_ewvf_nwvf_ERA5__LOSS_sdfweighted__HEADS_4__TIMESTEPS_56,V0_I_0_seed2,V0_I_0,2,/Users/au728490/ceddar_runs/models_and_samples/evaluation/V0_I_0__seed2__HR_prcp_DANRA__SIZE_128x128__LR_prcp_ewvf_nwvf_ERA5__LOSS_sdfweighted__HEADS_4__TIMESTEPS_56/summary/evaluation_summary.json,features.gen_ens_L,SAL location component,,zero,,,0.0,0.04386116389662195,0.02166754272941429,0.04386116389662195,0.02219362116720766,-0.02634317074990139,0.015266518355647928,Features,favourable
V0_I_1__HR_prcp_DANRA__SIZE_128x128__LR_prcp_ewvf_nwvf_ERA5__LOSS_sdfweighted__HEADS_4__TIMESTEPS_56,V0_I_1,V0_I_1,1,/Users/au728490/ceddar_runs/models_and_samples/evaluation/V0_I_1__HR_prcp_DANRA__SIZE_128x128__LR_prcp_ewvf_nwvf_ERA5__LOSS_sdfweighted__HEADS_4__TIMESTEPS_56/summary/evaluation_summary.json,features.gen_ens_L,SAL location component,,zero,,,0.0,0.04386116389662195,0.041350010358600114,0.04386116389662195,0.0025111535380218375,-0.02634317074990139,0.015266518355647928,Features,inside_v0_range
V0_I_1__seed2__HR_prcp_DANRA__SIZE_128x128__LR_prcp_ewvf_nwvf_ERA5__LOSS_sdfweighted__HEADS_4__TIMESTEPS_56,V0_I_1_seed2,V0_I_1,2,/Users/au728490/ceddar_runs/models_and_samples/evaluation/V0_I_1__seed2__HR_prcp_DANRA__SIZE_128x128__LR_prcp_ewvf_nwvf_ERA5__LOSS_sdfweighted__HEADS_4__TIMESTEPS_56/summary/evaluation_summary.json,features.gen_ens_L,SAL location component,,zero,,,0.0,0.04386116389662195,0.06323210150884043,0.04386116389662195,-0.019370937612218475,-0.02634317074990139,0.015266518355647928,Features,inside_v0_range
V0_M_0__HR_prcp_DANRA__SIZE_128x128__LR_prcp_msl_ERA5__LOSS_sdfweighted__HEADS_4__TIMESTEPS_56,V0_M_0,V0_M_0,1,/Users/au728490/ceddar_runs/models_and_samples/evaluation/V0_M_0__HR_prcp_DANRA__SIZE_128x128__LR_prcp_msl_ERA5__LOSS_sdfweighted__HEADS_4__TIMESTEPS_56/summary/evaluation_summary.json,features.gen_ens_L,SAL location component,,zero,,,0.0,0.04386116389662195,0.03910176522759176,0.04386116389662195,0.00475939866903019,-0.02634317074990139,0.015266518355647928,Features,inside_v0_range
V0_M_0__seed2__HR_prcp_DANRA__SIZE_128x128__LR_prcp_msl_ERA5__LOSS_sdfweighted__HEADS_4__TIMESTEPS_56,V0_M_0_seed2,V0_M_0,2,/Users/au728490/ceddar_runs/models_and_samples/evaluation/V0_M_0__seed2__HR_prcp_DANRA__SIZE_128x128__LR_prcp_msl_ERA5__LOSS_sdfweighted__HEADS_4__TIMESTEPS_56/summary/evaluation_summary.json,features.gen_ens_L,SAL location component,,zero,,,0.0,0.04386116389662195,0.013407289461348308,0.04386116389662195,0.030453874435273642,-0.02634317074990139,0.015266518355647928,Features,favourable
V0_M_1__HR_prcp_DANRA__SIZE_128x128__LR_prcp_msl_ERA5__LOSS_sdfweighted__HEADS_4__TIMESTEPS_56,V0_M_1,V0_M_1,1,/Users/au728490/ceddar_runs/models_and_samples/evaluation/V0_M_1__HR_prcp_DANRA__SIZE_128x128__LR_prcp_msl_ERA5__LOSS_sdfweighted__HEADS_4__TIMESTEPS_56/summary/evaluation_summary.json,features.gen_ens_L,SAL location component,,zero,,,0.0,0.04386116389662195,0.029732628296694256,0.04386116389662195,0.014128535599927695,-0.02634317074990139,0.015266518355647928,Features,inside_v0_range
V0_M_1__seed2__HR_prcp_DANRA__SIZE_128x128__LR_prcp_msl_ERA5__LOSS_sdfweighted__HEADS_4__TIMESTEPS_56,V0_M_1_seed2,V0_M_1,2,/Users/au728490/ceddar_runs/models_and_samples/evaluation/V0_M_1__seed2__HR_prcp_DANRA__SIZE_128x128__LR_prcp_msl_ERA5__LOSS_sdfweighted__HEADS_4__TIMESTEPS_56/summary/evaluation_summary.json,features.gen_ens_L,SAL location component,,zero,,,0.0,0.04386116389662195,0.03743087859425548,0.04386116389662195,0.006430285302366473,-0.02634317074990139,0.015266518355647928,Features,inside_v0_range
V0_T_0__HR_prcp_DANRA__SIZE_128x128__LR_prcp_thetae_pl_850_ERA5__LOSS_sdfweighted__HEADS_4__TIMESTEPS_56,V0_T_0,V0_T_0,1,/Users/au728490/ceddar_runs/models_and_samples/evaluation/V0_T_0__HR_prcp_DANRA__SIZE_128x128__LR_prcp_thetae_pl_850_ERA5__LOSS_sdfweighted__HEADS_4__TIMESTEPS_56/summary/evaluation_summary.json,features.gen_ens_L,SAL location component,,zero,,,0.0,0.04386116389662195,0.03727249518451308,0.04386116389662195,0.006588668712108871,-0.02634317074990139,0.015266518355647928,Features,inside_v0_range
V0_T_0__seed2__HR_prcp_DANRA__SIZE_128x128__LR_prcp_thetae_pl_850_ERA5__LOSS_sdfweighted__HEADS_4__TIMESTEPS_56,V0_T_0_seed2,V0_T_0,2,/Users/au728490/ceddar_runs/models_and_samples/evaluation/V0_T_0__seed2__HR_prcp_DANRA__SIZE_128x128__LR_prcp_thetae_pl_850_ERA5__LOSS_sdfweighted__HEADS_4__TIMESTEPS_56/summary/evaluation_summary.json,features.gen_ens_L,SAL location component,,zero,,,0.0,0.04386116389662195,0.037400654496668184,0.04386116389662195,0.006460509399953768,-0.02634317074990139,0.015266518355647928,Features,inside_v0_range
V0_T_1__HR_prcp_DANRA__SIZE_128x128__LR_prcp_thetae_pl_850_ERA5__LOSS_sdfweighted__HEADS_4__TIMESTEPS_56,V0_T_1,V0_T_1,1,/Users/au728490/ceddar_runs/models_and_samples/evaluation/V0_T_1__HR_prcp_DANRA__SIZE_128x128__LR_prcp_thetae_pl_850_ERA5__LOSS_sdfweighted__HEADS_4__TIMESTEPS_56/summary/evaluation_summary.json,features.gen_ens_L,SAL location component,,zero,,,0.0,0.04386116389662195,0.023371261478420453,0.04386116389662195,0.0204899024182015,-0.02634317074990139,0.015266518355647928,Features,favourable
V0_T_1__seed2__HR_prcp_DANRA__SIZE_128x128__LR_prcp_thetae_pl_850_ERA5__LOSS_sdfweighted__HEADS_4__TIMESTEPS_56,V0_T_1_seed2,V0_T_1,2,/Users/au728490/ceddar_runs/models_and_samples/evaluation/V0_T_1__seed2__HR_prcp_DANRA__SIZE_128x128__LR_prcp_thetae_pl_850_ERA5__LOSS_sdfweighted__HEADS_4__TIMESTEPS_56/summary/evaluation_summary.json,features.gen_ens_L,SAL location component,,zero,,,0.0,0.04386116389662195,0.033722157423849444,0.04386116389662195,0.010139006472772508,-0.02634317074990139,0.015266518355647928,Features,inside_v0_range
V0_Z_0__HR_prcp_DANRA__SIZE_128x128__LR_prcp_z_pl_500_ERA5__LOSS_sdfweighted__HEADS_4__TIMESTEPS_56,V0_Z_0,V0_Z_0,1,/Users/au728490/ceddar_runs/models_and_samples/evaluation/V0_Z_0__HR_prcp_DANRA__SIZE_128x128__LR_prcp_z_pl_500_ERA5__LOSS_sdfweighted__HEADS_4__TIMESTEPS_56/summary/evaluation_summary.json,features.gen_ens_L,SAL location component,,zero,,,0.0,0.04386116389662195,0.095194610696019,0.04386116389662195,-0.05133344679939705,-0.02634317074990139,0.015266518355647928,Features,unfavourable
V0_Z_0__seed2__HR_prcp_DANRA__SIZE_128x128__LR_prcp_z_pl_500_ERA5__LOSS_sdfweighted__HEADS_4__TIMESTEPS_56,V0_Z_0_seed2,V0_Z_0,2,/Users/au728490/ceddar_runs/models_and_samples/evaluation/V0_Z_0__seed2__HR_prcp_DANRA__SIZE_128x128__LR_prcp_z_pl_500_ERA5__LOSS_sdfweighted__HEADS_4__TIMESTEPS_56/summary/evaluation_summary.json,features.gen_ens_L,SAL location component,,zero,,,0.0,0.04386116389662195,0.020879879832756194,0.04386116389662195,0.022981284063865758,-0.02634317074990139,0.015266518355647928,Features,favourable
V0_Z_1__HR_prcp_DANRA__SIZE_128x128__LR_prcp_z_pl_500_ERA5__LOSS_sdfweighted__HEADS_4__TIMESTEPS_56,V0_Z_1,V0_Z_1,1,/Users/au728490/ceddar_runs/models_and_samples/evaluation/V0_Z_1__HR_prcp_DANRA__SIZE_128x128__LR_prcp_z_pl_500_ERA5__LOSS_sdfweighted__HEADS_4__TIMESTEPS_56/summary/evaluation_summary.json,features.gen_ens_L,SAL location component,,zero,,,0.0,0.04386116389662195,0.029145700185723447,0.04386116389662195,0.014715463710898505,-0.02634317074990139,0.015266518355647928,Features,inside_v0_range
V0_Z_1__seed2__HR_prcp_DANRA__SIZE_128x128__LR_prcp_z_pl_500_ERA5__LOSS_sdfweighted__HEADS_4__TIMESTEPS_56,V0_Z_1_seed2,V0_Z_1,2,/Users/au728490/ceddar_runs/models_and_samples/evaluation/V0_Z_1__seed2__HR_prcp_DANRA__SIZE_128x128__LR_prcp_z_pl_500_ERA5__LOSS_sdfweighted__HEADS_4__TIMESTEPS_56/summary/evaluation_summary.json,features.gen_ens_L,SAL location component,,zero,,,0.0,0.04386116389662195,0.02121981825852835,0.04386116389662195,0.022641345638093602,-0.02634317074990139,0.015266518355647928,Features,favourable
D_IP_1__HR_prcp_DANRA__SIZE_128x128__LR_prcp_ewvf_nwvf_ERA5__LOSS_sdfweighted__HEADS_4__TIMESTEPS_56,D_IP_1,D_IP_1,1,/Users/au728490/ceddar_runs/models_and_samples/evaluation/D_IP_1__HR_prcp_DANRA__SIZE_128x128__LR_prcp_ewvf_nwvf_ERA5__LOSS_sdfweighted__HEADS_4__TIMESTEPS_56/summary/evaluation_summary.json,features.gen_ens_L,SAL location component,,zero,,,0.0,0.04386116389662195,0.03473623889783819,0.04386116389662195,0.009124924998783764,-0.02634317074990139,0.015266518355647928,Features,inside_v0_range
D_IP_1__seed2__HR_prcp_DANRA__SIZE_128x128__LR_prcp_ewvf_nwvf_ERA5__LOSS_sdfweighted__HEADS_4__TIMESTEPS_56,D_IP_1_seed2,D_IP_1,2,/Users/au728490/ceddar_runs/models_and_samples/evaluation/D_IP_1__seed2__HR_prcp_DANRA__SIZE_128x128__LR_prcp_ewvf_nwvf_ERA5__LOSS_sdfweighted__HEADS_4__TIMESTEPS_56/summary/evaluation_summary.json,features.gen_ens_L,SAL location component,,zero,,,0.0,0.04386116389662195,0.04097678289741595,0.04386116389662195,0.0028843809992060016,-0.02634317074990139,0.015266518355647928,Features,inside_v0_range
D_MZP_1__HR_prcp_DANRA__SIZE_128x128__LR_prcp_msl_z_pl_500_ERA5__LOSS_sdfweighted__HEADS_4__TIMESTEPS_56,D_MZP_1,D_MZP_1,1,/Users/au728490/ceddar_runs/models_and_samples/evaluation/D_MZP_1__HR_prcp_DANRA__SIZE_128x128__LR_prcp_msl_z_pl_500_ERA5__LOSS_sdfweighted__HEADS_4__TIMESTEPS_56/summary/evaluation_summary.json,features.gen_ens_L,SAL location component,,zero,,,0.0,0.04386116389662195,0.021333860772673734,0.04386116389662195,0.02252730312394822,-0.02634317074990139,0.015266518355647928,Features,favourable
D_MZP_1__seed2__HR_prcp_DANRA__SIZE_128x128__LR_prcp_msl_z_pl_500_ERA5__LOSS_sdfweighted__HEADS_4__TIMESTEPS_56,D_MZP_1_seed2,D_MZP_1,2,/Users/au728490/ceddar_runs/models_and_samples/evaluation/D_MZP_1__seed2__HR_prcp_DANRA__SIZE_128x128__LR_prcp_msl_z_pl_500_ERA5__LOSS_sdfweighted__HEADS_4__TIMESTEPS_56/summary/evaluation_summary.json,features.gen_ens_L,SAL location component,,zero,,,0.0,0.04386116389662195,0.051312439182120285,0.04386116389662195,-0.007451275285498334,-0.02634317074990139,0.015266518355647928,Features,inside_v0_range
D_MTP_0__HR_prcp_DANRA__SIZE_128x128__LR_prcp_msl_thetae_pl_850_ERA5__LOSS_sdfweighted__HEADS_4__TIMESTEPS_56,D_MTP_0,D_MTP_0,1,/Users/au728490/ceddar_runs/models_and_samples/evaluation/D_MTP_0__HR_prcp_DANRA__SIZE_128x128__LR_prcp_msl_thetae_pl_850_ERA5__LOSS_sdfweighted__HEADS_4__TIMESTEPS_56/summary/evaluation_summary.json,features.gen_ens_L,SAL location component,,zero,,,0.0,0.04386116389662195,0.026261883252034778,0.04386116389662195,0.017599280644587174,-0.02634317074990139,0.015266518355647928,Features,favourable
D_MTP_0__seed2__HR_prcp_DANRA__SIZE_128x128__LR_prcp_msl_thetae_pl_850_ERA5__LOSS_sdfweighted__HEADS_4__TIMESTEPS_56,D_MTP_0_seed2,D_MTP_0,2,/Users/au728490/ceddar_runs/models_and_samples/evaluation/D_MTP_0__seed2__HR_prcp_DANRA__SIZE_128x128__LR_prcp_msl_thetae_pl_850_ERA5__LOSS_sdfweighted__HEADS_4__TIMESTEPS_56/summary/evaluation_summary.json,features.gen_ens_L,SAL location component,,zero,,,0.0,0.04386116389662195,0.05016580929296355,0.04386116389662195,-0.006304645396341596,-0.02634317074990139,0.015266518355647928,Features,inside_v0_range
D_MTP_1__HR_prcp_DANRA__SIZE_128x128__LR_prcp_msl_thetae_pl_850_ERA5__LOSS_sdfweighted__HEADS_4__TIMESTEPS_56,D_MTP_1,D_MTP_1,1,/Users/au728490/ceddar_runs/models_and_samples/evaluation/D_MTP_1__HR_prcp_DANRA__SIZE_128x128__LR_prcp_msl_thetae_pl_850_ERA5__LOSS_sdfweighted__HEADS_4__TIMESTEPS_56/summary/evaluation_summary.json,features.gen_ens_L,SAL location component,,zero,,,0.0,0.04386116389662195,0.026669644535269176,0.04386116389662195,0.017191519361352776,-0.02634317074990139,0.015266518355647928,Features,favourable
D_MTP_1__seed2__HR_prcp_DANRA__SIZE_128x128__LR_prcp_msl_thetae_pl_850_ERA5__LOSS_sdfweighted__HEADS_4__TIMESTEPS_56,D_MTP_1_seed2,D_MTP_1,2,/Users/au728490/ceddar_runs/models_and_samples/evaluation/D_MTP_1__seed2__HR_prcp_DANRA__SIZE_128x128__LR_prcp_msl_thetae_pl_850_ERA5__LOSS_sdfweighted__HEADS_4__TIMESTEPS_56/summary/evaluation_summary.json,features.gen_ens_L,SAL location component,,zero,,,0.0,0.04386116389662195,0.03212750849320149,0.04386116389662195,0.01173365540342046,-0.02634317074990139,0.015266518355647928,Features,inside_v0_range
D_MTCP_1__HR_prcp_DANRA__SIZE_128x128__LR_prcp_msl_thetae_pl_850_cape_ERA5__LOSS_sdfweighted__HEADS_4__TIMESTEPS_56,D_MTCP_1,D_MTCP_1,1,/Users/au728490/ceddar_runs/models_and_samples/evaluation/D_MTCP_1__HR_prcp_DANRA__SIZE_128x128__LR_prcp_msl_thetae_pl_850_cape_ERA5__LOSS_sdfweighted__HEADS_4__TIMESTEPS_56/summary/evaluation_summary.json,features.gen_ens_L,SAL location component,,zero,,,0.0,0.04386116389662195,0.03357540260019689,0.04386116389662195,0.010285761296425062,-0.02634317074990139,0.015266518355647928,Features,inside_v0_range
D_MTCP_1__seed2__HR_prcp_DANRA__SIZE_128x128__LR_prcp_msl_thetae_pl_850_cape_ERA5__LOSS_sdfweighted__HEADS_4__TIMESTEPS_56,D_MTCP_1_seed2,D_MTCP_1,2,/Users/au728490/ceddar_runs/models_and_samples/evaluation/D_MTCP_1__seed2__HR_prcp_DANRA__SIZE_128x128__LR_prcp_msl_thetae_pl_850_cape_ERA5__LOSS_sdfweighted__HEADS_4__TIMESTEPS_56/summary/evaluation_summary.json,features.gen_ens_L,SAL location component,,zero,,,0.0,0.04386116389662195,0.05169105369993168,0.04386116389662195,-0.00782988980330973,-0.02634317074990139,0.015266518355647928,Features,inside_v0_range
D_MZIP_1__HR_prcp_DANRA__SIZE_128x128__LR_prcp_msl_z_pl_500_ewvf_nwvf_ERA5__LOSS_sdfweighted__HEADS_4__TIMESTEPS_56,D_MZIP_1,D_MZIP_1,1,/Users/au728490/ceddar_runs/models_and_samples/evaluation/D_MZIP_1__HR_prcp_DANRA__SIZE_128x128__LR_prcp_msl_z_pl_500_ewvf_nwvf_ERA5__LOSS_sdfweighted__HEADS_4__TIMESTEPS_56/summary/evaluation_summary.json,features.gen_ens_L,SAL location component,,zero,,,0.0,0.04386116389662195,0.045343655424371576,0.04386116389662195,-0.0014824915277496242,-0.02634317074990139,0.015266518355647928,Features,inside_v0_range
D_MZIP_1__seed2__HR_prcp_DANRA__SIZE_128x128__LR_prcp_msl_z_pl_500_ewvf_nwvf_ERA5__LOSS_sdfweighted__HEADS_4__TIMESTEPS_56,D_MZIP_1_seed2,D_MZIP_1,2,/Users/au728490/ceddar_runs/models_and_samples/evaluation/D_MZIP_1__seed2__HR_prcp_DANRA__SIZE_128x128__LR_prcp_msl_z_pl_500_ewvf_nwvf_ERA5__LOSS_sdfweighted__HEADS_4__TIMESTEPS_56/summary/evaluation_summary.json,features.gen_ens_L,SAL location component,,zero,,,0.0,0.04386116389662195,0.07081797451250513,0.04386116389662195,-0.026956810615883176,-0.02634317074990139,0.015266518355647928,Features,unfavourable
D_MT_1__HR_prcp_DANRA__SIZE_128x128__LR_msl_thetae_pl_850_ERA5__LOSS_sdfweighted__HEADS_4__TIMESTEPS_56,D_MT_1,D_MT_1,1,/Users/au728490/ceddar_runs/models_and_samples/evaluation/D_MT_1__HR_prcp_DANRA__SIZE_128x128__LR_msl_thetae_pl_850_ERA5__LOSS_sdfweighted__HEADS_4__TIMESTEPS_56/summary/evaluation_summary.json,features.gen_ens_L,SAL location component,,zero,,,0.0,0.04386116389662195,0.05397712820671167,0.04386116389662195,-0.010115964310089716,-0.02634317074990139,0.015266518355647928,Features,inside_v0_range
D_MT_1__seed2__HR_prcp_DANRA__SIZE_128x128__LR_msl_thetae_pl_850_ERA5__LOSS_sdfweighted__HEADS_4__TIMESTEPS_56,D_MT_1_seed2,D_MT_1,2,/Users/au728490/ceddar_runs/models_and_samples/evaluation/D_MT_1__seed2__HR_prcp_DANRA__SIZE_128x128__LR_msl_thetae_pl_850_ERA5__LOSS_sdfweighted__HEADS_4__TIMESTEPS_56/summary/evaluation_summary.json,features.gen_ens_L,SAL location component,,zero,,,0.0,0.04386116389662195,0.07231694258842714,0.04386116389662195,-0.028455778691805184,-0.02634317074990139,0.015266518355647928,Features,unfavourable
D_MTC_1__HR_prcp_DANRA__SIZE_128x128__LR_msl_thetae_pl_850_cape_ERA5__LOSS_sdfweighted__HEADS_4__TIMESTEPS_56,D_MTC_1,D_MTC_1,1,/Users/au728490/ceddar_runs/models_and_samples/evaluation/D_MTC_1__HR_prcp_DANRA__SIZE_128x128__LR_msl_thetae_pl_850_cape_ERA5__LOSS_sdfweighted__HEADS_4__TIMESTEPS_56/summary/evaluation_summary.json,features.gen_ens_L,SAL location component,,zero,,,0.0,0.04386116389662195,0.05981684537732515,0.04386116389662195,-0.0159556814807032,-0.02634317074990139,0.015266518355647928,Features,inside_v0_range
D_MTC_1__seed2__HR_prcp_DANRA__SIZE_128x128__LR_msl_thetae_pl_850_cape_ERA5__LOSS_sdfweighted__HEADS_4__TIMESTEPS_56,D_MTC_1_seed2,D_MTC_1,2,/Users/au728490/ceddar_runs/models_and_samples/evaluation/D_MTC_1__seed2__HR_prcp_DANRA__SIZE_128x128__LR_msl_thetae_pl_850_cape_ERA5__LOSS_sdfweighted__HEADS_4__TIMESTEPS_56/summary/evaluation_summary.json,features.gen_ens_L,SAL location component,,zero,,,0.0,0.04386116389662195,0.0542839008200899,0.04386116389662195,-0.01042273692346795,-0.02634317074990139,0.015266518355647928,Features,inside_v0_range
C_10__HR_prcp_DANRA__SIZE_128x128__LR_prcp_ERA5__LOSS_sdfweighted__HEADS_4__TIMESTEPS_56,C_10,C_10,1,/Users/au728490/ceddar_runs/models_and_samples/evaluation/C_10__HR_prcp_DANRA__SIZE_128x128__LR_prcp_ERA5__LOSS_sdfweighted__HEADS_4__TIMESTEPS_56/summary/evaluation_summary.json,climatological.annual_sum_mean,Mean annual precipitation,mm year$^{-1}$,hr,climatological.hr_annual_sum_mean,877.1588134765625,877.1588134765625,191.258544921875,729.3935546875,685.9002685546875,43.4932861328125,-60.02362060546875,85.261474609375,Climatological,inside_v0_range
C_10__seed2__HR_prcp_DANRA__SIZE_128x128__LR_prcp_ERA5__LOSS_sdfweighted__HEADS_4__TIMESTEPS_56,C_10_seed2,C_10,2,/Users/au728490/ceddar_runs/models_and_samples/evaluation/C_10__seed2__HR_prcp_DANRA__SIZE_128x128__LR_prcp_ERA5__LOSS_sdfweighted__HEADS_4__TIMESTEPS_56/summary/evaluation_summary.json,climatological.annual_sum_mean,Mean annual precipitation,mm year$^{-1}$,hr,climatological.hr_annual_sum_mean,877.1588134765625,877.1588134765625,191.258544921875,700.9620361328125,685.9002685546875,15.061767578125,-60.02362060546875,85.261474609375,Climatological,inside_v0_range
V0_C_0__HR_prcp_DANRA__SIZE_128x128__LR_prcp_cape_ERA5__LOSS_sdfweighted__HEADS_4__TIMESTEPS_56,V0_C_0,V0_C_0,1,/Users/au728490/ceddar_runs/models_and_samples/evaluation/V0_C_0__HR_prcp_DANRA__SIZE_128x128__LR_prcp_cape_ERA5__LOSS_sdfweighted__HEADS_4__TIMESTEPS_56/summary/evaluation_summary.json,climatological.annual_sum_mean,Mean annual precipitation,mm year$^{-1}$,hr,climatological.hr_annual_sum_mean,877.1588134765625,877.1588134765625,191.258544921875,613.0679321289062,685.9002685546875,-72.83233642578125,-60.02362060546875,85.261474609375,Climatological,unfavourable
V0_C_0__seed2__HR_prcp_DANRA__SIZE_128x128__LR_prcp_cape_ERA5__LOSS_sdfweighted__HEADS_4__TIMESTEPS_56,V0_C_0_seed2,V0_C_0,2,/Users/au728490/ceddar_runs/models_and_samples/evaluation/V0_C_0__seed2__HR_prcp_DANRA__SIZE_128x128__LR_prcp_cape_ERA5__LOSS_sdfweighted__HEADS_4__TIMESTEPS_56/summary/evaluation_summary.json,climatological.annual_sum_mean,Mean annual precipitation,mm year$^{-1}$,hr,climatological.hr_annual_sum_mean,877.1588134765625,877.1588134765625,191.258544921875,683.1214599609375,685.9002685546875,-2.77880859375,-60.02362060546875,85.261474609375,Climatological,inside_v0_range
V0_C_1__HR_prcp_DANRA__SIZE_128x128__LR_prcp_cape_ERA5__LOSS_sdfweighted__HEADS_4__TIMESTEPS_56,V0_C_1,V0_C_1,1,/Users/au728490/ceddar_runs/models_and_samples/evaluation/V0_C_1__HR_prcp_DANRA__SIZE_128x128__LR_prcp_cape_ERA5__LOSS_sdfweighted__HEADS_4__TIMESTEPS_56/summary/evaluation_summary.json,climatological.annual_sum_mean,Mean annual precipitation,mm year$^{-1}$,hr,climatological.hr_annual_sum_mean,877.1588134765625,877.1588134765625,191.258544921875,728.720458984375,685.9002685546875,42.8201904296875,-60.02362060546875,85.261474609375,Climatological,inside_v0_range
V0_C_1__seed2__HR_prcp_DANRA__SIZE_128x128__LR_prcp_cape_ERA5__LOSS_sdfweighted__HEADS_4__TIMESTEPS_56,V0_C_1_seed2,V0_C_1,2,/Users/au728490/ceddar_runs/models_and_samples/evaluation/V0_C_1__seed2__HR_prcp_DANRA__SIZE_128x128__LR_prcp_cape_ERA5__LOSS_sdfweighted__HEADS_4__TIMESTEPS_56/summary/evaluation_summary.json,climatological.annual_sum_mean,Mean annual precipitation,mm year$^{-1}$,hr,climatological.hr_annual_sum_mean,877.1588134765625,877.1588134765625,191.258544921875,740.943115234375,685.9002685546875,55.0428466796875,-60.02362060546875,85.261474609375,Climatological,inside_v0_range
V0_I_0__HR_prcp_DANRA__SIZE_128x128__LR_prcp_ewvf_nwvf_ERA5__LOSS_sdfweighted__HEADS_4__TIMESTEPS_56,V0_I_0,V0_I_0,1,/Users/au728490/ceddar_runs/models_and_samples/evaluation/V0_I_0__HR_prcp_DANRA__SIZE_128x128__LR_prcp_ewvf_nwvf_ERA5__LOSS_sdfweighted__HEADS_4__TIMESTEPS_56/summary/evaluation_summary.json,climatological.annual_sum_mean,Mean annual precipitation,mm year$^{-1}$,hr,climatological.hr_annual_sum_mean,877.1588134765625,877.1588134765625,191.258544921875,704.247802734375,685.9002685546875,18.3475341796875,-60.02362060546875,85.261474609375,Climatological,inside_v0_range
V0_I_0__seed2__HR_prcp_DANRA__SIZE_128x128__LR_prcp_ewvf_nwvf_ERA5__LOSS_sdfweighted__HEADS_4__TIMESTEPS_56,V0_I_0_seed2,V0_I_0,2,/Users/au728490/ceddar_runs/models_and_samples/evaluation/V0_I_0__seed2__HR_prcp_DANRA__SIZE_128x128__LR_prcp_ewvf_nwvf_ERA5__LOSS_sdfweighted__HEADS_4__TIMESTEPS_56/summary/evaluation_summary.json,climatological.annual_sum_mean,Mean annual precipitation,mm year$^{-1}$,hr,climatological.hr_annual_sum_mean,877.1588134765625,877.1588134765625,191.258544921875,636.4241943359375,685.9002685546875,-49.47607421875,-60.02362060546875,85.261474609375,Climatological,inside_v0_range
V0_I_1__HR_prcp_DANRA__SIZE_128x128__LR_prcp_ewvf_nwvf_ERA5__LOSS_sdfweighted__HEADS_4__TIMESTEPS_56,V0_I_1,V0_I_1,1,/Users/au728490/ceddar_runs/models_and_samples/evaluation/V0_I_1__HR_prcp_DANRA__SIZE_128x128__LR_prcp_ewvf_nwvf_ERA5__LOSS_sdfweighted__HEADS_4__TIMESTEPS_56/summary/evaluation_summary.json,climatological.annual_sum_mean,Mean annual precipitation,mm year$^{-1}$,hr,climatological.hr_annual_sum_mean,877.1588134765625,877.1588134765625,191.258544921875,610.1207275390625,685.9002685546875,-75.779541015625,-60.02362060546875,85.261474609375,Climatological,unfavourable
V0_I_1__seed2__HR_prcp_DANRA__SIZE_128x128__LR_prcp_ewvf_nwvf_ERA5__LOSS_sdfweighted__HEADS_4__TIMESTEPS_56,V0_I_1_seed2,V0_I_1,2,/Users/au728490/ceddar_runs/models_and_samples/evaluation/V0_I_1__seed2__HR_prcp_DANRA__SIZE_128x128__LR_prcp_ewvf_nwvf_ERA5__LOSS_sdfweighted__HEADS_4__TIMESTEPS_56/summary/evaluation_summary.json,climatological.annual_sum_mean,Mean annual precipitation,mm year$^{-1}$,hr,climatological.hr_annual_sum_mean,877.1588134765625,877.1588134765625,191.258544921875,674.0238037109375,685.9002685546875,-11.87646484375,-60.02362060546875,85.261474609375,Climatological,inside_v0_range
V0_M_0__HR_prcp_DANRA__SIZE_128x128__LR_prcp_msl_ERA5__LOSS_sdfweighted__HEADS_4__TIMESTEPS_56,V0_M_0,V0_M_0,1,/Users/au728490/ceddar_runs/models_and_samples/evaluation/V0_M_0__HR_prcp_DANRA__SIZE_128x128__LR_prcp_msl_ERA5__LOSS_sdfweighted__HEADS_4__TIMESTEPS_56/summary/evaluation_summary.json,climatological.annual_sum_mean,Mean annual precipitation,mm year$^{-1}$,hr,climatological.hr_annual_sum_mean,877.1588134765625,877.1588134765625,191.258544921875,655.0636596679688,685.9002685546875,-30.83660888671875,-60.02362060546875,85.261474609375,Climatological,inside_v0_range
V0_M_0__seed2__HR_prcp_DANRA__SIZE_128x128__LR_prcp_msl_ERA5__LOSS_sdfweighted__HEADS_4__TIMESTEPS_56,V0_M_0_seed2,V0_M_0,2,/Users/au728490/ceddar_runs/models_and_samples/evaluation/V0_M_0__seed2__HR_prcp_DANRA__SIZE_128x128__LR_prcp_msl_ERA5__LOSS_sdfweighted__HEADS_4__TIMESTEPS_56/summary/evaluation_summary.json,climatological.annual_sum_mean,Mean annual precipitation,mm year$^{-1}$,hr,climatological.hr_annual_sum_mean,877.1588134765625,877.1588134765625,191.258544921875,727.6119384765625,685.9002685546875,41.711669921875,-60.02362060546875,85.261474609375,Climatological,inside_v0_range
V0_M_1__HR_prcp_DANRA__SIZE_128x128__LR_prcp_msl_ERA5__LOSS_sdfweighted__HEADS_4__TIMESTEPS_56,V0_M_1,V0_M_1,1,/Users/au728490/ceddar_runs/models_and_samples/evaluation/V0_M_1__HR_prcp_DANRA__SIZE_128x128__LR_prcp_msl_ERA5__LOSS_sdfweighted__HEADS_4__TIMESTEPS_56/summary/evaluation_summary.json,climatological.annual_sum_mean,Mean annual precipitation,mm year$^{-1}$,hr,climatological.hr_annual_sum_mean,877.1588134765625,877.1588134765625,191.258544921875,641.7977294921875,685.9002685546875,-44.1025390625,-60.02362060546875,85.261474609375,Climatological,inside_v0_range
V0_M_1__seed2__HR_prcp_DANRA__SIZE_128x128__LR_prcp_msl_ERA5__LOSS_sdfweighted__HEADS_4__TIMESTEPS_56,V0_M_1_seed2,V0_M_1,2,/Users/au728490/ceddar_runs/models_and_samples/evaluation/V0_M_1__seed2__HR_prcp_DANRA__SIZE_128x128__LR_prcp_msl_ERA5__LOSS_sdfweighted__HEADS_4__TIMESTEPS_56/summary/evaluation_summary.json,climatological.annual_sum_mean,Mean annual precipitation,mm year$^{-1}$,hr,climatological.hr_annual_sum_mean,877.1588134765625,877.1588134765625,191.258544921875,743.231201171875,685.9002685546875,57.3309326171875,-60.02362060546875,85.261474609375,Climatological,inside_v0_range
V0_T_0__HR_prcp_DANRA__SIZE_128x128__LR_prcp_thetae_pl_850_ERA5__LOSS_sdfweighted__HEADS_4__TIMESTEPS_56,V0_T_0,V0_T_0,1,/Users/au728490/ceddar_runs/models_and_samples/evaluation/V0_T_0__HR_prcp_DANRA__SIZE_128x128__LR_prcp_thetae_pl_850_ERA5__LOSS_sdfweighted__HEADS_4__TIMESTEPS_56/summary/evaluation_summary.json,climatological.annual_sum_mean,Mean annual precipitation,mm year$^{-1}$,hr,climatological.hr_annual_sum_mean,877.1588134765625,877.1588134765625,191.258544921875,656.5264282226562,685.9002685546875,-29.37384033203125,-60.02362060546875,85.261474609375,Climatological,inside_v0_range
V0_T_0__seed2__HR_prcp_DANRA__SIZE_128x128__LR_prcp_thetae_pl_850_ERA5__LOSS_sdfweighted__HEADS_4__TIMESTEPS_56,V0_T_0_seed2,V0_T_0,2,/Users/au728490/ceddar_runs/models_and_samples/evaluation/V0_T_0__seed2__HR_prcp_DANRA__SIZE_128x128__LR_prcp_thetae_pl_850_ERA5__LOSS_sdfweighted__HEADS_4__TIMESTEPS_56/summary/evaluation_summary.json,climatological.annual_sum_mean,Mean annual precipitation,mm year$^{-1}$,hr,climatological.hr_annual_sum_mean,877.1588134765625,877.1588134765625,191.258544921875,764.5823974609375,685.9002685546875,78.68212890625,-60.02362060546875,85.261474609375,Climatological,inside_v0_range
V0_T_1__HR_prcp_DANRA__SIZE_128x128__LR_prcp_thetae_pl_850_ERA5__LOSS_sdfweighted__HEADS_4__TIMESTEPS_56,V0_T_1,V0_T_1,1,/Users/au728490/ceddar_runs/models_and_samples/evaluation/V0_T_1__HR_prcp_DANRA__SIZE_128x128__LR_prcp_thetae_pl_850_ERA5__LOSS_sdfweighted__HEADS_4__TIMESTEPS_56/summary/evaluation_summary.json,climatological.annual_sum_mean,Mean annual precipitation,mm year$^{-1}$,hr,climatological.hr_annual_sum_mean,877.1588134765625,877.1588134765625,191.258544921875,782.7293701171875,685.9002685546875,96.8291015625,-60.02362060546875,85.261474609375,Climatological,favourable
V0_T_1__seed2__HR_prcp_DANRA__SIZE_128x128__LR_prcp_thetae_pl_850_ERA5__LOSS_sdfweighted__HEADS_4__TIMESTEPS_56,V0_T_1_seed2,V0_T_1,2,/Users/au728490/ceddar_runs/models_and_samples/evaluation/V0_T_1__seed2__HR_prcp_DANRA__SIZE_128x128__LR_prcp_thetae_pl_850_ERA5__LOSS_sdfweighted__HEADS_4__TIMESTEPS_56/summary/evaluation_summary.json,climatological.annual_sum_mean,Mean annual precipitation,mm year$^{-1}$,hr,climatological.hr_annual_sum_mean,877.1588134765625,877.1588134765625,191.258544921875,670.7808837890625,685.9002685546875,-15.119384765625,-60.02362060546875,85.261474609375,Climatological,inside_v0_range
V0_Z_0__HR_prcp_DANRA__SIZE_128x128__LR_prcp_z_pl_500_ERA5__LOSS_sdfweighted__HEADS_4__TIMESTEPS_56,V0_Z_0,V0_Z_0,1,/Users/au728490/ceddar_runs/models_and_samples/evaluation/V0_Z_0__HR_prcp_DANRA__SIZE_128x128__LR_prcp_z_pl_500_ERA5__LOSS_sdfweighted__HEADS_4__TIMESTEPS_56/summary/evaluation_summary.json,climatological.annual_sum_mean,Mean annual precipitation,mm year$^{-1}$,hr,climatological.hr_annual_sum_mean,877.1588134765625,877.1588134765625,191.258544921875,740.5557861328125,685.9002685546875,54.655517578125,-60.02362060546875,85.261474609375,Climatological,inside_v0_range
V0_Z_0__seed2__HR_prcp_DANRA__SIZE_128x128__LR_prcp_z_pl_500_ERA5__LOSS_sdfweighted__HEADS_4__TIMESTEPS_56,V0_Z_0_seed2,V0_Z_0,2,/Users/au728490/ceddar_runs/models_and_samples/evaluation/V0_Z_0__seed2__HR_prcp_DANRA__SIZE_128x128__LR_prcp_z_pl_500_ERA5__LOSS_sdfweighted__HEADS_4__TIMESTEPS_56/summary/evaluation_summary.json,climatological.annual_sum_mean,Mean annual precipitation,mm year$^{-1}$,hr,climatological.hr_annual_sum_mean,877.1588134765625,877.1588134765625,191.258544921875,681.2635498046875,685.9002685546875,-4.63671875,-60.02362060546875,85.261474609375,Climatological,inside_v0_range
V0_Z_1__HR_prcp_DANRA__SIZE_128x128__LR_prcp_z_pl_500_ERA5__LOSS_sdfweighted__HEADS_4__TIMESTEPS_56,V0_Z_1,V0_Z_1,1,/Users/au728490/ceddar_runs/models_and_samples/evaluation/V0_Z_1__HR_prcp_DANRA__SIZE_128x128__LR_prcp_z_pl_500_ERA5__LOSS_sdfweighted__HEADS_4__TIMESTEPS_56/summary/evaluation_summary.json,climatological.annual_sum_mean,Mean annual precipitation,mm year$^{-1}$,hr,climatological.hr_annual_sum_mean,877.1588134765625,877.1588134765625,191.258544921875,708.016357421875,685.9002685546875,22.1160888671875,-60.02362060546875,85.261474609375,Climatological,inside_v0_range
V0_Z_1__seed2__HR_prcp_DANRA__SIZE_128x128__LR_prcp_z_pl_500_ERA5__LOSS_sdfweighted__HEADS_4__TIMESTEPS_56,V0_Z_1_seed2,V0_Z_1,2,/Users/au728490/ceddar_runs/models_and_samples/evaluation/V0_Z_1__seed2__HR_prcp_DANRA__SIZE_128x128__LR_prcp_z_pl_500_ERA5__LOSS_sdfweighted__HEADS_4__TIMESTEPS_56/summary/evaluation_summary.json,climatological.annual_sum_mean,Mean annual precipitation,mm year$^{-1}$,hr,climatological.hr_annual_sum_mean,877.1588134765625,877.1588134765625,191.258544921875,732.45556640625,685.9002685546875,46.5552978515625,-60.02362060546875,85.261474609375,Climatological,inside_v0_range
D_IP_1__HR_prcp_DANRA__SIZE_128x128__LR_prcp_ewvf_nwvf_ERA5__LOSS_sdfweighted__HEADS_4__TIMESTEPS_56,D_IP_1,D_IP_1,1,/Users/au728490/ceddar_runs/models_and_samples/evaluation/D_IP_1__HR_prcp_DANRA__SIZE_128x128__LR_prcp_ewvf_nwvf_ERA5__LOSS_sdfweighted__HEADS_4__TIMESTEPS_56/summary/evaluation_summary.json,climatological.annual_sum_mean,Mean annual precipitation,mm year$^{-1}$,hr,climatological.hr_annual_sum_mean,877.1588134765625,877.1588134765625,191.258544921875,699.3543701171875,685.9002685546875,13.4541015625,-60.02362060546875,85.261474609375,Climatological,inside_v0_range
D_IP_1__seed2__HR_prcp_DANRA__SIZE_128x128__LR_prcp_ewvf_nwvf_ERA5__LOSS_sdfweighted__HEADS_4__TIMESTEPS_56,D_IP_1_seed2,D_IP_1,2,/Users/au728490/ceddar_runs/models_and_samples/evaluation/D_IP_1__seed2__HR_prcp_DANRA__SIZE_128x128__LR_prcp_ewvf_nwvf_ERA5__LOSS_sdfweighted__HEADS_4__TIMESTEPS_56/summary/evaluation_summary.json,climatological.annual_sum_mean,Mean annual precipitation,mm year$^{-1}$,hr,climatological.hr_annual_sum_mean,877.1588134765625,877.1588134765625,191.258544921875,720.78955078125,685.9002685546875,34.8892822265625,-60.02362060546875,85.261474609375,Climatological,inside_v0_range
D_MZP_1__HR_prcp_DANRA__SIZE_128x128__LR_prcp_msl_z_pl_500_ERA5__LOSS_sdfweighted__HEADS_4__TIMESTEPS_56,D_MZP_1,D_MZP_1,1,/Users/au728490/ceddar_runs/models_and_samples/evaluation/D_MZP_1__HR_prcp_DANRA__SIZE_128x128__LR_prcp_msl_z_pl_500_ERA5__LOSS_sdfweighted__HEADS_4__TIMESTEPS_56/summary/evaluation_summary.json,climatological.annual_sum_mean,Mean annual precipitation,mm year$^{-1}$,hr,climatological.hr_annual_sum_mean,877.1588134765625,877.1588134765625,191.258544921875,622.28173828125,685.9002685546875,-63.6185302734375,-60.02362060546875,85.261474609375,Climatological,unfavourable
D_MZP_1__seed2__HR_prcp_DANRA__SIZE_128x128__LR_prcp_msl_z_pl_500_ERA5__LOSS_sdfweighted__HEADS_4__TIMESTEPS_56,D_MZP_1_seed2,D_MZP_1,2,/Users/au728490/ceddar_runs/models_and_samples/evaluation/D_MZP_1__seed2__HR_prcp_DANRA__SIZE_128x128__LR_prcp_msl_z_pl_500_ERA5__LOSS_sdfweighted__HEADS_4__TIMESTEPS_56/summary/evaluation_summary.json,climatological.annual_sum_mean,Mean annual precipitation,mm year$^{-1}$,hr,climatological.hr_annual_sum_mean,877.1588134765625,877.1588134765625,191.258544921875,742.3631591796875,685.9002685546875,56.462890625,-60.02362060546875,85.261474609375,Climatological,inside_v0_range
D_MTP_0__HR_prcp_DANRA__SIZE_128x128__LR_prcp_msl_thetae_pl_850_ERA5__LOSS_sdfweighted__HEADS_4__TIMESTEPS_56,D_MTP_0,D_MTP_0,1,/Users/au728490/ceddar_runs/models_and_samples/evaluation/D_MTP_0__HR_prcp_DANRA__SIZE_128x128__LR_prcp_msl_thetae_pl_850_ERA5__LOSS_sdfweighted__HEADS_4__TIMESTEPS_56/summary/evaluation_summary.json,climatological.annual_sum_mean,Mean annual precipitation,mm year$^{-1}$,hr,climatological.hr_annual_sum_mean,877.1588134765625,877.1588134765625,191.258544921875,647.5877685546875,685.9002685546875,-38.3125,-60.02362060546875,85.261474609375,Climatological,inside_v0_range
D_MTP_0__seed2__HR_prcp_DANRA__SIZE_128x128__LR_prcp_msl_thetae_pl_850_ERA5__LOSS_sdfweighted__HEADS_4__TIMESTEPS_56,D_MTP_0_seed2,D_MTP_0,2,/Users/au728490/ceddar_runs/models_and_samples/evaluation/D_MTP_0__seed2__HR_prcp_DANRA__SIZE_128x128__LR_prcp_msl_thetae_pl_850_ERA5__LOSS_sdfweighted__HEADS_4__TIMESTEPS_56/summary/evaluation_summary.json,climatological.annual_sum_mean,Mean annual precipitation,mm year$^{-1}$,hr,climatological.hr_annual_sum_mean,877.1588134765625,877.1588134765625,191.258544921875,726.2449340820312,685.9002685546875,40.34466552734375,-60.02362060546875,85.261474609375,Climatological,inside_v0_range
D_MTP_1__HR_prcp_DANRA__SIZE_128x128__LR_prcp_msl_thetae_pl_850_ERA5__LOSS_sdfweighted__HEADS_4__TIMESTEPS_56,D_MTP_1,D_MTP_1,1,/Users/au728490/ceddar_runs/models_and_samples/evaluation/D_MTP_1__HR_prcp_DANRA__SIZE_128x128__LR_prcp_msl_thetae_pl_850_ERA5__LOSS_sdfweighted__HEADS_4__TIMESTEPS_56/summary/evaluation_summary.json,climatological.annual_sum_mean,Mean annual precipitation,mm year$^{-1}$,hr,climatological.hr_annual_sum_mean,877.1588134765625,877.1588134765625,191.258544921875,732.97802734375,685.9002685546875,47.0777587890625,-60.02362060546875,85.261474609375,Climatological,inside_v0_range
D_MTP_1__seed2__HR_prcp_DANRA__SIZE_128x128__LR_prcp_msl_thetae_pl_850_ERA5__LOSS_sdfweighted__HEADS_4__TIMESTEPS_56,D_MTP_1_seed2,D_MTP_1,2,/Users/au728490/ceddar_runs/models_and_samples/evaluation/D_MTP_1__seed2__HR_prcp_DANRA__SIZE_128x128__LR_prcp_msl_thetae_pl_850_ERA5__LOSS_sdfweighted__HEADS_4__TIMESTEPS_56/summary/evaluation_summary.json,climatological.annual_sum_mean,Mean annual precipitation,mm year$^{-1}$,hr,climatological.hr_annual_sum_mean,877.1588134765625,877.1588134765625,191.258544921875,714.0582275390625,685.9002685546875,28.157958984375,-60.02362060546875,85.261474609375,Climatological,inside_v0_range
D_MTCP_1__HR_prcp_DANRA__SIZE_128x128__LR_prcp_msl_thetae_pl_850_cape_ERA5__LOSS_sdfweighted__HEADS_4__TIMESTEPS_56,D_MTCP_1,D_MTCP_1,1,/Users/au728490/ceddar_runs/models_and_samples/evaluation/D_MTCP_1__HR_prcp_DANRA__SIZE_128x128__LR_prcp_msl_thetae_pl_850_cape_ERA5__LOSS_sdfweighted__HEADS_4__TIMESTEPS_56/summary/evaluation_summary.json,climatological.annual_sum_mean,Mean annual precipitation,mm year$^{-1}$,hr,climatological.hr_annual_sum_mean,877.1588134765625,877.1588134765625,191.258544921875,705.4969482421875,685.9002685546875,19.5966796875,-60.02362060546875,85.261474609375,Climatological,inside_v0_range
D_MTCP_1__seed2__HR_prcp_DANRA__SIZE_128x128__LR_prcp_msl_thetae_pl_850_cape_ERA5__LOSS_sdfweighted__HEADS_4__TIMESTEPS_56,D_MTCP_1_seed2,D_MTCP_1,2,/Users/au728490/ceddar_runs/models_and_samples/evaluation/D_MTCP_1__seed2__HR_prcp_DANRA__SIZE_128x128__LR_prcp_msl_thetae_pl_850_cape_ERA5__LOSS_sdfweighted__HEADS_4__TIMESTEPS_56/summary/evaluation_summary.json,climatological.annual_sum_mean,Mean annual precipitation,mm year$^{-1}$,hr,climatological.hr_annual_sum_mean,877.1588134765625,877.1588134765625,191.258544921875,667.4473876953125,685.9002685546875,-18.452880859375,-60.02362060546875,85.261474609375,Climatological,inside_v0_range
D_MZIP_1__HR_prcp_DANRA__SIZE_128x128__LR_prcp_msl_z_pl_500_ewvf_nwvf_ERA5__LOSS_sdfweighted__HEADS_4__TIMESTEPS_56,D_MZIP_1,D_MZIP_1,1,/Users/au728490/ceddar_runs/models_and_samples/evaluation/D_MZIP_1__HR_prcp_DANRA__SIZE_128x128__LR_prcp_msl_z_pl_500_ewvf_nwvf_ERA5__LOSS_sdfweighted__HEADS_4__TIMESTEPS_56/summary/evaluation_summary.json,climatological.annual_sum_mean,Mean annual precipitation,mm year$^{-1}$,hr,climatological.hr_annual_sum_mean,877.1588134765625,877.1588134765625,191.258544921875,737.80419921875,685.9002685546875,51.9039306640625,-60.02362060546875,85.261474609375,Climatological,inside_v0_range
D_MZIP_1__seed2__HR_prcp_DANRA__SIZE_128x128__LR_prcp_msl_z_pl_500_ewvf_nwvf_ERA5__LOSS_sdfweighted__HEADS_4__TIMESTEPS_56,D_MZIP_1_seed2,D_MZIP_1,2,/Users/au728490/ceddar_runs/models_and_samples/evaluation/D_MZIP_1__seed2__HR_prcp_DANRA__SIZE_128x128__LR_prcp_msl_z_pl_500_ewvf_nwvf_ERA5__LOSS_sdfweighted__HEADS_4__TIMESTEPS_56/summary/evaluation_summary.json,climatological.annual_sum_mean,Mean annual precipitation,mm year$^{-1}$,hr,climatological.hr_annual_sum_mean,877.1588134765625,877.1588134765625,191.258544921875,749.27001953125,685.9002685546875,63.3697509765625,-60.02362060546875,85.261474609375,Climatological,inside_v0_range
D_MT_1__HR_prcp_DANRA__SIZE_128x128__LR_msl_thetae_pl_850_ERA5__LOSS_sdfweighted__HEADS_4__TIMESTEPS_56,D_MT_1,D_MT_1,1,/Users/au728490/ceddar_runs/models_and_samples/evaluation/D_MT_1__HR_prcp_DANRA__SIZE_128x128__LR_msl_thetae_pl_850_ERA5__LOSS_sdfweighted__HEADS_4__TIMESTEPS_56/summary/evaluation_summary.json,climatological.annual_sum_mean,Mean annual precipitation,mm year$^{-1}$,hr,climatological.hr_annual_sum_mean,877.1588134765625,877.1588134765625,191.258544921875,422.00860595703125,685.9002685546875,-263.89166259765625,-60.02362060546875,85.261474609375,Climatological,unfavourable
D_MT_1__seed2__HR_prcp_DANRA__SIZE_128x128__LR_msl_thetae_pl_850_ERA5__LOSS_sdfweighted__HEADS_4__TIMESTEPS_56,D_MT_1_seed2,D_MT_1,2,/Users/au728490/ceddar_runs/models_and_samples/evaluation/D_MT_1__seed2__HR_prcp_DANRA__SIZE_128x128__LR_msl_thetae_pl_850_ERA5__LOSS_sdfweighted__HEADS_4__TIMESTEPS_56/summary/evaluation_summary.json,climatological.annual_sum_mean,Mean annual precipitation,mm year$^{-1}$,hr,climatological.hr_annual_sum_mean,877.1588134765625,877.1588134765625,191.258544921875,327.7957763671875,685.9002685546875,-358.1044921875,-60.02362060546875,85.261474609375,Climatological,unfavourable
D_MTC_1__HR_prcp_DANRA__SIZE_128x128__LR_msl_thetae_pl_850_cape_ERA5__LOSS_sdfweighted__HEADS_4__TIMESTEPS_56,D_MTC_1,D_MTC_1,1,/Users/au728490/ceddar_runs/models_and_samples/evaluation/D_MTC_1__HR_prcp_DANRA__SIZE_128x128__LR_msl_thetae_pl_850_cape_ERA5__LOSS_sdfweighted__HEADS_4__TIMESTEPS_56/summary/evaluation_summary.json,climatological.annual_sum_mean,Mean annual precipitation,mm year$^{-1}$,hr,climatological.hr_annual_sum_mean,877.1588134765625,877.1588134765625,191.258544921875,443.853515625,685.9002685546875,-242.0467529296875,-60.02362060546875,85.261474609375,Climatological,unfavourable
D_MTC_1__seed2__HR_prcp_DANRA__SIZE_128x128__LR_msl_thetae_pl_850_cape_ERA5__LOSS_sdfweighted__HEADS_4__TIMESTEPS_56,D_MTC_1_seed2,D_MTC_1,2,/Users/au728490/ceddar_runs/models_and_samples/evaluation/D_MTC_1__seed2__HR_prcp_DANRA__SIZE_128x128__LR_msl_thetae_pl_850_cape_ERA5__LOSS_sdfweighted__HEADS_4__TIMESTEPS_56/summary/evaluation_summary.json,climatological.annual_sum_mean,Mean annual precipitation,mm year$^{-1}$,hr,climatological.hr_annual_sum_mean,877.1588134765625,877.1588134765625,191.258544921875,611.29541015625,685.9002685546875,-74.6048583984375,-60.02362060546875,85.261474609375,Climatological,unfavourable
C_10__HR_prcp_DANRA__SIZE_128x128__LR_prcp_ERA5__LOSS_sdfweighted__HEADS_4__TIMESTEPS_56,C_10,C_10,1,/Users/au728490/ceddar_runs/models_and_samples/evaluation/C_10__HR_prcp_DANRA__SIZE_128x128__LR_prcp_ERA5__LOSS_sdfweighted__HEADS_4__TIMESTEPS_56/summary/evaluation_summary.json,climatological.annual_sum_std,Spatial SD of annual precipitation,mm year$^{-1}$,hr,climatological.hr_annual_sum_std,146.65576171875,146.65576171875,49.47269948323568,123.41931915283203,97.18306223551433,26.23625691731771,-13.640902201334633,16.755589803059898,Climatological,favourable
C_10__seed2__HR_prcp_DANRA__SIZE_128x128__LR_prcp_ERA5__LOSS_sdfweighted__HEADS_4__TIMESTEPS_56,C_10_seed2,C_10,2,/Users/au728490/ceddar_runs/models_and_samples/evaluation/C_10__seed2__HR_prcp_DANRA__SIZE_128x128__LR_prcp_ERA5__LOSS_sdfweighted__HEADS_4__TIMESTEPS_56/summary/evaluation_summary.json,climatological.annual_sum_std,Spatial SD of annual precipitation,mm year$^{-1}$,hr,climatological.hr_annual_sum_std,146.65576171875,146.65576171875,49.47269948323568,111.69678497314453,97.18306223551433,14.51372273763021,-13.640902201334633,16.755589803059898,Climatological,inside_v0_range
V0_C_0__HR_prcp_DANRA__SIZE_128x128__LR_prcp_cape_ERA5__LOSS_sdfweighted__HEADS_4__TIMESTEPS_56,V0_C_0,V0_C_0,1,/Users/au728490/ceddar_runs/models_and_samples/evaluation/V0_C_0__HR_prcp_DANRA__SIZE_128x128__LR_prcp_cape_ERA5__LOSS_sdfweighted__HEADS_4__TIMESTEPS_56/summary/evaluation_summary.json,climatological.annual_sum_std,Spatial SD of annual precipitation,mm year$^{-1}$,hr,climatological.hr_annual_sum_std,146.65576171875,146.65576171875,49.47269948323568,93.0483627319336,97.18306223551433,-4.134699503580727,-13.640902201334633,16.755589803059898,Climatological,inside_v0_range
V0_C_0__seed2__HR_prcp_DANRA__SIZE_128x128__LR_prcp_cape_ERA5__LOSS_sdfweighted__HEADS_4__TIMESTEPS_56,V0_C_0_seed2,V0_C_0,2,/Users/au728490/ceddar_runs/models_and_samples/evaluation/V0_C_0__seed2__HR_prcp_DANRA__SIZE_128x128__LR_prcp_cape_ERA5__LOSS_sdfweighted__HEADS_4__TIMESTEPS_56/summary/evaluation_summary.json,climatological.annual_sum_std,Spatial SD of annual precipitation,mm year$^{-1}$,hr,climatological.hr_annual_sum_std,146.65576171875,146.65576171875,49.47269948323568,108.42010498046875,97.18306223551433,11.23704274495443,-13.640902201334633,16.755589803059898,Climatological,inside_v0_range
V0_C_1__HR_prcp_DANRA__SIZE_128x128__LR_prcp_cape_ERA5__LOSS_sdfweighted__HEADS_4__TIMESTEPS_56,V0_C_1,V0_C_1,1,/Users/au728490/ceddar_runs/models_and_samples/evaluation/V0_C_1__HR_prcp_DANRA__SIZE_128x128__LR_prcp_cape_ERA5__LOSS_sdfweighted__HEADS_4__TIMESTEPS_56/summary/evaluation_summary.json,climatological.annual_sum_std,Spatial SD of annual precipitation,mm year$^{-1}$,hr,climatological.hr_annual_sum_std,146.65576171875,146.65576171875,49.47269948323568,101.92577362060547,97.18306223551433,4.742711385091148,-13.640902201334633,16.755589803059898,Climatological,inside_v0_range
V0_C_1__seed2__HR_prcp_DANRA__SIZE_128x128__LR_prcp_cape_ERA5__LOSS_sdfweighted__HEADS_4__TIMESTEPS_56,V0_C_1_seed2,V0_C_1,2,/Users/au728490/ceddar_runs/models_and_samples/evaluation/V0_C_1__seed2__HR_prcp_DANRA__SIZE_128x128__LR_prcp_cape_ERA5__LOSS_sdfweighted__HEADS_4__TIMESTEPS_56/summary/evaluation_summary.json,climatological.annual_sum_std,Spatial SD of annual precipitation,mm year$^{-1}$,hr,climatological.hr_annual_sum_std,146.65576171875,146.65576171875,49.47269948323568,103.57221984863281,97.18306223551433,6.389157613118492,-13.640902201334633,16.755589803059898,Climatological,inside_v0_range
V0_I_0__HR_prcp_DANRA__SIZE_128x128__LR_prcp_ewvf_nwvf_ERA5__LOSS_sdfweighted__HEADS_4__TIMESTEPS_56,V0_I_0,V0_I_0,1,/Users/au728490/ceddar_runs/models_and_samples/evaluation/V0_I_0__HR_prcp_DANRA__SIZE_128x128__LR_prcp_ewvf_nwvf_ERA5__LOSS_sdfweighted__HEADS_4__TIMESTEPS_56/summary/evaluation_summary.json,climatological.annual_sum_std,Spatial SD of annual precipitation,mm year$^{-1}$,hr,climatological.hr_annual_sum_std,146.65576171875,146.65576171875,49.47269948323568,108.52046203613281,97.18306223551433,11.337399800618492,-13.640902201334633,16.755589803059898,Climatological,inside_v0_range
V0_I_0__seed2__HR_prcp_DANRA__SIZE_128x128__LR_prcp_ewvf_nwvf_ERA5__LOSS_sdfweighted__HEADS_4__TIMESTEPS_56,V0_I_0_seed2,V0_I_0,2,/Users/au728490/ceddar_runs/models_and_samples/evaluation/V0_I_0__seed2__HR_prcp_DANRA__SIZE_128x128__LR_prcp_ewvf_nwvf_ERA5__LOSS_sdfweighted__HEADS_4__TIMESTEPS_56/summary/evaluation_summary.json,climatological.annual_sum_std,Spatial SD of annual precipitation,mm year$^{-1}$,hr,climatological.hr_annual_sum_std,146.65576171875,146.65576171875,49.47269948323568,95.02062225341797,97.18306223551433,-2.162439982096352,-13.640902201334633,16.755589803059898,Climatological,inside_v0_range
V0_I_1__HR_prcp_DANRA__SIZE_128x128__LR_prcp_ewvf_nwvf_ERA5__LOSS_sdfweighted__HEADS_4__TIMESTEPS_56,V0_I_1,V0_I_1,1,/Users/au728490/ceddar_runs/models_and_samples/evaluation/V0_I_1__HR_prcp_DANRA__SIZE_128x128__LR_prcp_ewvf_nwvf_ERA5__LOSS_sdfweighted__HEADS_4__TIMESTEPS_56/summary/evaluation_summary.json,climatological.annual_sum_std,Spatial SD of annual precipitation,mm year$^{-1}$,hr,climatological.hr_annual_sum_std,146.65576171875,146.65576171875,49.47269948323568,84.48809814453125,97.18306223551433,-12.69496409098307,-13.640902201334633,16.755589803059898,Climatological,inside_v0_range
V0_I_1__seed2__HR_prcp_DANRA__SIZE_128x128__LR_prcp_ewvf_nwvf_ERA5__LOSS_sdfweighted__HEADS_4__TIMESTEPS_56,V0_I_1_seed2,V0_I_1,2,/Users/au728490/ceddar_runs/models_and_samples/evaluation/V0_I_1__seed2__HR_prcp_DANRA__SIZE_128x128__LR_prcp_ewvf_nwvf_ERA5__LOSS_sdfweighted__HEADS_4__TIMESTEPS_56/summary/evaluation_summary.json,climatological.annual_sum_std,Spatial SD of annual precipitation,mm year$^{-1}$,hr,climatological.hr_annual_sum_std,146.65576171875,146.65576171875,49.47269948323568,106.30303192138672,97.18306223551433,9.119969685872398,-13.640902201334633,16.755589803059898,Climatological,inside_v0_range
V0_M_0__HR_prcp_DANRA__SIZE_128x128__LR_prcp_msl_ERA5__LOSS_sdfweighted__HEADS_4__TIMESTEPS_56,V0_M_0,V0_M_0,1,/Users/au728490/ceddar_runs/models_and_samples/evaluation/V0_M_0__HR_prcp_DANRA__SIZE_128x128__LR_prcp_msl_ERA5__LOSS_sdfweighted__HEADS_4__TIMESTEPS_56/summary/evaluation_summary.json,climatological.annual_sum_std,Spatial SD of annual precipitation,mm year$^{-1}$,hr,climatological.hr_annual_sum_std,146.65576171875,146.65576171875,49.47269948323568,100.1398696899414,97.18306223551433,2.9568074544270857,-13.640902201334633,16.755589803059898,Climatological,inside_v0_range
V0_M_0__seed2__HR_prcp_DANRA__SIZE_128x128__LR_prcp_msl_ERA5__LOSS_sdfweighted__HEADS_4__TIMESTEPS_56,V0_M_0_seed2,V0_M_0,2,/Users/au728490/ceddar_runs/models_and_samples/evaluation/V0_M_0__seed2__HR_prcp_DANRA__SIZE_128x128__LR_prcp_msl_ERA5__LOSS_sdfweighted__HEADS_4__TIMESTEPS_56/summary/evaluation_summary.json,climatological.annual_sum_std,Spatial SD of annual precipitation,mm year$^{-1}$,hr,climatological.hr_annual_sum_std,146.65576171875,146.65576171875,49.47269948323568,131.59461975097656,97.18306223551433,34.41155751546224,-13.640902201334633,16.755589803059898,Climatological,favourable
V0_M_1__HR_prcp_DANRA__SIZE_128x128__LR_prcp_msl_ERA5__LOSS_sdfweighted__HEADS_4__TIMESTEPS_56,V0_M_1,V0_M_1,1,/Users/au728490/ceddar_runs/models_and_samples/evaluation/V0_M_1__HR_prcp_DANRA__SIZE_128x128__LR_prcp_msl_ERA5__LOSS_sdfweighted__HEADS_4__TIMESTEPS_56/summary/evaluation_summary.json,climatological.annual_sum_std,Spatial SD of annual precipitation,mm year$^{-1}$,hr,climatological.hr_annual_sum_std,146.65576171875,146.65576171875,49.47269948323568,84.45860290527344,97.18306223551433,-12.724459330240883,-13.640902201334633,16.755589803059898,Climatological,inside_v0_range
V0_M_1__seed2__HR_prcp_DANRA__SIZE_128x128__LR_prcp_msl_ERA5__LOSS_sdfweighted__HEADS_4__TIMESTEPS_56,V0_M_1_seed2,V0_M_1,2,/Users/au728490/ceddar_runs/models_and_samples/evaluation/V0_M_1__seed2__HR_prcp_DANRA__SIZE_128x128__LR_prcp_msl_ERA5__LOSS_sdfweighted__HEADS_4__TIMESTEPS_56/summary/evaluation_summary.json,climatological.annual_sum_std,Spatial SD of annual precipitation,mm year$^{-1}$,hr,climatological.hr_annual_sum_std,146.65576171875,146.65576171875,49.47269948323568,114.73743438720703,97.18306223551433,17.55437215169271,-13.640902201334633,16.755589803059898,Climatological,favourable
V0_T_0__HR_prcp_DANRA__SIZE_128x128__LR_prcp_thetae_pl_850_ERA5__LOSS_sdfweighted__HEADS_4__TIMESTEPS_56,V0_T_0,V0_T_0,1,/Users/au728490/ceddar_runs/models_and_samples/evaluation/V0_T_0__HR_prcp_DANRA__SIZE_128x128__LR_prcp_thetae_pl_850_ERA5__LOSS_sdfweighted__HEADS_4__TIMESTEPS_56/summary/evaluation_summary.json,climatological.annual_sum_std,Spatial SD of annual precipitation,mm year$^{-1}$,hr,climatological.hr_annual_sum_std,146.65576171875,146.65576171875,49.47269948323568,99.39704132080078,97.18306223551433,2.2139790852864607,-13.640902201334633,16.755589803059898,Climatological,inside_v0_range
V0_T_0__seed2__HR_prcp_DANRA__SIZE_128x128__LR_prcp_thetae_pl_850_ERA5__LOSS_sdfweighted__HEADS_4__TIMESTEPS_56,V0_T_0_seed2,V0_T_0,2,/Users/au728490/ceddar_runs/models_and_samples/evaluation/V0_T_0__seed2__HR_prcp_DANRA__SIZE_128x128__LR_prcp_thetae_pl_850_ERA5__LOSS_sdfweighted__HEADS_4__TIMESTEPS_56/summary/evaluation_summary.json,climatological.annual_sum_std,Spatial SD of annual precipitation,mm year$^{-1}$,hr,climatological.hr_annual_sum_std,146.65576171875,146.65576171875,49.47269948323568,124.3858642578125,97.18306223551433,27.20280202229818,-13.640902201334633,16.755589803059898,Climatological,favourable
V0_T_1__HR_prcp_DANRA__SIZE_128x128__LR_prcp_thetae_pl_850_ERA5__LOSS_sdfweighted__HEADS_4__TIMESTEPS_56,V0_T_1,V0_T_1,1,/Users/au728490/ceddar_runs/models_and_samples/evaluation/V0_T_1__HR_prcp_DANRA__SIZE_128x128__LR_prcp_thetae_pl_850_ERA5__LOSS_sdfweighted__HEADS_4__TIMESTEPS_56/summary/evaluation_summary.json,climatological.annual_sum_std,Spatial SD of annual precipitation,mm year$^{-1}$,hr,climatological.hr_annual_sum_std,146.65576171875,146.65576171875,49.47269948323568,117.2903823852539,97.18306223551433,20.107320149739586,-13.640902201334633,16.755589803059898,Climatological,favourable
V0_T_1__seed2__HR_prcp_DANRA__SIZE_128x128__LR_prcp_thetae_pl_850_ERA5__LOSS_sdfweighted__HEADS_4__TIMESTEPS_56,V0_T_1_seed2,V0_T_1,2,/Users/au728490/ceddar_runs/models_and_samples/evaluation/V0_T_1__seed2__HR_prcp_DANRA__SIZE_128x128__LR_prcp_thetae_pl_850_ERA5__LOSS_sdfweighted__HEADS_4__TIMESTEPS_56/summary/evaluation_summary.json,climatological.annual_sum_std,Spatial SD of annual precipitation,mm year$^{-1}$,hr,climatological.hr_annual_sum_std,146.65576171875,146.65576171875,49.47269948323568,87.60845184326172,97.18306223551433,-9.574610392252602,-13.640902201334633,16.755589803059898,Climatological,inside_v0_range
V0_Z_0__HR_prcp_DANRA__SIZE_128x128__LR_prcp_z_pl_500_ERA5__LOSS_sdfweighted__HEADS_4__TIMESTEPS_56,V0_Z_0,V0_Z_0,1,/Users/au728490/ceddar_runs/models_and_samples/evaluation/V0_Z_0__HR_prcp_DANRA__SIZE_128x128__LR_prcp_z_pl_500_ERA5__LOSS_sdfweighted__HEADS_4__TIMESTEPS_56/summary/evaluation_summary.json,climatological.annual_sum_std,Spatial SD of annual precipitation,mm year$^{-1}$,hr,climatological.hr_annual_sum_std,146.65576171875,146.65576171875,49.47269948323568,109.8171615600586,97.18306223551433,12.634099324544273,-13.640902201334633,16.755589803059898,Climatological,inside_v0_range
V0_Z_0__seed2__HR_prcp_DANRA__SIZE_128x128__LR_prcp_z_pl_500_ERA5__LOSS_sdfweighted__HEADS_4__TIMESTEPS_56,V0_Z_0_seed2,V0_Z_0,2,/Users/au728490/ceddar_runs/models_and_samples/evaluation/V0_Z_0__seed2__HR_prcp_DANRA__SIZE_128x128__LR_prcp_z_pl_500_ERA5__LOSS_sdfweighted__HEADS_4__TIMESTEPS_56/summary/evaluation_summary.json,climatological.annual_sum_std,Spatial SD of annual precipitation,mm year$^{-1}$,hr,climatological.hr_annual_sum_std,146.65576171875,146.65576171875,49.47269948323568,112.69337463378906,97.18306223551433,15.510312398274742,-13.640902201334633,16.755589803059898,Climatological,inside_v0_range
V0_Z_1__HR_prcp_DANRA__SIZE_128x128__LR_prcp_z_pl_500_ERA5__LOSS_sdfweighted__HEADS_4__TIMESTEPS_56,V0_Z_1,V0_Z_1,1,/Users/au728490/ceddar_runs/models_and_samples/evaluation/V0_Z_1__HR_prcp_DANRA__SIZE_128x128__LR_prcp_z_pl_500_ERA5__LOSS_sdfweighted__HEADS_4__TIMESTEPS_56/summary/evaluation_summary.json,climatological.annual_sum_std,Spatial SD of annual precipitation,mm year$^{-1}$,hr,climatological.hr_annual_sum_std,146.65576171875,146.65576171875,49.47269948323568,104.74549865722656,97.18306223551433,7.562436421712242,-13.640902201334633,16.755589803059898,Climatological,inside_v0_range
V0_Z_1__seed2__HR_prcp_DANRA__SIZE_128x128__LR_prcp_z_pl_500_ERA5__LOSS_sdfweighted__HEADS_4__TIMESTEPS_56,V0_Z_1_seed2,V0_Z_1,2,/Users/au728490/ceddar_runs/models_and_samples/evaluation/V0_Z_1__seed2__HR_prcp_DANRA__SIZE_128x128__LR_prcp_z_pl_500_ERA5__LOSS_sdfweighted__HEADS_4__TIMESTEPS_56/summary/evaluation_summary.json,climatological.annual_sum_std,Spatial SD of annual precipitation,mm year$^{-1}$,hr,climatological.hr_annual_sum_std,146.65576171875,146.65576171875,49.47269948323568,112.01310729980469,97.18306223551433,14.830045064290367,-13.640902201334633,16.755589803059898,Climatological,inside_v0_range
D_IP_1__HR_prcp_DANRA__SIZE_128x128__LR_prcp_ewvf_nwvf_ERA5__LOSS_sdfweighted__HEADS_4__TIMESTEPS_56,D_IP_1,D_IP_1,1,/Users/au728490/ceddar_runs/models_and_samples/evaluation/D_IP_1__HR_prcp_DANRA__SIZE_128x128__LR_prcp_ewvf_nwvf_ERA5__LOSS_sdfweighted__HEADS_4__TIMESTEPS_56/summary/evaluation_summary.json,climatological.annual_sum_std,Spatial SD of annual precipitation,mm year$^{-1}$,hr,climatological.hr_annual_sum_std,146.65576171875,146.65576171875,49.47269948323568,98.98711395263672,97.18306223551433,1.8040517171223982,-13.640902201334633,16.755589803059898,Climatological,inside_v0_range
D_IP_1__seed2__HR_prcp_DANRA__SIZE_128x128__LR_prcp_ewvf_nwvf_ERA5__LOSS_sdfweighted__HEADS_4__TIMESTEPS_56,D_IP_1_seed2,D_IP_1,2,/Users/au728490/ceddar_runs/models_and_samples/evaluation/D_IP_1__seed2__HR_prcp_DANRA__SIZE_128x128__LR_prcp_ewvf_nwvf_ERA5__LOSS_sdfweighted__HEADS_4__TIMESTEPS_56/summary/evaluation_summary.json,climatological.annual_sum_std,Spatial SD of annual precipitation,mm year$^{-1}$,hr,climatological.hr_annual_sum_std,146.65576171875,146.65576171875,49.47269948323568,103.28067016601562,97.18306223551433,6.0976079305013045,-13.640902201334633,16.755589803059898,Climatological,inside_v0_range
D_MZP_1__HR_prcp_DANRA__SIZE_128x128__LR_prcp_msl_z_pl_500_ERA5__LOSS_sdfweighted__HEADS_4__TIMESTEPS_56,D_MZP_1,D_MZP_1,1,/Users/au728490/ceddar_runs/models_and_samples/evaluation/D_MZP_1__HR_prcp_DANRA__SIZE_128x128__LR_prcp_msl_z_pl_500_ERA5__LOSS_sdfweighted__HEADS_4__TIMESTEPS_56/summary/evaluation_summary.json,climatological.annual_sum_std,Spatial SD of annual precipitation,mm year$^{-1}$,hr,climatological.hr_annual_sum_std,146.65576171875,146.65576171875,49.47269948323568,111.5560073852539,97.18306223551433,14.372945149739586,-13.640902201334633,16.755589803059898,Climatological,inside_v0_range
D_MZP_1__seed2__HR_prcp_DANRA__SIZE_128x128__LR_prcp_msl_z_pl_500_ERA5__LOSS_sdfweighted__HEADS_4__TIMESTEPS_56,D_MZP_1_seed2,D_MZP_1,2,/Users/au728490/ceddar_runs/models_and_samples/evaluation/D_MZP_1__seed2__HR_prcp_DANRA__SIZE_128x128__LR_prcp_msl_z_pl_500_ERA5__LOSS_sdfweighted__HEADS_4__TIMESTEPS_56/summary/evaluation_summary.json,climatological.annual_sum_std,Spatial SD of annual precipitation,mm year$^{-1}$,hr,climatological.hr_annual_sum_std,146.65576171875,146.65576171875,49.47269948323568,95.37374877929688,97.18306223551433,-1.8093134562174455,-13.640902201334633,16.755589803059898,Climatological,inside_v0_range
D_MTP_0__HR_prcp_DANRA__SIZE_128x128__LR_prcp_msl_thetae_pl_850_ERA5__LOSS_sdfweighted__HEADS_4__TIMESTEPS_56,D_MTP_0,D_MTP_0,1,/Users/au728490/ceddar_runs/models_and_samples/evaluation/D_MTP_0__HR_prcp_DANRA__SIZE_128x128__LR_prcp_msl_thetae_pl_850_ERA5__LOSS_sdfweighted__HEADS_4__TIMESTEPS_56/summary/evaluation_summary.json,climatological.annual_sum_std,Spatial SD of annual precipitation,mm year$^{-1}$,hr,climatological.hr_annual_sum_std,146.65576171875,146.65576171875,49.47269948323568,90.93913269042969,97.18306223551433,-6.243929545084633,-13.640902201334633,16.755589803059898,Climatological,inside_v0_range
D_MTP_0__seed2__HR_prcp_DANRA__SIZE_128x128__LR_prcp_msl_thetae_pl_850_ERA5__LOSS_sdfweighted__HEADS_4__TIMESTEPS_56,D_MTP_0_seed2,D_MTP_0,2,/Users/au728490/ceddar_runs/models_and_samples/evaluation/D_MTP_0__seed2__HR_prcp_DANRA__SIZE_128x128__LR_prcp_msl_thetae_pl_850_ERA5__LOSS_sdfweighted__HEADS_4__TIMESTEPS_56/summary/evaluation_summary.json,climatological.annual_sum_std,Spatial SD of annual precipitation,mm year$^{-1}$,hr,climatological.hr_annual_sum_std,146.65576171875,146.65576171875,49.47269948323568,115.20073699951172,97.18306223551433,18.017674763997398,-13.640902201334633,16.755589803059898,Climatological,favourable
D_MTP_1__HR_prcp_DANRA__SIZE_128x128__LR_prcp_msl_thetae_pl_850_ERA5__LOSS_sdfweighted__HEADS_4__TIMESTEPS_56,D_MTP_1,D_MTP_1,1,/Users/au728490/ceddar_runs/models_and_samples/evaluation/D_MTP_1__HR_prcp_DANRA__SIZE_128x128__LR_prcp_msl_thetae_pl_850_ERA5__LOSS_sdfweighted__HEADS_4__TIMESTEPS_56/summary/evaluation_summary.json,climatological.annual_sum_std,Spatial SD of annual precipitation,mm year$^{-1}$,hr,climatological.hr_annual_sum_std,146.65576171875,146.65576171875,49.47269948323568,98.32405090332031,97.18306223551433,1.140988667805992,-13.640902201334633,16.755589803059898,Climatological,inside_v0_range
D_MTP_1__seed2__HR_prcp_DANRA__SIZE_128x128__LR_prcp_msl_thetae_pl_850_ERA5__LOSS_sdfweighted__HEADS_4__TIMESTEPS_56,D_MTP_1_seed2,D_MTP_1,2,/Users/au728490/ceddar_runs/models_and_samples/evaluation/D_MTP_1__seed2__HR_prcp_DANRA__SIZE_128x128__LR_prcp_msl_thetae_pl_850_ERA5__LOSS_sdfweighted__HEADS_4__TIMESTEPS_56/summary/evaluation_summary.json,climatological.annual_sum_std,Spatial SD of annual precipitation,mm year$^{-1}$,hr,climatological.hr_annual_sum_std,146.65576171875,146.65576171875,49.47269948323568,105.6337661743164,97.18306223551433,8.450703938802086,-13.640902201334633,16.755589803059898,Climatological,inside_v0_range
D_MTCP_1__HR_prcp_DANRA__SIZE_128x128__LR_prcp_msl_thetae_pl_850_cape_ERA5__LOSS_sdfweighted__HEADS_4__TIMESTEPS_56,D_MTCP_1,D_MTCP_1,1,/Users/au728490/ceddar_runs/models_and_samples/evaluation/D_MTCP_1__HR_prcp_DANRA__SIZE_128x128__LR_prcp_msl_thetae_pl_850_cape_ERA5__LOSS_sdfweighted__HEADS_4__TIMESTEPS_56/summary/evaluation_summary.json,climatological.annual_sum_std,Spatial SD of annual precipitation,mm year$^{-1}$,hr,climatological.hr_annual_sum_std,146.65576171875,146.65576171875,49.47269948323568,94.68831634521484,97.18306223551433,-2.494745890299477,-13.640902201334633,16.755589803059898,Climatological,inside_v0_range
D_MTCP_1__seed2__HR_prcp_DANRA__SIZE_128x128__LR_prcp_msl_thetae_pl_850_cape_ERA5__LOSS_sdfweighted__HEADS_4__TIMESTEPS_56,D_MTCP_1_seed2,D_MTCP_1,2,/Users/au728490/ceddar_runs/models_and_samples/evaluation/D_MTCP_1__seed2__HR_prcp_DANRA__SIZE_128x128__LR_prcp_msl_thetae_pl_850_cape_ERA5__LOSS_sdfweighted__HEADS_4__TIMESTEPS_56/summary/evaluation_summary.json,climatological.annual_sum_std,Spatial SD of annual precipitation,mm year$^{-1}$,hr,climatological.hr_annual_sum_std,146.65576171875,146.65576171875,49.47269948323568,99.92556762695312,97.18306223551433,2.7425053914388045,-13.640902201334633,16.755589803059898,Climatological,inside_v0_range
D_MZIP_1__HR_prcp_DANRA__SIZE_128x128__LR_prcp_msl_z_pl_500_ewvf_nwvf_ERA5__LOSS_sdfweighted__HEADS_4__TIMESTEPS_56,D_MZIP_1,D_MZIP_1,1,/Users/au728490/ceddar_runs/models_and_samples/evaluation/D_MZIP_1__HR_prcp_DANRA__SIZE_128x128__LR_prcp_msl_z_pl_500_ewvf_nwvf_ERA5__LOSS_sdfweighted__HEADS_4__TIMESTEPS_56/summary/evaluation_summary.json,climatological.annual_sum_std,Spatial SD of annual precipitation,mm year$^{-1}$,hr,climatological.hr_annual_sum_std,146.65576171875,146.65576171875,49.47269948323568,106.98373413085938,97.18306223551433,9.800671895345054,-13.640902201334633,16.755589803059898,Climatological,inside_v0_range
D_MZIP_1__seed2__HR_prcp_DANRA__SIZE_128x128__LR_prcp_msl_z_pl_500_ewvf_nwvf_ERA5__LOSS_sdfweighted__HEADS_4__TIMESTEPS_56,D_MZIP_1_seed2,D_MZIP_1,2,/Users/au728490/ceddar_runs/models_and_samples/evaluation/D_MZIP_1__seed2__HR_prcp_DANRA__SIZE_128x128__LR_prcp_msl_z_pl_500_ewvf_nwvf_ERA5__LOSS_sdfweighted__HEADS_4__TIMESTEPS_56/summary/evaluation_summary.json,climatological.annual_sum_std,Spatial SD of annual precipitation,mm year$^{-1}$,hr,climatological.hr_annual_sum_std,146.65576171875,146.65576171875,49.47269948323568,108.74478149414062,97.18306223551433,11.561719258626304,-13.640902201334633,16.755589803059898,Climatological,inside_v0_range
D_MT_1__HR_prcp_DANRA__SIZE_128x128__LR_msl_thetae_pl_850_ERA5__LOSS_sdfweighted__HEADS_4__TIMESTEPS_56,D_MT_1,D_MT_1,1,/Users/au728490/ceddar_runs/models_and_samples/evaluation/D_MT_1__HR_prcp_DANRA__SIZE_128x128__LR_msl_thetae_pl_850_ERA5__LOSS_sdfweighted__HEADS_4__TIMESTEPS_56/summary/evaluation_summary.json,climatological.annual_sum_std,Spatial SD of annual precipitation,mm year$^{-1}$,hr,climatological.hr_annual_sum_std,146.65576171875,146.65576171875,49.47269948323568,44.99193572998047,97.18306223551433,-52.19112650553385,-13.640902201334633,16.755589803059898,Climatological,unfavourable
D_MT_1__seed2__HR_prcp_DANRA__SIZE_128x128__LR_msl_thetae_pl_850_ERA5__LOSS_sdfweighted__HEADS_4__TIMESTEPS_56,D_MT_1_seed2,D_MT_1,2,/Users/au728490/ceddar_runs/models_and_samples/evaluation/D_MT_1__seed2__HR_prcp_DANRA__SIZE_128x128__LR_msl_thetae_pl_850_ERA5__LOSS_sdfweighted__HEADS_4__TIMESTEPS_56/summary/evaluation_summary.json,climatological.annual_sum_std,Spatial SD of annual precipitation,mm year$^{-1}$,hr,climatological.hr_annual_sum_std,146.65576171875,146.65576171875,49.47269948323568,43.67897033691406,97.18306223551433,-53.50409189860026,-13.640902201334633,16.755589803059898,Climatological,unfavourable
D_MTC_1__HR_prcp_DANRA__SIZE_128x128__LR_msl_thetae_pl_850_cape_ERA5__LOSS_sdfweighted__HEADS_4__TIMESTEPS_56,D_MTC_1,D_MTC_1,1,/Users/au728490/ceddar_runs/models_and_samples/evaluation/D_MTC_1__HR_prcp_DANRA__SIZE_128x128__LR_msl_thetae_pl_850_cape_ERA5__LOSS_sdfweighted__HEADS_4__TIMESTEPS_56/summary/evaluation_summary.json,climatological.annual_sum_std,Spatial SD of annual precipitation,mm year$^{-1}$,hr,climatological.hr_annual_sum_std,146.65576171875,146.65576171875,49.47269948323568,55.571353912353516,97.18306223551433,-41.611708323160805,-13.640902201334633,16.755589803059898,Climatological,unfavourable
D_MTC_1__seed2__HR_prcp_DANRA__SIZE_128x128__LR_msl_thetae_pl_850_cape_ERA5__LOSS_sdfweighted__HEADS_4__TIMESTEPS_56,D_MTC_1_seed2,D_MTC_1,2,/Users/au728490/ceddar_runs/models_and_samples/evaluation/D_MTC_1__seed2__HR_prcp_DANRA__SIZE_128x128__LR_msl_thetae_pl_850_cape_ERA5__LOSS_sdfweighted__HEADS_4__TIMESTEPS_56/summary/evaluation_summary.json,climatological.annual_sum_std,Spatial SD of annual precipitation,mm year$^{-1}$,hr,climatological.hr_annual_sum_std,146.65576171875,146.65576171875,49.47269948323568,72.63123321533203,97.18306223551433,-24.55182902018229,-13.640902201334633,16.755589803059898,Climatological,unfavourable
C_10__HR_prcp_DANRA__SIZE_128x128__LR_prcp_ERA5__LOSS_sdfweighted__HEADS_4__TIMESTEPS_56,C_10,C_10,1,/Users/au728490/ceddar_runs/models_and_samples/evaluation/C_10__HR_prcp_DANRA__SIZE_128x128__LR_prcp_ERA5__LOSS_sdfweighted__HEADS_4__TIMESTEPS_56/summary/evaluation_summary.json,temporal.lag1_gen,Lag-1 autocorrelation,,hr,temporal.lag1_hr,0.36459434302023813,0.36459434302023813,0.007960545661597504,0.34870377645876377,0.3594956308074176,-0.007930020899876858,-0.008028689030593542,0.004360893542161478,Temporal,inside_v0_range
C_10__seed2__HR_prcp_DANRA__SIZE_128x128__LR_prcp_ERA5__LOSS_sdfweighted__HEADS_4__TIMESTEPS_56,C_10_seed2,C_10,2,/Users/au728490/ceddar_runs/models_and_samples/evaluation/C_10__seed2__HR_prcp_DANRA__SIZE_128x128__LR_prcp_ERA5__LOSS_sdfweighted__HEADS_4__TIMESTEPS_56/summary/evaluation_summary.json,temporal.lag1_gen,Lag-1 autocorrelation,,hr,temporal.lag1_hr,0.36459434302023813,0.36459434302023813,0.007960545661597504,0.35586301173404383,0.3594956308074176,-0.0007707856245967957,-0.008028689030593542,0.004360893542161478,Temporal,inside_v0_range
V0_C_0__HR_prcp_DANRA__SIZE_128x128__LR_prcp_cape_ERA5__LOSS_sdfweighted__HEADS_4__TIMESTEPS_56,V0_C_0,V0_C_0,1,/Users/au728490/ceddar_runs/models_and_samples/evaluation/V0_C_0__HR_prcp_DANRA__SIZE_128x128__LR_prcp_cape_ERA5__LOSS_sdfweighted__HEADS_4__TIMESTEPS_56/summary/evaluation_summary.json,temporal.lag1_gen,Lag-1 autocorrelation,,hr,temporal.lag1_hr,0.36459434302023813,0.36459434302023813,0.007960545661597504,0.3265851544046962,0.3594956308074176,-0.030048642953944417,-0.008028689030593542,0.004360893542161478,Temporal,unfavourable
V0_C_0__seed2__HR_prcp_DANRA__SIZE_128x128__LR_prcp_cape_ERA5__LOSS_sdfweighted__HEADS_4__TIMESTEPS_56,V0_C_0_seed2,V0_C_0,2,/Users/au728490/ceddar_runs/models_and_samples/evaluation/V0_C_0__seed2__HR_prcp_DANRA__SIZE_128x128__LR_prcp_cape_ERA5__LOSS_sdfweighted__HEADS_4__TIMESTEPS_56/summary/evaluation_summary.json,temporal.lag1_gen,Lag-1 autocorrelation,,hr,temporal.lag1_hr,0.36459434302023813,0.36459434302023813,0.007960545661597504,0.34922513920884724,0.3594956308074176,-0.007408658149793393,-0.008028689030593542,0.004360893542161478,Temporal,inside_v0_range
V0_C_1__HR_prcp_DANRA__SIZE_128x128__LR_prcp_cape_ERA5__LOSS_sdfweighted__HEADS_4__TIMESTEPS_56,V0_C_1,V0_C_1,1,/Users/au728490/ceddar_runs/models_and_samples/evaluation/V0_C_1__HR_prcp_DANRA__SIZE_128x128__LR_prcp_cape_ERA5__LOSS_sdfweighted__HEADS_4__TIMESTEPS_56/summary/evaluation_summary.json,temporal.lag1_gen,Lag-1 autocorrelation,,hr,temporal.lag1_hr,0.36459434302023813,0.36459434302023813,0.007960545661597504,0.3420680378104085,0.3594956308074176,-0.014565759548232119,-0.008028689030593542,0.004360893542161478,Temporal,unfavourable
V0_C_1__seed2__HR_prcp_DANRA__SIZE_128x128__LR_prcp_cape_ERA5__LOSS_sdfweighted__HEADS_4__TIMESTEPS_56,V0_C_1_seed2,V0_C_1,2,/Users/au728490/ceddar_runs/models_and_samples/evaluation/V0_C_1__seed2__HR_prcp_DANRA__SIZE_128x128__LR_prcp_cape_ERA5__LOSS_sdfweighted__HEADS_4__TIMESTEPS_56/summary/evaluation_summary.json,temporal.lag1_gen,Lag-1 autocorrelation,,hr,temporal.lag1_hr,0.36459434302023813,0.36459434302023813,0.007960545661597504,0.34080832007681533,0.3594956308074176,-0.015825477281825297,-0.008028689030593542,0.004360893542161478,Temporal,unfavourable
V0_I_0__HR_prcp_DANRA__SIZE_128x128__LR_prcp_ewvf_nwvf_ERA5__LOSS_sdfweighted__HEADS_4__TIMESTEPS_56,V0_I_0,V0_I_0,1,/Users/au728490/ceddar_runs/models_and_samples/evaluation/V0_I_0__HR_prcp_DANRA__SIZE_128x128__LR_prcp_ewvf_nwvf_ERA5__LOSS_sdfweighted__HEADS_4__TIMESTEPS_56/summary/evaluation_summary.json,temporal.lag1_gen,Lag-1 autocorrelation,,hr,temporal.lag1_hr,0.36459434302023813,0.36459434302023813,0.007960545661597504,0.3499538003348575,0.3594956308074176,-0.006679997023783116,-0.008028689030593542,0.004360893542161478,Temporal,inside_v0_range
V0_I_0__seed2__HR_prcp_DANRA__SIZE_128x128__LR_prcp_ewvf_nwvf_ERA5__LOSS_sdfweighted__HEADS_4__TIMESTEPS_56,V0_I_0_seed2,V0_I_0,2,/Users/au728490/ceddar_runs/models_and_samples/evaluation/V0_I_0__seed2__HR_prcp_DANRA__SIZE_128x128__LR_prcp_ewvf_nwvf_ERA5__LOSS_sdfweighted__HEADS_4__TIMESTEPS_56/summary/evaluation_summary.json,temporal.lag1_gen,Lag-1 autocorrelation,,hr,temporal.lag1_hr,0.36459434302023813,0.36459434302023813,0.007960545661597504,0.3492117350269596,0.3594956308074176,-0.007422062331681004,-0.008028689030593542,0.004360893542161478,Temporal,inside_v0_range
V0_I_1__HR_prcp_DANRA__SIZE_128x128__LR_prcp_ewvf_nwvf_ERA5__LOSS_sdfweighted__HEADS_4__TIMESTEPS_56,V0_I_1,V0_I_1,1,/Users/au728490/ceddar_runs/models_and_samples/evaluation/V0_I_1__HR_prcp_DANRA__SIZE_128x128__LR_prcp_ewvf_nwvf_ERA5__LOSS_sdfweighted__HEADS_4__TIMESTEPS_56/summary/evaluation_summary.json,temporal.lag1_gen,Lag-1 autocorrelation,,hr,temporal.lag1_hr,0.36459434302023813,0.36459434302023813,0.007960545661597504,0.33391254098151074,0.3594956308074176,-0.022721256377129885,-0.008028689030593542,0.004360893542161478,Temporal,unfavourable
V0_I_1__seed2__HR_prcp_DANRA__SIZE_128x128__LR_prcp_ewvf_nwvf_ERA5__LOSS_sdfweighted__HEADS_4__TIMESTEPS_56,V0_I_1_seed2,V0_I_1,2,/Users/au728490/ceddar_runs/models_and_samples/evaluation/V0_I_1__seed2__HR_prcp_DANRA__SIZE_128x128__LR_prcp_ewvf_nwvf_ERA5__LOSS_sdfweighted__HEADS_4__TIMESTEPS_56/summary/evaluation_summary.json,temporal.lag1_gen,Lag-1 autocorrelation,,hr,temporal.lag1_hr,0.36459434302023813,0.36459434302023813,0.007960545661597504,0.341079538043941,0.3594956308074176,-0.01555425931469965,-0.008028689030593542,0.004360893542161478,Temporal,unfavourable
V0_M_0__HR_prcp_DANRA__SIZE_128x128__LR_prcp_msl_ERA5__LOSS_sdfweighted__HEADS_4__TIMESTEPS_56,V0_M_0,V0_M_0,1,/Users/au728490/ceddar_runs/models_and_samples/evaluation/V0_M_0__HR_prcp_DANRA__SIZE_128x128__LR_prcp_msl_ERA5__LOSS_sdfweighted__HEADS_4__TIMESTEPS_56/summary/evaluation_summary.json,temporal.lag1_gen,Lag-1 autocorrelation,,hr,temporal.lag1_hr,0.36459434302023813,0.36459434302023813,0.007960545661597504,0.34738041176534,0.3594956308074176,-0.009253385593300615,-0.008028689030593542,0.004360893542161478,Temporal,unfavourable
V0_M_0__seed2__HR_prcp_DANRA__SIZE_128x128__LR_prcp_msl_ERA5__LOSS_sdfweighted__HEADS_4__TIMESTEPS_56,V0_M_0_seed2,V0_M_0,2,/Users/au728490/ceddar_runs/models_and_samples/evaluation/V0_M_0__seed2__HR_prcp_DANRA__SIZE_128x128__LR_prcp_msl_ERA5__LOSS_sdfweighted__HEADS_4__TIMESTEPS_56/summary/evaluation_summary.json,temporal.lag1_gen,Lag-1 autocorrelation,,hr,temporal.lag1_hr,0.36459434302023813,0.36459434302023813,0.007960545661597504,0.3593130275434085,0.3594956308074176,0.0026792301847678637,-0.008028689030593542,0.004360893542161478,Temporal,inside_v0_range
V0_M_1__HR_prcp_DANRA__SIZE_128x128__LR_prcp_msl_ERA5__LOSS_sdfweighted__HEADS_4__TIMESTEPS_56,V0_M_1,V0_M_1,1,/Users/au728490/ceddar_runs/models_and_samples/evaluation/V0_M_1__HR_prcp_DANRA__SIZE_128x128__LR_prcp_msl_ERA5__LOSS_sdfweighted__HEADS_4__TIMESTEPS_56/summary/evaluation_summary.json,temporal.lag1_gen,Lag-1 autocorrelation,,hr,temporal.lag1_hr,0.36459434302023813,0.36459434302023813,0.007960545661597504,0.3522604657171551,0.3594956308074176,-0.004373331641485548,-0.008028689030593542,0.004360893542161478,Temporal,inside_v0_range
V0_M_1__seed2__HR_prcp_DANRA__SIZE_128x128__LR_prcp_msl_ERA5__LOSS_sdfweighted__HEADS_4__TIMESTEPS_56,V0_M_1_seed2,V0_M_1,2,/Users/au728490/ceddar_runs/models_and_samples/evaluation/V0_M_1__seed2__HR_prcp_DANRA__SIZE_128x128__LR_prcp_msl_ERA5__LOSS_sdfweighted__HEADS_4__TIMESTEPS_56/summary/evaluation_summary.json,temporal.lag1_gen,Lag-1 autocorrelation,,hr,temporal.lag1_hr,0.36459434302023813,0.36459434302023813,0.007960545661597504,0.3515900043623533,0.3594956308074176,-0.005043792996287303,-0.008028689030593542,0.004360893542161478,Temporal,inside_v0_range
V0_T_0__HR_prcp_DANRA__SIZE_128x128__LR_prcp_thetae_pl_850_ERA5__LOSS_sdfweighted__HEADS_4__TIMESTEPS_56,V0_T_0,V0_T_0,1,/Users/au728490/ceddar_runs/models_and_samples/evaluation/V0_T_0__HR_prcp_DANRA__SIZE_128x128__LR_prcp_thetae_pl_850_ERA5__LOSS_sdfweighted__HEADS_4__TIMESTEPS_56/summary/evaluation_summary.json,temporal.lag1_gen,Lag-1 autocorrelation,,hr,temporal.lag1_hr,0.36459434302023813,0.36459434302023813,0.007960545661597504,0.34781795618054945,0.3594956308074176,-0.00881584117809118,-0.008028689030593542,0.004360893542161478,Temporal,unfavourable
V0_T_0__seed2__HR_prcp_DANRA__SIZE_128x128__LR_prcp_thetae_pl_850_ERA5__LOSS_sdfweighted__HEADS_4__TIMESTEPS_56,V0_T_0_seed2,V0_T_0,2,/Users/au728490/ceddar_runs/models_and_samples/evaluation/V0_T_0__seed2__HR_prcp_DANRA__SIZE_128x128__LR_prcp_thetae_pl_850_ERA5__LOSS_sdfweighted__HEADS_4__TIMESTEPS_56/summary/evaluation_summary.json,temporal.lag1_gen,Lag-1 autocorrelation,,hr,temporal.lag1_hr,0.36459434302023813,0.36459434302023813,0.007960545661597504,0.3580609804051726,0.3594956308074176,0.0014271830465319626,-0.008028689030593542,0.004360893542161478,Temporal,inside_v0_range
V0_T_1__HR_prcp_DANRA__SIZE_128x128__LR_prcp_thetae_pl_850_ERA5__LOSS_sdfweighted__HEADS_4__TIMESTEPS_56,V0_T_1,V0_T_1,1,/Users/au728490/ceddar_runs/models_and_samples/evaluation/V0_T_1__HR_prcp_DANRA__SIZE_128x128__LR_prcp_thetae_pl_850_ERA5__LOSS_sdfweighted__HEADS_4__TIMESTEPS_56/summary/evaluation_summary.json,temporal.lag1_gen,Lag-1 autocorrelation,,hr,temporal.lag1_hr,0.36459434302023813,0.36459434302023813,0.007960545661597504,0.34637253664956535,0.3594956308074176,-0.010261260709075274,-0.008028689030593542,0.004360893542161478,Temporal,unfavourable
V0_T_1__seed2__HR_prcp_DANRA__SIZE_128x128__LR_prcp_thetae_pl_850_ERA5__LOSS_sdfweighted__HEADS_4__TIMESTEPS_56,V0_T_1_seed2,V0_T_1,2,/Users/au728490/ceddar_runs/models_and_samples/evaluation/V0_T_1__seed2__HR_prcp_DANRA__SIZE_128x128__LR_prcp_thetae_pl_850_ERA5__LOSS_sdfweighted__HEADS_4__TIMESTEPS_56/summary/evaluation_summary.json,temporal.lag1_gen,Lag-1 autocorrelation,,hr,temporal.lag1_hr,0.36459434302023813,0.36459434302023813,0.007960545661597504,0.3394751190158027,0.3594956308074176,-0.017158678342837942,-0.008028689030593542,0.004360893542161478,Temporal,unfavourable
V0_Z_0__HR_prcp_DANRA__SIZE_128x128__LR_prcp_z_pl_500_ERA5__LOSS_sdfweighted__HEADS_4__TIMESTEPS_56,V0_Z_0,V0_Z_0,1,/Users/au728490/ceddar_runs/models_and_samples/evaluation/V0_Z_0__HR_prcp_DANRA__SIZE_128x128__LR_prcp_z_pl_500_ERA5__LOSS_sdfweighted__HEADS_4__TIMESTEPS_56/summary/evaluation_summary.json,temporal.lag1_gen,Lag-1 autocorrelation,,hr,temporal.lag1_hr,0.36459434302023813,0.36459434302023813,0.007960545661597504,0.35263013791042813,0.3594956308074176,-0.004003659448212496,-0.008028689030593542,0.004360893542161478,Temporal,inside_v0_range
V0_Z_0__seed2__HR_prcp_DANRA__SIZE_128x128__LR_prcp_z_pl_500_ERA5__LOSS_sdfweighted__HEADS_4__TIMESTEPS_56,V0_Z_0_seed2,V0_Z_0,2,/Users/au728490/ceddar_runs/models_and_samples/evaluation/V0_Z_0__seed2__HR_prcp_DANRA__SIZE_128x128__LR_prcp_z_pl_500_ERA5__LOSS_sdfweighted__HEADS_4__TIMESTEPS_56/summary/evaluation_summary.json,temporal.lag1_gen,Lag-1 autocorrelation,,hr,temporal.lag1_hr,0.36459434302023813,0.36459434302023813,0.007960545661597504,0.3544308532552133,0.3594956308074176,-0.002202944103427343,-0.008028689030593542,0.004360893542161478,Temporal,inside_v0_range
V0_Z_1__HR_prcp_DANRA__SIZE_128x128__LR_prcp_z_pl_500_ERA5__LOSS_sdfweighted__HEADS_4__TIMESTEPS_56,V0_Z_1,V0_Z_1,1,/Users/au728490/ceddar_runs/models_and_samples/evaluation/V0_Z_1__HR_prcp_DANRA__SIZE_128x128__LR_prcp_z_pl_500_ERA5__LOSS_sdfweighted__HEADS_4__TIMESTEPS_56/summary/evaluation_summary.json,temporal.lag1_gen,Lag-1 autocorrelation,,hr,temporal.lag1_hr,0.36459434302023813,0.36459434302023813,0.007960545661597504,0.34863709929536946,0.3594956308074176,-0.007996698063271171,-0.008028689030593542,0.004360893542161478,Temporal,inside_v0_range
V0_Z_1__seed2__HR_prcp_DANRA__SIZE_128x128__LR_prcp_z_pl_500_ERA5__LOSS_sdfweighted__HEADS_4__TIMESTEPS_56,V0_Z_1_seed2,V0_Z_1,2,/Users/au728490/ceddar_runs/models_and_samples/evaluation/V0_Z_1__seed2__HR_prcp_DANRA__SIZE_128x128__LR_prcp_z_pl_500_ERA5__LOSS_sdfweighted__HEADS_4__TIMESTEPS_56/summary/evaluation_summary.json,temporal.lag1_gen,Lag-1 autocorrelation,,hr,temporal.lag1_hr,0.36459434302023813,0.36459434302023813,0.007960545661597504,0.3498554133889134,0.3594956308074176,-0.006778383969727223,-0.008028689030593542,0.004360893542161478,Temporal,inside_v0_range
D_IP_1__HR_prcp_DANRA__SIZE_128x128__LR_prcp_ewvf_nwvf_ERA5__LOSS_sdfweighted__HEADS_4__TIMESTEPS_56,D_IP_1,D_IP_1,1,/Users/au728490/ceddar_runs/models_and_samples/evaluation/D_IP_1__HR_prcp_DANRA__SIZE_128x128__LR_prcp_ewvf_nwvf_ERA5__LOSS_sdfweighted__HEADS_4__TIMESTEPS_56/summary/evaluation_summary.json,temporal.lag1_gen,Lag-1 autocorrelation,,hr,temporal.lag1_hr,0.36459434302023813,0.36459434302023813,0.007960545661597504,0.3285966176936123,0.3594956308074176,-0.028037179665028313,-0.008028689030593542,0.004360893542161478,Temporal,unfavourable
D_IP_1__seed2__HR_prcp_DANRA__SIZE_128x128__LR_prcp_ewvf_nwvf_ERA5__LOSS_sdfweighted__HEADS_4__TIMESTEPS_56,D_IP_1_seed2,D_IP_1,2,/Users/au728490/ceddar_runs/models_and_samples/evaluation/D_IP_1__seed2__HR_prcp_DANRA__SIZE_128x128__LR_prcp_ewvf_nwvf_ERA5__LOSS_sdfweighted__HEADS_4__TIMESTEPS_56/summary/evaluation_summary.json,temporal.lag1_gen,Lag-1 autocorrelation,,hr,temporal.lag1_hr,0.36459434302023813,0.36459434302023813,0.007960545661597504,0.3613712828983635,0.3594956308074176,0.004737485539722882,-0.008028689030593542,0.004360893542161478,Temporal,favourable
D_MZP_1__HR_prcp_DANRA__SIZE_128x128__LR_prcp_msl_z_pl_500_ERA5__LOSS_sdfweighted__HEADS_4__TIMESTEPS_56,D_MZP_1,D_MZP_1,1,/Users/au728490/ceddar_runs/models_and_samples/evaluation/D_MZP_1__HR_prcp_DANRA__SIZE_128x128__LR_prcp_msl_z_pl_500_ERA5__LOSS_sdfweighted__HEADS_4__TIMESTEPS_56/summary/evaluation_summary.json,temporal.lag1_gen,Lag-1 autocorrelation,,hr,temporal.lag1_hr,0.36459434302023813,0.36459434302023813,0.007960545661597504,0.33929856333394803,0.3594956308074176,-0.017335234024692593,-0.008028689030593542,0.004360893542161478,Temporal,unfavourable
D_MZP_1__seed2__HR_prcp_DANRA__SIZE_128x128__LR_prcp_msl_z_pl_500_ERA5__LOSS_sdfweighted__HEADS_4__TIMESTEPS_56,D_MZP_1_seed2,D_MZP_1,2,/Users/au728490/ceddar_runs/models_and_samples/evaluation/D_MZP_1__seed2__HR_prcp_DANRA__SIZE_128x128__LR_prcp_msl_z_pl_500_ERA5__LOSS_sdfweighted__HEADS_4__TIMESTEPS_56/summary/evaluation_summary.json,temporal.lag1_gen,Lag-1 autocorrelation,,hr,temporal.lag1_hr,0.36459434302023813,0.36459434302023813,0.007960545661597504,0.3593979321110333,0.3594956308074176,0.0027641347523926964,-0.008028689030593542,0.004360893542161478,Temporal,inside_v0_range
D_MTP_0__HR_prcp_DANRA__SIZE_128x128__LR_prcp_msl_thetae_pl_850_ERA5__LOSS_sdfweighted__HEADS_4__TIMESTEPS_56,D_MTP_0,D_MTP_0,1,/Users/au728490/ceddar_runs/models_and_samples/evaluation/D_MTP_0__HR_prcp_DANRA__SIZE_128x128__LR_prcp_msl_thetae_pl_850_ERA5__LOSS_sdfweighted__HEADS_4__TIMESTEPS_56/summary/evaluation_summary.json,temporal.lag1_gen,Lag-1 autocorrelation,,hr,temporal.lag1_hr,0.36459434302023813,0.36459434302023813,0.007960545661597504,0.3659136022351811,0.3594956308074176,0.006641286446654534,-0.008028689030593542,0.004360893542161478,Temporal,favourable
D_MTP_0__seed2__HR_prcp_DANRA__SIZE_128x128__LR_prcp_msl_thetae_pl_850_ERA5__LOSS_sdfweighted__HEADS_4__TIMESTEPS_56,D_MTP_0_seed2,D_MTP_0,2,/Users/au728490/ceddar_runs/models_and_samples/evaluation/D_MTP_0__seed2__HR_prcp_DANRA__SIZE_128x128__LR_prcp_msl_thetae_pl_850_ERA5__LOSS_sdfweighted__HEADS_4__TIMESTEPS_56/summary/evaluation_summary.json,temporal.lag1_gen,Lag-1 autocorrelation,,hr,temporal.lag1_hr,0.36459434302023813,0.36459434302023813,0.007960545661597504,0.36536283162367234,0.3594956308074176,0.0071920570581633005,-0.008028689030593542,0.004360893542161478,Temporal,favourable
D_MTP_1__HR_prcp_DANRA__SIZE_128x128__LR_prcp_msl_thetae_pl_850_ERA5__LOSS_sdfweighted__HEADS_4__TIMESTEPS_56,D_MTP_1,D_MTP_1,1,/Users/au728490/ceddar_runs/models_and_samples/evaluation/D_MTP_1__HR_prcp_DANRA__SIZE_128x128__LR_prcp_msl_thetae_pl_850_ERA5__LOSS_sdfweighted__HEADS_4__TIMESTEPS_56/summary/evaluation_summary.json,temporal.lag1_gen,Lag-1 autocorrelation,,hr,temporal.lag1_hr,0.36459434302023813,0.36459434302023813,0.007960545661597504,0.36297677486836427,0.3594956308074176,0.006342977509723643,-0.008028689030593542,0.004360893542161478,Temporal,favourable
D_MTP_1__seed2__HR_prcp_DANRA__SIZE_128x128__LR_prcp_msl_thetae_pl_850_ERA5__LOSS_sdfweighted__HEADS_4__TIMESTEPS_56,D_MTP_1_seed2,D_MTP_1,2,/Users/au728490/ceddar_runs/models_and_samples/evaluation/D_MTP_1__seed2__HR_prcp_DANRA__SIZE_128x128__LR_prcp_msl_thetae_pl_850_ERA5__LOSS_sdfweighted__HEADS_4__TIMESTEPS_56/summary/evaluation_summary.json,temporal.lag1_gen,Lag-1 autocorrelation,,hr,temporal.lag1_hr,0.36459434302023813,0.36459434302023813,0.007960545661597504,0.37152395214947054,0.3594956308074176,0.0010309365323650978,-0.008028689030593542,0.004360893542161478,Temporal,inside_v0_range
D_MTCP_1__HR_prcp_DANRA__SIZE_128x128__LR_prcp_msl_thetae_pl_850_cape_ERA5__LOSS_sdfweighted__HEADS_4__TIMESTEPS_56,D_MTCP_1,D_MTCP_1,1,/Users/au728490/ceddar_runs/models_and_samples/evaluation/D_MTCP_1__HR_prcp_DANRA__SIZE_128x128__LR_prcp_msl_thetae_pl_850_cape_ERA5__LOSS_sdfweighted__HEADS_4__TIMESTEPS_56/summary/evaluation_summary.json,temporal.lag1_gen,Lag-1 autocorrelation,,hr,temporal.lag1_hr,0.36459434302023813,0.36459434302023813,0.007960545661597504,0.3714366604352818,0.3594956308074176,0.0011182282465538509,-0.008028689030593542,0.004360893542161478,Temporal,inside_v0_range
D_MTCP_1__seed2__HR_prcp_DANRA__SIZE_128x128__LR_prcp_msl_thetae_pl_850_cape_ERA5__LOSS_sdfweighted__HEADS_4__TIMESTEPS_56,D_MTCP_1_seed2,D_MTCP_1,2,/Users/au728490/ceddar_runs/models_and_samples/evaluation/D_MTCP_1__seed2__HR_prcp_DANRA__SIZE_128x128__LR_prcp_msl_thetae_pl_850_cape_ERA5__LOSS_sdfweighted__HEADS_4__TIMESTEPS_56/summary/evaluation_summary.json,temporal.lag1_gen,Lag-1 autocorrelation,,hr,temporal.lag1_hr,0.36459434302023813,0.36459434302023813,0.007960545661597504,0.35699145185397946,0.3594956308074176,0.00035765449533882963,-0.008028689030593542,0.004360893542161478,Temporal,inside_v0_range
D_MZIP_1__HR_prcp_DANRA__SIZE_128x128__LR_prcp_msl_z_pl_500_ewvf_nwvf_ERA5__LOSS_sdfweighted__HEADS_4__TIMESTEPS_56,D_MZIP_1,D_MZIP_1,1,/Users/au728490/ceddar_runs/models_and_samples/evaluation/D_MZIP_1__HR_prcp_DANRA__SIZE_128x128__LR_prcp_msl_z_pl_500_ewvf_nwvf_ERA5__LOSS_sdfweighted__HEADS_4__TIMESTEPS_56/summary/evaluation_summary.json,temporal.lag1_gen,Lag-1 autocorrelation,,hr,temporal.lag1_hr,0.36459434302023813,0.36459434302023813,0.007960545661597504,0.3589072656302087,0.3594956308074176,0.0022734682715680656,-0.008028689030593542,0.004360893542161478,Temporal,inside_v0_range
D_MZIP_1__seed2__HR_prcp_DANRA__SIZE_128x128__LR_prcp_msl_z_pl_500_ewvf_nwvf_ERA5__LOSS_sdfweighted__HEADS_4__TIMESTEPS_56,D_MZIP_1_seed2,D_MZIP_1,2,/Users/au728490/ceddar_runs/models_and_samples/evaluation/D_MZIP_1__seed2__HR_prcp_DANRA__SIZE_128x128__LR_prcp_msl_z_pl_500_ewvf_nwvf_ERA5__LOSS_sdfweighted__HEADS_4__TIMESTEPS_56/summary/evaluation_summary.json,temporal.lag1_gen,Lag-1 autocorrelation,,hr,temporal.lag1_hr,0.36459434302023813,0.36459434302023813,0.007960545661597504,0.3618932612672369,0.3594956308074176,0.005259463908596293,-0.008028689030593542,0.004360893542161478,Temporal,favourable
D_MT_1__HR_prcp_DANRA__SIZE_128x128__LR_msl_thetae_pl_850_ERA5__LOSS_sdfweighted__HEADS_4__TIMESTEPS_56,D_MT_1,D_MT_1,1,/Users/au728490/ceddar_runs/models_and_samples/evaluation/D_MT_1__HR_prcp_DANRA__SIZE_128x128__LR_msl_thetae_pl_850_ERA5__LOSS_sdfweighted__HEADS_4__TIMESTEPS_56/summary/evaluation_summary.json,temporal.lag1_gen,Lag-1 autocorrelation,,hr,temporal.lag1_hr,0.36459434302023813,0.36459434302023813,0.007960545661597504,0.05388416718796842,0.3594956308074176,-0.30274963017067225,-0.008028689030593542,0.004360893542161478,Temporal,unfavourable
D_MT_1__seed2__HR_prcp_DANRA__SIZE_128x128__LR_msl_thetae_pl_850_ERA5__LOSS_sdfweighted__HEADS_4__TIMESTEPS_56,D_MT_1_seed2,D_MT_1,2,/Users/au728490/ceddar_runs/models_and_samples/evaluation/D_MT_1__seed2__HR_prcp_DANRA__SIZE_128x128__LR_msl_thetae_pl_850_ERA5__LOSS_sdfweighted__HEADS_4__TIMESTEPS_56/summary/evaluation_summary.json,temporal.lag1_gen,Lag-1 autocorrelation,,hr,temporal.lag1_hr,0.36459434302023813,0.36459434302023813,0.007960545661597504,0.09967253042931712,0.3594956308074176,-0.25696126692932353,-0.008028689030593542,0.004360893542161478,Temporal,unfavourable
D_MTC_1__HR_prcp_DANRA__SIZE_128x128__LR_msl_thetae_pl_850_cape_ERA5__LOSS_sdfweighted__HEADS_4__TIMESTEPS_56,D_MTC_1,D_MTC_1,1,/Users/au728490/ceddar_runs/models_and_samples/evaluation/D_MTC_1__HR_prcp_DANRA__SIZE_128x128__LR_msl_thetae_pl_850_cape_ERA5__LOSS_sdfweighted__HEADS_4__TIMESTEPS_56/summary/evaluation_summary.json,temporal.lag1_gen,Lag-1 autocorrelation,,hr,temporal.lag1_hr,0.36459434302023813,0.36459434302023813,0.007960545661597504,0.11496354758609596,0.3594956308074176,-0.24167024977254467,-0.008028689030593542,0.004360893542161478,Temporal,unfavourable
D_MTC_1__seed2__HR_prcp_DANRA__SIZE_128x128__LR_msl_thetae_pl_850_cape_ERA5__LOSS_sdfweighted__HEADS_4__TIMESTEPS_56,D_MTC_1_seed2,D_MTC_1,2,/Users/au728490/ceddar_runs/models_and_samples/evaluation/D_MTC_1__seed2__HR_prcp_DANRA__SIZE_128x128__LR_msl_thetae_pl_850_cape_ERA5__LOSS_sdfweighted__HEADS_4__TIMESTEPS_56/summary/evaluation_summary.json,temporal.lag1_gen,Lag-1 autocorrelation,,hr,temporal.lag1_hr,0.36459434302023813,0.36459434302023813,0.007960545661597504,0.14303359097658372,0.3594956308074176,-0.2136002063820569,-0.008028689030593542,0.004360893542161478,Temporal,unfavourable
C_10__HR_prcp_DANRA__SIZE_128x128__LR_prcp_ERA5__LOSS_sdfweighted__HEADS_4__TIMESTEPS_56,C_10,C_10,1,/Users/au728490/ceddar_runs/models_and_samples/evaluation/C_10__HR_prcp_DANRA__SIZE_128x128__LR_prcp_ERA5__LOSS_sdfweighted__HEADS_4__TIMESTEPS_56/summary/evaluation_summary.json,temporal.wet_mean_length_gen,Mean wet-spell length,,hr,temporal.wet_mean_length_hr,3.0,3.0,0.06997118405986846,2.965068498836909,2.9439245001421046,0.03503968289677761,-0.06822670227959948,0.049127657756909304,Temporal,inside_v0_range
C_10__seed2__HR_prcp_DANRA__SIZE_128x128__LR_prcp_ERA5__LOSS_sdfweighted__HEADS_4__TIMESTEPS_56,C_10_seed2,C_10,2,/Users/au728490/ceddar_runs/models_and_samples/evaluation/C_10__seed2__HR_prcp_DANRA__SIZE_128x128__LR_prcp_ERA5__LOSS_sdfweighted__HEADS_4__TIMESTEPS_56/summary/evaluation_summary.json,temporal.wet_mean_length_gen,Mean wet-spell length,,hr,temporal.wet_mean_length_hr,3.0,3.0,0.06997118405986846,2.9538393385753174,2.9439245001421046,0.023810522635185905,-0.06822670227959948,0.049127657756909304,Temporal,inside_v0_range
V0_C_0__HR_prcp_DANRA__SIZE_128x128__LR_prcp_cape_ERA5__LOSS_sdfweighted__HEADS_4__TIMESTEPS_56,V0_C_0,V0_C_0,1,/Users/au728490/ceddar_runs/models_and_samples/evaluation/V0_C_0__HR_prcp_DANRA__SIZE_128x128__LR_prcp_cape_ERA5__LOSS_sdfweighted__HEADS_4__TIMESTEPS_56/summary/evaluation_summary.json,temporal.wet_mean_length_gen,Mean wet-spell length,,hr,temporal.wet_mean_length_hr,3.0,3.0,0.06997118405986846,2.705930602881618,2.9439245001421046,-0.22409821305851363,-0.06822670227959948,0.049127657756909304,Temporal,unfavourable
V0_C_0__seed2__HR_prcp_DANRA__SIZE_128x128__LR_prcp_cape_ERA5__LOSS_sdfweighted__HEADS_4__TIMESTEPS_56,V0_C_0_seed2,V0_C_0,2,/Users/au728490/ceddar_runs/models_and_samples/evaluation/V0_C_0__seed2__HR_prcp_DANRA__SIZE_128x128__LR_prcp_cape_ERA5__LOSS_sdfweighted__HEADS_4__TIMESTEPS_56/summary/evaluation_summary.json,temporal.wet_mean_length_gen,Mean wet-spell length,,hr,temporal.wet_mean_length_hr,3.0,3.0,0.06997118405986846,2.866703655877633,2.9439245001421046,-0.06332516006249866,-0.06822670227959948,0.049127657756909304,Temporal,inside_v0_range
V0_C_1__HR_prcp_DANRA__SIZE_128x128__LR_prcp_cape_ERA5__LOSS_sdfweighted__HEADS_4__TIMESTEPS_56,V0_C_1,V0_C_1,1,/Users/au728490/ceddar_runs/models_and_samples/evaluation/V0_C_1__HR_prcp_DANRA__SIZE_128x128__LR_prcp_cape_ERA5__LOSS_sdfweighted__HEADS_4__TIMESTEPS_56/summary/evaluation_summary.json,temporal.wet_mean_length_gen,Mean wet-spell length,,hr,temporal.wet_mean_length_hr,3.0,3.0,0.06997118405986846,2.8894635468332557,2.9439245001421046,-0.040565269106875856,-0.06822670227959948,0.049127657756909304,Temporal,inside_v0_range
V0_C_1__seed2__HR_prcp_DANRA__SIZE_128x128__LR_prcp_cape_ERA5__LOSS_sdfweighted__HEADS_4__TIMESTEPS_56,V0_C_1_seed2,V0_C_1,2,/Users/au728490/ceddar_runs/models_and_samples/evaluation/V0_C_1__seed2__HR_prcp_DANRA__SIZE_128x128__LR_prcp_cape_ERA5__LOSS_sdfweighted__HEADS_4__TIMESTEPS_56/summary/evaluation_summary.json,temporal.wet_mean_length_gen,Mean wet-spell length,,hr,temporal.wet_mean_length_hr,3.0,3.0,0.06997118405986846,2.9592853903591276,2.9439245001421046,0.029256574418996095,-0.06822670227959948,0.049127657756909304,Temporal,inside_v0_range
V0_I_0__HR_prcp_DANRA__SIZE_128x128__LR_prcp_ewvf_nwvf_ERA5__LOSS_sdfweighted__HEADS_4__TIMESTEPS_56,V0_I_0,V0_I_0,1,/Users/au728490/ceddar_runs/models_and_samples/evaluation/V0_I_0__HR_prcp_DANRA__SIZE_128x128__LR_prcp_ewvf_nwvf_ERA5__LOSS_sdfweighted__HEADS_4__TIMESTEPS_56/summary/evaluation_summary.json,temporal.wet_mean_length_gen,Mean wet-spell length,,hr,temporal.wet_mean_length_hr,3.0,3.0,0.06997118405986846,2.9179552834586886,2.9439245001421046,-0.012073532481442939,-0.06822670227959948,0.049127657756909304,Temporal,inside_v0_range
V0_I_0__seed2__HR_prcp_DANRA__SIZE_128x128__LR_prcp_ewvf_nwvf_ERA5__LOSS_sdfweighted__HEADS_4__TIMESTEPS_56,V0_I_0_seed2,V0_I_0,2,/Users/au728490/ceddar_runs/models_and_samples/evaluation/V0_I_0__seed2__HR_prcp_DANRA__SIZE_128x128__LR_prcp_ewvf_nwvf_ERA5__LOSS_sdfweighted__HEADS_4__TIMESTEPS_56/summary/evaluation_summary.json,temporal.wet_mean_length_gen,Mean wet-spell length,,hr,temporal.wet_mean_length_hr,3.0,3.0,0.06997118405986846,2.776232479675417,2.9439245001421046,-0.15379633626471456,-0.06822670227959948,0.049127657756909304,Temporal,unfavourable
V0_I_1__HR_prcp_DANRA__SIZE_128x128__LR_prcp_ewvf_nwvf_ERA5__LOSS_sdfweighted__HEADS_4__TIMESTEPS_56,V0_I_1,V0_I_1,1,/Users/au728490/ceddar_runs/models_and_samples/evaluation/V0_I_1__HR_prcp_DANRA__SIZE_128x128__LR_prcp_ewvf_nwvf_ERA5__LOSS_sdfweighted__HEADS_4__TIMESTEPS_56/summary/evaluation_summary.json,temporal.wet_mean_length_gen,Mean wet-spell length,,hr,temporal.wet_mean_length_hr,3.0,3.0,0.06997118405986846,2.8360897515059857,2.9439245001421046,-0.09393906443414579,-0.06822670227959948,0.049127657756909304,Temporal,unfavourable
V0_I_1__seed2__HR_prcp_DANRA__SIZE_128x128__LR_prcp_ewvf_nwvf_ERA5__LOSS_sdfweighted__HEADS_4__TIMESTEPS_56,V0_I_1_seed2,V0_I_1,2,/Users/au728490/ceddar_runs/models_and_samples/evaluation/V0_I_1__seed2__HR_prcp_DANRA__SIZE_128x128__LR_prcp_ewvf_nwvf_ERA5__LOSS_sdfweighted__HEADS_4__TIMESTEPS_56/summary/evaluation_summary.json,temporal.wet_mean_length_gen,Mean wet-spell length,,hr,temporal.wet_mean_length_hr,3.0,3.0,0.06997118405986846,2.8375010316512976,2.9439245001421046,-0.0925277842888339,-0.06822670227959948,0.049127657756909304,Temporal,unfavourable
V0_M_0__HR_prcp_DANRA__SIZE_128x128__LR_prcp_msl_ERA5__LOSS_sdfweighted__HEADS_4__TIMESTEPS_56,V0_M_0,V0_M_0,1,/Users/au728490/ceddar_runs/models_and_samples/evaluation/V0_M_0__HR_prcp_DANRA__SIZE_128x128__LR_prcp_msl_ERA5__LOSS_sdfweighted__HEADS_4__TIMESTEPS_56/summary/evaluation_summary.json,temporal.wet_mean_length_gen,Mean wet-spell length,,hr,temporal.wet_mean_length_hr,3.0,3.0,0.06997118405986846,2.8044307292336144,2.9439245001421046,-0.12559808670651718,-0.06822670227959948,0.049127657756909304,Temporal,unfavourable
V0_M_0__seed2__HR_prcp_DANRA__SIZE_128x128__LR_prcp_msl_ERA5__LOSS_sdfweighted__HEADS_4__TIMESTEPS_56,V0_M_0_seed2,V0_M_0,2,/Users/au728490/ceddar_runs/models_and_samples/evaluation/V0_M_0__seed2__HR_prcp_DANRA__SIZE_128x128__LR_prcp_msl_ERA5__LOSS_sdfweighted__HEADS_4__TIMESTEPS_56/summary/evaluation_summary.json,temporal.wet_mean_length_gen,Mean wet-spell length,,hr,temporal.wet_mean_length_hr,3.0,3.0,0.06997118405986846,2.886835754054861,2.9439245001421046,-0.04319306188527072,-0.06822670227959948,0.049127657756909304,Temporal,inside_v0_range
V0_M_1__HR_prcp_DANRA__SIZE_128x128__LR_prcp_msl_ERA5__LOSS_sdfweighted__HEADS_4__TIMESTEPS_56,V0_M_1,V0_M_1,1,/Users/au728490/ceddar_runs/models_and_samples/evaluation/V0_M_1__HR_prcp_DANRA__SIZE_128x128__LR_prcp_msl_ERA5__LOSS_sdfweighted__HEADS_4__TIMESTEPS_56/summary/evaluation_summary.json,temporal.wet_mean_length_gen,Mean wet-spell length,,hr,temporal.wet_mean_length_hr,3.0,3.0,0.06997118405986846,2.8605347064472273,2.9439245001421046,-0.06949410949290424,-0.06822670227959948,0.049127657756909304,Temporal,unfavourable
V0_M_1__seed2__HR_prcp_DANRA__SIZE_128x128__LR_prcp_msl_ERA5__LOSS_sdfweighted__HEADS_4__TIMESTEPS_56,V0_M_1_seed2,V0_M_1,2,/Users/au728490/ceddar_runs/models_and_samples/evaluation/V0_M_1__seed2__HR_prcp_DANRA__SIZE_128x128__LR_prcp_msl_ERA5__LOSS_sdfweighted__HEADS_4__TIMESTEPS_56/summary/evaluation_summary.json,temporal.wet_mean_length_gen,Mean wet-spell length,,hr,temporal.wet_mean_length_hr,3.0,3.0,0.06997118405986846,2.933080868872262,2.9439245001421046,0.003052052932130511,-0.06822670227959948,0.049127657756909304,Temporal,inside_v0_range
V0_T_0__HR_prcp_DANRA__SIZE_128x128__LR_prcp_thetae_pl_850_ERA5__LOSS_sdfweighted__HEADS_4__TIMESTEPS_56,V0_T_0,V0_T_0,1,/Users/au728490/ceddar_runs/models_and_samples/evaluation/V0_T_0__HR_prcp_DANRA__SIZE_128x128__LR_prcp_thetae_pl_850_ERA5__LOSS_sdfweighted__HEADS_4__TIMESTEPS_56/summary/evaluation_summary.json,temporal.wet_mean_length_gen,Mean wet-spell length,,hr,temporal.wet_mean_length_hr,3.0,3.0,0.06997118405986846,2.880040371410804,2.9439245001421046,-0.04998844452932749,-0.06822670227959948,0.049127657756909304,Temporal,inside_v0_range
V0_T_0__seed2__HR_prcp_DANRA__SIZE_128x128__LR_prcp_thetae_pl_850_ERA5__LOSS_sdfweighted__HEADS_4__TIMESTEPS_56,V0_T_0_seed2,V0_T_0,2,/Users/au728490/ceddar_runs/models_and_samples/evaluation/V0_T_0__seed2__HR_prcp_DANRA__SIZE_128x128__LR_prcp_thetae_pl_850_ERA5__LOSS_sdfweighted__HEADS_4__TIMESTEPS_56/summary/evaluation_summary.json,temporal.wet_mean_length_gen,Mean wet-spell length,,hr,temporal.wet_mean_length_hr,3.0,3.0,0.06997118405986846,3.139382073652707,2.9439245001421046,-0.06941088959283848,-0.06822670227959948,0.049127657756909304,Temporal,unfavourable
V0_T_1__HR_prcp_DANRA__SIZE_128x128__LR_prcp_thetae_pl_850_ERA5__LOSS_sdfweighted__HEADS_4__TIMESTEPS_56,V0_T_1,V0_T_1,1,/Users/au728490/ceddar_runs/models_and_samples/evaluation/V0_T_1__HR_prcp_DANRA__SIZE_128x128__LR_prcp_thetae_pl_850_ERA5__LOSS_sdfweighted__HEADS_4__TIMESTEPS_56/summary/evaluation_summary.json,temporal.wet_mean_length_gen,Mean wet-spell length,,hr,temporal.wet_mean_length_hr,3.0,3.0,0.06997118405986846,2.9881363114980823,2.9439245001421046,0.058107495557950806,-0.06822670227959948,0.049127657756909304,Temporal,favourable
V0_T_1__seed2__HR_prcp_DANRA__SIZE_128x128__LR_prcp_thetae_pl_850_ERA5__LOSS_sdfweighted__HEADS_4__TIMESTEPS_56,V0_T_1_seed2,V0_T_1,2,/Users/au728490/ceddar_runs/models_and_samples/evaluation/V0_T_1__seed2__HR_prcp_DANRA__SIZE_128x128__LR_prcp_thetae_pl_850_ERA5__LOSS_sdfweighted__HEADS_4__TIMESTEPS_56/summary/evaluation_summary.json,temporal.wet_mean_length_gen,Mean wet-spell length,,hr,temporal.wet_mean_length_hr,3.0,3.0,0.06997118405986846,2.8466144908094133,2.9439245001421046,-0.08341432513071823,-0.06822670227959948,0.049127657756909304,Temporal,unfavourable
V0_Z_0__HR_prcp_DANRA__SIZE_128x128__LR_prcp_z_pl_500_ERA5__LOSS_sdfweighted__HEADS_4__TIMESTEPS_56,V0_Z_0,V0_Z_0,1,/Users/au728490/ceddar_runs/models_and_samples/evaluation/V0_Z_0__HR_prcp_DANRA__SIZE_128x128__LR_prcp_z_pl_500_ERA5__LOSS_sdfweighted__HEADS_4__TIMESTEPS_56/summary/evaluation_summary.json,temporal.wet_mean_length_gen,Mean wet-spell length,,hr,temporal.wet_mean_length_hr,3.0,3.0,0.06997118405986846,3.009682010917622,2.9439245001421046,0.060289173142246355,-0.06822670227959948,0.049127657756909304,Temporal,favourable
V0_Z_0__seed2__HR_prcp_DANRA__SIZE_128x128__LR_prcp_z_pl_500_ERA5__LOSS_sdfweighted__HEADS_4__TIMESTEPS_56,V0_Z_0_seed2,V0_Z_0,2,/Users/au728490/ceddar_runs/models_and_samples/evaluation/V0_Z_0__seed2__HR_prcp_DANRA__SIZE_128x128__LR_prcp_z_pl_500_ERA5__LOSS_sdfweighted__HEADS_4__TIMESTEPS_56/summary/evaluation_summary.json,temporal.wet_mean_length_gen,Mean wet-spell length,,hr,temporal.wet_mean_length_hr,3.0,3.0,0.06997118405986846,2.8577148415676854,2.9439245001421046,-0.07231397437244613,-0.06822670227959948,0.049127657756909304,Temporal,unfavourable
V0_Z_1__HR_prcp_DANRA__SIZE_128x128__LR_prcp_z_pl_500_ERA5__LOSS_sdfweighted__HEADS_4__TIMESTEPS_56,V0_Z_1,V0_Z_1,1,/Users/au728490/ceddar_runs/models_and_samples/evaluation/V0_Z_1__HR_prcp_DANRA__SIZE_128x128__LR_prcp_z_pl_500_ERA5__LOSS_sdfweighted__HEADS_4__TIMESTEPS_56/summary/evaluation_summary.json,temporal.wet_mean_length_gen,Mean wet-spell length,,hr,temporal.wet_mean_length_hr,3.0,3.0,0.06997118405986846,2.939090636502064,2.9439245001421046,0.00906182056193261,-0.06822670227959948,0.049127657756909304,Temporal,inside_v0_range
V0_Z_1__seed2__HR_prcp_DANRA__SIZE_128x128__LR_prcp_z_pl_500_ERA5__LOSS_sdfweighted__HEADS_4__TIMESTEPS_56,V0_Z_1_seed2,V0_Z_1,2,/Users/au728490/ceddar_runs/models_and_samples/evaluation/V0_Z_1__seed2__HR_prcp_DANRA__SIZE_128x128__LR_prcp_z_pl_500_ERA5__LOSS_sdfweighted__HEADS_4__TIMESTEPS_56/summary/evaluation_summary.json,temporal.wet_mean_length_gen,Mean wet-spell length,,hr,temporal.wet_mean_length_hr,3.0,3.0,0.06997118405986846,3.0331734163599866,2.9439245001421046,0.036797767699881856,-0.06822670227959948,0.049127657756909304,Temporal,inside_v0_range
D_IP_1__HR_prcp_DANRA__SIZE_128x128__LR_prcp_ewvf_nwvf_ERA5__LOSS_sdfweighted__HEADS_4__TIMESTEPS_56,D_IP_1,D_IP_1,1,/Users/au728490/ceddar_runs/models_and_samples/evaluation/D_IP_1__HR_prcp_DANRA__SIZE_128x128__LR_prcp_ewvf_nwvf_ERA5__LOSS_sdfweighted__HEADS_4__TIMESTEPS_56/summary/evaluation_summary.json,temporal.wet_mean_length_gen,Mean wet-spell length,,hr,temporal.wet_mean_length_hr,3.0,3.0,0.06997118405986846,2.896849609921863,2.9439245001421046,-0.033179206018268736,-0.06822670227959948,0.049127657756909304,Temporal,inside_v0_range
D_IP_1__seed2__HR_prcp_DANRA__SIZE_128x128__LR_prcp_ewvf_nwvf_ERA5__LOSS_sdfweighted__HEADS_4__TIMESTEPS_56,D_IP_1_seed2,D_IP_1,2,/Users/au728490/ceddar_runs/models_and_samples/evaluation/D_IP_1__seed2__HR_prcp_DANRA__SIZE_128x128__LR_prcp_ewvf_nwvf_ERA5__LOSS_sdfweighted__HEADS_4__TIMESTEPS_56/summary/evaluation_summary.json,temporal.wet_mean_length_gen,Mean wet-spell length,,hr,temporal.wet_mean_length_hr,3.0,3.0,0.06997118405986846,2.9959534587162464,2.9439245001421046,0.06592464277611487,-0.06822670227959948,0.049127657756909304,Temporal,favourable
D_MZP_1__HR_prcp_DANRA__SIZE_128x128__LR_prcp_msl_z_pl_500_ERA5__LOSS_sdfweighted__HEADS_4__TIMESTEPS_56,D_MZP_1,D_MZP_1,1,/Users/au728490/ceddar_runs/models_and_samples/evaluation/D_MZP_1__HR_prcp_DANRA__SIZE_128x128__LR_prcp_msl_z_pl_500_ERA5__LOSS_sdfweighted__HEADS_4__TIMESTEPS_56/summary/evaluation_summary.json,temporal.wet_mean_length_gen,Mean wet-spell length,,hr,temporal.wet_mean_length_hr,3.0,3.0,0.06997118405986846,2.872719524162875,2.9439245001421046,-0.05730929177725663,-0.06822670227959948,0.049127657756909304,Temporal,inside_v0_range
D_MZP_1__seed2__HR_prcp_DANRA__SIZE_128x128__LR_prcp_msl_z_pl_500_ERA5__LOSS_sdfweighted__HEADS_4__TIMESTEPS_56,D_MZP_1_seed2,D_MZP_1,2,/Users/au728490/ceddar_runs/models_and_samples/evaluation/D_MZP_1__seed2__HR_prcp_DANRA__SIZE_128x128__LR_prcp_msl_z_pl_500_ERA5__LOSS_sdfweighted__HEADS_4__TIMESTEPS_56/summary/evaluation_summary.json,temporal.wet_mean_length_gen,Mean wet-spell length,,hr,temporal.wet_mean_length_hr,3.0,3.0,0.06997118405986846,3.0600497048603423,2.9439245001421046,0.009921479199526129,-0.06822670227959948,0.049127657756909304,Temporal,inside_v0_range
D_MTP_0__HR_prcp_DANRA__SIZE_128x128__LR_prcp_msl_thetae_pl_850_ERA5__LOSS_sdfweighted__HEADS_4__TIMESTEPS_56,D_MTP_0,D_MTP_0,1,/Users/au728490/ceddar_runs/models_and_samples/evaluation/D_MTP_0__HR_prcp_DANRA__SIZE_128x128__LR_prcp_msl_thetae_pl_850_ERA5__LOSS_sdfweighted__HEADS_4__TIMESTEPS_56/summary/evaluation_summary.json,temporal.wet_mean_length_gen,Mean wet-spell length,,hr,temporal.wet_mean_length_hr,3.0,3.0,0.06997118405986846,2.8717959868728604,2.9439245001421046,-0.05823282906727112,-0.06822670227959948,0.049127657756909304,Temporal,inside_v0_range
D_MTP_0__seed2__HR_prcp_DANRA__SIZE_128x128__LR_prcp_msl_thetae_pl_850_ERA5__LOSS_sdfweighted__HEADS_4__TIMESTEPS_56,D_MTP_0_seed2,D_MTP_0,2,/Users/au728490/ceddar_runs/models_and_samples/evaluation/D_MTP_0__seed2__HR_prcp_DANRA__SIZE_128x128__LR_prcp_msl_thetae_pl_850_ERA5__LOSS_sdfweighted__HEADS_4__TIMESTEPS_56/summary/evaluation_summary.json,temporal.wet_mean_length_gen,Mean wet-spell length,,hr,temporal.wet_mean_length_hr,3.0,3.0,0.06997118405986846,3.0071121584382863,2.9439245001421046,0.06285902562158219,-0.06822670227959948,0.049127657756909304,Temporal,favourable
D_MTP_1__HR_prcp_DANRA__SIZE_128x128__LR_prcp_msl_thetae_pl_850_ERA5__LOSS_sdfweighted__HEADS_4__TIMESTEPS_56,D_MTP_1,D_MTP_1,1,/Users/au728490/ceddar_runs/models_and_samples/evaluation/D_MTP_1__HR_prcp_DANRA__SIZE_128x128__LR_prcp_msl_thetae_pl_850_ERA5__LOSS_sdfweighted__HEADS_4__TIMESTEPS_56/summary/evaluation_summary.json,temporal.wet_mean_length_gen,Mean wet-spell length,,hr,temporal.wet_mean_length_hr,3.0,3.0,0.06997118405986846,3.0434996394870764,2.9439245001421046,0.026471544572792105,-0.06822670227959948,0.049127657756909304,Temporal,inside_v0_range
D_MTP_1__seed2__HR_prcp_DANRA__SIZE_128x128__LR_prcp_msl_thetae_pl_850_ERA5__LOSS_sdfweighted__HEADS_4__TIMESTEPS_56,D_MTP_1_seed2,D_MTP_1,2,/Users/au728490/ceddar_runs/models_and_samples/evaluation/D_MTP_1__seed2__HR_prcp_DANRA__SIZE_128x128__LR_prcp_msl_thetae_pl_850_ERA5__LOSS_sdfweighted__HEADS_4__TIMESTEPS_56/summary/evaluation_summary.json,temporal.wet_mean_length_gen,Mean wet-spell length,,hr,temporal.wet_mean_length_hr,3.0,3.0,0.06997118405986846,2.8669539157263992,2.9439245001421046,-0.0630749002137323,-0.06822670227959948,0.049127657756909304,Temporal,inside_v0_range
D_MTCP_1__HR_prcp_DANRA__SIZE_128x128__LR_prcp_msl_thetae_pl_850_cape_ERA5__LOSS_sdfweighted__HEADS_4__TIMESTEPS_56,D_MTCP_1,D_MTCP_1,1,/Users/au728490/ceddar_runs/models_and_samples/evaluation/D_MTCP_1__HR_prcp_DANRA__SIZE_128x128__LR_prcp_msl_thetae_pl_850_cape_ERA5__LOSS_sdfweighted__HEADS_4__TIMESTEPS_56/summary/evaluation_summary.json,temporal.wet_mean_length_gen,Mean wet-spell length,,hr,temporal.wet_mean_length_hr,3.0,3.0,0.06997118405986846,3.1181332461952356,2.9439245001421046,-0.04816206213536711,-0.06822670227959948,0.049127657756909304,Temporal,inside_v0_range
D_MTCP_1__seed2__HR_prcp_DANRA__SIZE_128x128__LR_prcp_msl_thetae_pl_850_cape_ERA5__LOSS_sdfweighted__HEADS_4__TIMESTEPS_56,D_MTCP_1_seed2,D_MTCP_1,2,/Users/au728490/ceddar_runs/models_and_samples/evaluation/D_MTCP_1__seed2__HR_prcp_DANRA__SIZE_128x128__LR_prcp_msl_thetae_pl_850_cape_ERA5__LOSS_sdfweighted__HEADS_4__TIMESTEPS_56/summary/evaluation_summary.json,temporal.wet_mean_length_gen,Mean wet-spell length,,hr,temporal.wet_mean_length_hr,3.0,3.0,0.06997118405986846,2.9534913668553218,2.9439245001421046,0.023462550915190228,-0.06822670227959948,0.049127657756909304,Temporal,inside_v0_range
D_MZIP_1__HR_prcp_DANRA__SIZE_128x128__LR_prcp_msl_z_pl_500_ewvf_nwvf_ERA5__LOSS_sdfweighted__HEADS_4__TIMESTEPS_56,D_MZIP_1,D_MZIP_1,1,/Users/au728490/ceddar_runs/models_and_samples/evaluation/D_MZIP_1__HR_prcp_DANRA__SIZE_128x128__LR_prcp_msl_z_pl_500_ewvf_nwvf_ERA5__LOSS_sdfweighted__HEADS_4__TIMESTEPS_56/summary/evaluation_summary.json,temporal.wet_mean_length_gen,Mean wet-spell length,,hr,temporal.wet_mean_length_hr,3.0,3.0,0.06997118405986846,3.0334782953533974,2.9439245001421046,0.03649288870647105,-0.06822670227959948,0.049127657756909304,Temporal,inside_v0_range
D_MZIP_1__seed2__HR_prcp_DANRA__SIZE_128x128__LR_prcp_msl_z_pl_500_ewvf_nwvf_ERA5__LOSS_sdfweighted__HEADS_4__TIMESTEPS_56,D_MZIP_1_seed2,D_MZIP_1,2,/Users/au728490/ceddar_runs/models_and_samples/evaluation/D_MZIP_1__seed2__HR_prcp_DANRA__SIZE_128x128__LR_prcp_msl_z_pl_500_ewvf_nwvf_ERA5__LOSS_sdfweighted__HEADS_4__TIMESTEPS_56/summary/evaluation_summary.json,temporal.wet_mean_length_gen,Mean wet-spell length,,hr,temporal.wet_mean_length_hr,3.0,3.0,0.06997118405986846,3.228734374825595,2.9439245001421046,-0.15876319076572676,-0.06822670227959948,0.049127657756909304,Temporal,unfavourable
D_MT_1__HR_prcp_DANRA__SIZE_128x128__LR_msl_thetae_pl_850_ERA5__LOSS_sdfweighted__HEADS_4__TIMESTEPS_56,D_MT_1,D_MT_1,1,/Users/au728490/ceddar_runs/models_and_samples/evaluation/D_MT_1__HR_prcp_DANRA__SIZE_128x128__LR_msl_thetae_pl_850_ERA5__LOSS_sdfweighted__HEADS_4__TIMESTEPS_56/summary/evaluation_summary.json,temporal.wet_mean_length_gen,Mean wet-spell length,,hr,temporal.wet_mean_length_hr,3.0,3.0,0.06997118405986846,1.5658352405392115,2.9439245001421046,-1.36419357540092,-0.06822670227959948,0.049127657756909304,Temporal,unfavourable
D_MT_1__seed2__HR_prcp_DANRA__SIZE_128x128__LR_msl_thetae_pl_850_ERA5__LOSS_sdfweighted__HEADS_4__TIMESTEPS_56,D_MT_1_seed2,D_MT_1,2,/Users/au728490/ceddar_runs/models_and_samples/evaluation/D_MT_1__seed2__HR_prcp_DANRA__SIZE_128x128__LR_msl_thetae_pl_850_ERA5__LOSS_sdfweighted__HEADS_4__TIMESTEPS_56/summary/evaluation_summary.json,temporal.wet_mean_length_gen,Mean wet-spell length,,hr,temporal.wet_mean_length_hr,3.0,3.0,0.06997118405986846,1.5247592126198368,2.9439245001421046,-1.4052696033202947,-0.06822670227959948,0.049127657756909304,Temporal,unfavourable
D_MTC_1__HR_prcp_DANRA__SIZE_128x128__LR_msl_thetae_pl_850_cape_ERA5__LOSS_sdfweighted__HEADS_4__TIMESTEPS_56,D_MTC_1,D_MTC_1,1,/Users/au728490/ceddar_runs/models_and_samples/evaluation/D_MTC_1__HR_prcp_DANRA__SIZE_128x128__LR_msl_thetae_pl_850_cape_ERA5__LOSS_sdfweighted__HEADS_4__TIMESTEPS_56/summary/evaluation_summary.json,temporal.wet_mean_length_gen,Mean wet-spell length,,hr,temporal.wet_mean_length_hr,3.0,3.0,0.06997118405986846,1.7877900859899047,2.9439245001421046,-1.1422387299502268,-0.06822670227959948,0.049127657756909304,Temporal,unfavourable
D_MTC_1__seed2__HR_prcp_DANRA__SIZE_128x128__LR_msl_thetae_pl_850_cape_ERA5__LOSS_sdfweighted__HEADS_4__TIMESTEPS_56,D_MTC_1_seed2,D_MTC_1,2,/Users/au728490/ceddar_runs/models_and_samples/evaluation/D_MTC_1__seed2__HR_prcp_DANRA__SIZE_128x128__LR_msl_thetae_pl_850_cape_ERA5__LOSS_sdfweighted__HEADS_4__TIMESTEPS_56/summary/evaluation_summary.json,temporal.wet_mean_length_gen,Mean wet-spell length,,hr,temporal.wet_mean_length_hr,3.0,3.0,0.06997118405986846,2.195232679736438,2.9439245001421046,-0.7347961362036934,-0.06822670227959948,0.049127657756909304,Temporal,unfavourable
C_10__HR_prcp_DANRA__SIZE_128x128__LR_prcp_ERA5__LOSS_sdfweighted__HEADS_4__TIMESTEPS_56,C_10,C_10,1,/Users/au728490/ceddar_runs/models_and_samples/evaluation/C_10__HR_prcp_DANRA__SIZE_128x128__LR_prcp_ERA5__LOSS_sdfweighted__HEADS_4__TIMESTEPS_56/summary/evaluation_summary.json,temporal.dry_mean_length_gen,Mean dry-spell length,,hr,temporal.dry_mean_length_hr,3.1333333333333333,3.1333333333333333,0.10013499470670768,3.244564417996111,3.233468328040041,-0.011096089956070074,-0.051961267282482,0.055192734310190186,Temporal,inside_v0_range
C_10__seed2__HR_prcp_DANRA__SIZE_128x128__LR_prcp_ERA5__LOSS_sdfweighted__HEADS_4__TIMESTEPS_56,C_10_seed2,C_10,2,/Users/au728490/ceddar_runs/models_and_samples/evaluation/C_10__seed2__HR_prcp_DANRA__SIZE_128x128__LR_prcp_ERA5__LOSS_sdfweighted__HEADS_4__TIMESTEPS_56/summary/evaluation_summary.json,temporal.dry_mean_length_gen,Mean dry-spell length,,hr,temporal.dry_mean_length_hr,3.1333333333333333,3.1333333333333333,0.10013499470670768,3.2357155902272092,3.233468328040041,-0.002247262187168239,-0.051961267282482,0.055192734310190186,Temporal,inside_v0_range
V0_C_0__HR_prcp_DANRA__SIZE_128x128__LR_prcp_cape_ERA5__LOSS_sdfweighted__HEADS_4__TIMESTEPS_56,V0_C_0,V0_C_0,1,/Users/au728490/ceddar_runs/models_and_samples/evaluation/V0_C_0__HR_prcp_DANRA__SIZE_128x128__LR_prcp_cape_ERA5__LOSS_sdfweighted__HEADS_4__TIMESTEPS_56/summary/evaluation_summary.json,temporal.dry_mean_length_gen,Mean dry-spell length,,hr,temporal.dry_mean_length_hr,3.1333333333333333,3.1333333333333333,0.10013499470670768,3.3697576600438666,3.233468328040041,-0.1362893320038256,-0.051961267282482,0.055192734310190186,Temporal,unfavourable
V0_C_0__seed2__HR_prcp_DANRA__SIZE_128x128__LR_prcp_cape_ERA5__LOSS_sdfweighted__HEADS_4__TIMESTEPS_56,V0_C_0_seed2,V0_C_0,2,/Users/au728490/ceddar_runs/models_and_samples/evaluation/V0_C_0__seed2__HR_prcp_DANRA__SIZE_128x128__LR_prcp_cape_ERA5__LOSS_sdfweighted__HEADS_4__TIMESTEPS_56/summary/evaluation_summary.json,temporal.dry_mean_length_gen,Mean dry-spell length,,hr,temporal.dry_mean_length_hr,3.1333333333333333,3.1333333333333333,0.10013499470670768,3.320317179823383,3.233468328040041,-0.08684885178334205,-0.051961267282482,0.055192734310190186,Temporal,unfavourable
V0_C_1__HR_prcp_DANRA__SIZE_128x128__LR_prcp_cape_ERA5__LOSS_sdfweighted__HEADS_4__TIMESTEPS_56,V0_C_1,V0_C_1,1,/Users/au728490/ceddar_runs/models_and_samples/evaluation/V0_C_1__HR_prcp_DANRA__SIZE_128x128__LR_prcp_cape_ERA5__LOSS_sdfweighted__HEADS_4__TIMESTEPS_56/summary/evaluation_summary.json,temporal.dry_mean_length_gen,Mean dry-spell length,,hr,temporal.dry_mean_length_hr,3.1333333333333333,3.1333333333333333,0.10013499470670768,3.2672555792506577,3.233468328040041,-0.033787251210616695,-0.051961267282482,0.055192734310190186,Temporal,inside_v0_range
V0_C_1__seed2__HR_prcp_DANRA__SIZE_128x128__LR_prcp_cape_ERA5__LOSS_sdfweighted__HEADS_4__TIMESTEPS_56,V0_C_1_seed2,V0_C_1,2,/Users/au728490/ceddar_runs/models_and_samples/evaluation/V0_C_1__seed2__HR_prcp_DANRA__SIZE_128x128__LR_prcp_cape_ERA5__LOSS_sdfweighted__HEADS_4__TIMESTEPS_56/summary/evaluation_summary.json,temporal.dry_mean_length_gen,Mean dry-spell length,,hr,temporal.dry_mean_length_hr,3.1333333333333333,3.1333333333333333,0.10013499470670768,3.2281272881951555,3.233468328040041,0.005341039844885501,-0.051961267282482,0.055192734310190186,Temporal,inside_v0_range
V0_I_0__HR_prcp_DANRA__SIZE_128x128__LR_prcp_ewvf_nwvf_ERA5__LOSS_sdfweighted__HEADS_4__TIMESTEPS_56,V0_I_0,V0_I_0,1,/Users/au728490/ceddar_runs/models_and_samples/evaluation/V0_I_0__HR_prcp_DANRA__SIZE_128x128__LR_prcp_ewvf_nwvf_ERA5__LOSS_sdfweighted__HEADS_4__TIMESTEPS_56/summary/evaluation_summary.json,temporal.dry_mean_length_gen,Mean dry-spell length,,hr,temporal.dry_mean_length_hr,3.1333333333333333,3.1333333333333333,0.10013499470670768,3.2522434973726106,3.233468328040041,-0.01877516933256966,-0.051961267282482,0.055192734310190186,Temporal,inside_v0_range
V0_I_0__seed2__HR_prcp_DANRA__SIZE_128x128__LR_prcp_ewvf_nwvf_ERA5__LOSS_sdfweighted__HEADS_4__TIMESTEPS_56,V0_I_0_seed2,V0_I_0,2,/Users/au728490/ceddar_runs/models_and_samples/evaluation/V0_I_0__seed2__HR_prcp_DANRA__SIZE_128x128__LR_prcp_ewvf_nwvf_ERA5__LOSS_sdfweighted__HEADS_4__TIMESTEPS_56/summary/evaluation_summary.json,temporal.dry_mean_length_gen,Mean dry-spell length,,hr,temporal.dry_mean_length_hr,3.1333333333333333,3.1333333333333333,0.10013499470670768,3.3641129376700674,3.233468328040041,-0.1306446096300264,-0.051961267282482,0.055192734310190186,Temporal,unfavourable
V0_I_1__HR_prcp_DANRA__SIZE_128x128__LR_prcp_ewvf_nwvf_ERA5__LOSS_sdfweighted__HEADS_4__TIMESTEPS_56,V0_I_1,V0_I_1,1,/Users/au728490/ceddar_runs/models_and_samples/evaluation/V0_I_1__HR_prcp_DANRA__SIZE_128x128__LR_prcp_ewvf_nwvf_ERA5__LOSS_sdfweighted__HEADS_4__TIMESTEPS_56/summary/evaluation_summary.json,temporal.dry_mean_length_gen,Mean dry-spell length,,hr,temporal.dry_mean_length_hr,3.1333333333333333,3.1333333333333333,0.10013499470670768,3.2620400347737983,3.233468328040041,-0.02857170673375735,-0.051961267282482,0.055192734310190186,Temporal,inside_v0_range
V0_I_1__seed2__HR_prcp_DANRA__SIZE_128x128__LR_prcp_ewvf_nwvf_ERA5__LOSS_sdfweighted__HEADS_4__TIMESTEPS_56,V0_I_1_seed2,V0_I_1,2,/Users/au728490/ceddar_runs/models_and_samples/evaluation/V0_I_1__seed2__HR_prcp_DANRA__SIZE_128x128__LR_prcp_ewvf_nwvf_ERA5__LOSS_sdfweighted__HEADS_4__TIMESTEPS_56/summary/evaluation_summary.json,temporal.dry_mean_length_gen,Mean dry-spell length,,hr,temporal.dry_mean_length_hr,3.1333333333333333,3.1333333333333333,0.10013499470670768,3.280839865835526,3.233468328040041,-0.047371537795484794,-0.051961267282482,0.055192734310190186,Temporal,inside_v0_range
V0_M_0__HR_prcp_DANRA__SIZE_128x128__LR_prcp_msl_ERA5__LOSS_sdfweighted__HEADS_4__TIMESTEPS_56,V0_M_0,V0_M_0,1,/Users/au728490/ceddar_runs/models_and_samples/evaluation/V0_M_0__HR_prcp_DANRA__SIZE_128x128__LR_prcp_msl_ERA5__LOSS_sdfweighted__HEADS_4__TIMESTEPS_56/summary/evaluation_summary.json,temporal.dry_mean_length_gen,Mean dry-spell length,,hr,temporal.dry_mean_length_hr,3.1333333333333333,3.1333333333333333,0.10013499470670768,3.33102669677302,3.233468328040041,-0.09755836873297923,-0.051961267282482,0.055192734310190186,Temporal,unfavourable
V0_M_0__seed2__HR_prcp_DANRA__SIZE_128x128__LR_prcp_msl_ERA5__LOSS_sdfweighted__HEADS_4__TIMESTEPS_56,V0_M_0_seed2,V0_M_0,2,/Users/au728490/ceddar_runs/models_and_samples/evaluation/V0_M_0__seed2__HR_prcp_DANRA__SIZE_128x128__LR_prcp_msl_ERA5__LOSS_sdfweighted__HEADS_4__TIMESTEPS_56/summary/evaluation_summary.json,temporal.dry_mean_length_gen,Mean dry-spell length,,hr,temporal.dry_mean_length_hr,3.1333333333333333,3.1333333333333333,0.10013499470670768,3.2976149474471326,3.233468328040041,-0.06414661940709158,-0.051961267282482,0.055192734310190186,Temporal,unfavourable
V0_M_1__HR_prcp_DANRA__SIZE_128x128__LR_prcp_msl_ERA5__LOSS_sdfweighted__HEADS_4__TIMESTEPS_56,V0_M_1,V0_M_1,1,/Users/au728490/ceddar_runs/models_and_samples/evaluation/V0_M_1__HR_prcp_DANRA__SIZE_128x128__LR_prcp_msl_ERA5__LOSS_sdfweighted__HEADS_4__TIMESTEPS_56/summary/evaluation_summary.json,temporal.dry_mean_length_gen,Mean dry-spell length,,hr,temporal.dry_mean_length_hr,3.1333333333333333,3.1333333333333333,0.10013499470670768,3.3036708737740828,3.233468328040041,-0.07020254573404176,-0.051961267282482,0.055192734310190186,Temporal,unfavourable
V0_M_1__seed2__HR_prcp_DANRA__SIZE_128x128__LR_prcp_msl_ERA5__LOSS_sdfweighted__HEADS_4__TIMESTEPS_56,V0_M_1_seed2,V0_M_1,2,/Users/au728490/ceddar_runs/models_and_samples/evaluation/V0_M_1__seed2__HR_prcp_DANRA__SIZE_128x128__LR_prcp_msl_ERA5__LOSS_sdfweighted__HEADS_4__TIMESTEPS_56/summary/evaluation_summary.json,temporal.dry_mean_length_gen,Mean dry-spell length,,hr,temporal.dry_mean_length_hr,3.1333333333333333,3.1333333333333333,0.10013499470670768,3.266947285269705,3.233468328040041,-0.033478957229663805,-0.051961267282482,0.055192734310190186,Temporal,inside_v0_range
V0_T_0__HR_prcp_DANRA__SIZE_128x128__LR_prcp_thetae_pl_850_ERA5__LOSS_sdfweighted__HEADS_4__TIMESTEPS_56,V0_T_0,V0_T_0,1,/Users/au728490/ceddar_runs/models_and_samples/evaluation/V0_T_0__HR_prcp_DANRA__SIZE_128x128__LR_prcp_thetae_pl_850_ERA5__LOSS_sdfweighted__HEADS_4__TIMESTEPS_56/summary/evaluation_summary.json,temporal.dry_mean_length_gen,Mean dry-spell length,,hr,temporal.dry_mean_length_hr,3.1333333333333333,3.1333333333333333,0.10013499470670768,3.231560383594922,3.233468328040041,0.0019079444451189503,-0.051961267282482,0.055192734310190186,Temporal,inside_v0_range
V0_T_0__seed2__HR_prcp_DANRA__SIZE_128x128__LR_prcp_thetae_pl_850_ERA5__LOSS_sdfweighted__HEADS_4__TIMESTEPS_56,V0_T_0_seed2,V0_T_0,2,/Users/au728490/ceddar_runs/models_and_samples/evaluation/V0_T_0__seed2__HR_prcp_DANRA__SIZE_128x128__LR_prcp_thetae_pl_850_ERA5__LOSS_sdfweighted__HEADS_4__TIMESTEPS_56/summary/evaluation_summary.json,temporal.dry_mean_length_gen,Mean dry-spell length,,hr,temporal.dry_mean_length_hr,3.1333333333333333,3.1333333333333333,0.10013499470670768,3.2387417993584244,3.233468328040041,-0.005273471318383446,-0.051961267282482,0.055192734310190186,Temporal,inside_v0_range
V0_T_1__HR_prcp_DANRA__SIZE_128x128__LR_prcp_thetae_pl_850_ERA5__LOSS_sdfweighted__HEADS_4__TIMESTEPS_56,V0_T_1,V0_T_1,1,/Users/au728490/ceddar_runs/models_and_samples/evaluation/V0_T_1__HR_prcp_DANRA__SIZE_128x128__LR_prcp_thetae_pl_850_ERA5__LOSS_sdfweighted__HEADS_4__TIMESTEPS_56/summary/evaluation_summary.json,temporal.dry_mean_length_gen,Mean dry-spell length,,hr,temporal.dry_mean_length_hr,3.1333333333333333,3.1333333333333333,0.10013499470670768,3.2293357771678606,3.233468328040041,0.00413255087218041,-0.051961267282482,0.055192734310190186,Temporal,inside_v0_range
V0_T_1__seed2__HR_prcp_DANRA__SIZE_128x128__LR_prcp_thetae_pl_850_ERA5__LOSS_sdfweighted__HEADS_4__TIMESTEPS_56,V0_T_1_seed2,V0_T_1,2,/Users/au728490/ceddar_runs/models_and_samples/evaluation/V0_T_1__seed2__HR_prcp_DANRA__SIZE_128x128__LR_prcp_thetae_pl_850_ERA5__LOSS_sdfweighted__HEADS_4__TIMESTEPS_56/summary/evaluation_summary.json,temporal.dry_mean_length_gen,Mean dry-spell length,,hr,temporal.dry_mean_length_hr,3.1333333333333333,3.1333333333333333,0.10013499470670768,3.254299152601524,3.233468328040041,-0.020830824561482927,-0.051961267282482,0.055192734310190186,Temporal,inside_v0_range
V0_Z_0__HR_prcp_DANRA__SIZE_128x128__LR_prcp_z_pl_500_ERA5__LOSS_sdfweighted__HEADS_4__TIMESTEPS_56,V0_Z_0,V0_Z_0,1,/Users/au728490/ceddar_runs/models_and_samples/evaluation/V0_Z_0__HR_prcp_DANRA__SIZE_128x128__LR_prcp_z_pl_500_ERA5__LOSS_sdfweighted__HEADS_4__TIMESTEPS_56/summary/evaluation_summary.json,temporal.dry_mean_length_gen,Mean dry-spell length,,hr,temporal.dry_mean_length_hr,3.1333333333333333,3.1333333333333333,0.10013499470670768,3.1836473164262133,3.233468328040041,0.04982101161382764,-0.051961267282482,0.055192734310190186,Temporal,inside_v0_range
V0_Z_0__seed2__HR_prcp_DANRA__SIZE_128x128__LR_prcp_z_pl_500_ERA5__LOSS_sdfweighted__HEADS_4__TIMESTEPS_56,V0_Z_0_seed2,V0_Z_0,2,/Users/au728490/ceddar_runs/models_and_samples/evaluation/V0_Z_0__seed2__HR_prcp_DANRA__SIZE_128x128__LR_prcp_z_pl_500_ERA5__LOSS_sdfweighted__HEADS_4__TIMESTEPS_56/summary/evaluation_summary.json,temporal.dry_mean_length_gen,Mean dry-spell length,,hr,temporal.dry_mean_length_hr,3.1333333333333333,3.1333333333333333,0.10013499470670768,3.2945755712956526,3.233468328040041,-0.06110724325561161,-0.051961267282482,0.055192734310190186,Temporal,unfavourable
V0_Z_1__HR_prcp_DANRA__SIZE_128x128__LR_prcp_z_pl_500_ERA5__LOSS_sdfweighted__HEADS_4__TIMESTEPS_56,V0_Z_1,V0_Z_1,1,/Users/au728490/ceddar_runs/models_and_samples/evaluation/V0_Z_1__HR_prcp_DANRA__SIZE_128x128__LR_prcp_z_pl_500_ERA5__LOSS_sdfweighted__HEADS_4__TIMESTEPS_56/summary/evaluation_summary.json,temporal.dry_mean_length_gen,Mean dry-spell length,,hr,temporal.dry_mean_length_hr,3.1333333333333333,3.1333333333333333,0.10013499470670768,3.244053927979429,3.233468328040041,-0.010585599939387944,-0.051961267282482,0.055192734310190186,Temporal,inside_v0_range
V0_Z_1__seed2__HR_prcp_DANRA__SIZE_128x128__LR_prcp_z_pl_500_ERA5__LOSS_sdfweighted__HEADS_4__TIMESTEPS_56,V0_Z_1_seed2,V0_Z_1,2,/Users/au728490/ceddar_runs/models_and_samples/evaluation/V0_Z_1__seed2__HR_prcp_DANRA__SIZE_128x128__LR_prcp_z_pl_500_ERA5__LOSS_sdfweighted__HEADS_4__TIMESTEPS_56/summary/evaluation_summary.json,temporal.dry_mean_length_gen,Mean dry-spell length,,hr,temporal.dry_mean_length_hr,3.1333333333333333,3.1333333333333333,0.10013499470670768,3.234981144049754,3.233468328040041,-0.0015128160097128002,-0.051961267282482,0.055192734310190186,Temporal,inside_v0_range
D_IP_1__HR_prcp_DANRA__SIZE_128x128__LR_prcp_ewvf_nwvf_ERA5__LOSS_sdfweighted__HEADS_4__TIMESTEPS_56,D_IP_1,D_IP_1,1,/Users/au728490/ceddar_runs/models_and_samples/evaluation/D_IP_1__HR_prcp_DANRA__SIZE_128x128__LR_prcp_ewvf_nwvf_ERA5__LOSS_sdfweighted__HEADS_4__TIMESTEPS_56/summary/evaluation_summary.json,temporal.dry_mean_length_gen,Mean dry-spell length,,hr,temporal.dry_mean_length_hr,3.1333333333333333,3.1333333333333333,0.10013499470670768,3.302562146296105,3.233468328040041,-0.06909381825606402,-0.051961267282482,0.055192734310190186,Temporal,unfavourable
D_IP_1__seed2__HR_prcp_DANRA__SIZE_128x128__LR_prcp_ewvf_nwvf_ERA5__LOSS_sdfweighted__HEADS_4__TIMESTEPS_56,D_IP_1_seed2,D_IP_1,2,/Users/au728490/ceddar_runs/models_and_samples/evaluation/D_IP_1__seed2__HR_prcp_DANRA__SIZE_128x128__LR_prcp_ewvf_nwvf_ERA5__LOSS_sdfweighted__HEADS_4__TIMESTEPS_56/summary/evaluation_summary.json,temporal.dry_mean_length_gen,Mean dry-spell length,,hr,temporal.dry_mean_length_hr,3.1333333333333333,3.1333333333333333,0.10013499470670768,3.2437338106081763,3.233468328040041,-0.01026548256813535,-0.051961267282482,0.055192734310190186,Temporal,inside_v0_range
D_MZP_1__HR_prcp_DANRA__SIZE_128x128__LR_prcp_msl_z_pl_500_ERA5__LOSS_sdfweighted__HEADS_4__TIMESTEPS_56,D_MZP_1,D_MZP_1,1,/Users/au728490/ceddar_runs/models_and_samples/evaluation/D_MZP_1__HR_prcp_DANRA__SIZE_128x128__LR_prcp_msl_z_pl_500_ERA5__LOSS_sdfweighted__HEADS_4__TIMESTEPS_56/summary/evaluation_summary.json,temporal.dry_mean_length_gen,Mean dry-spell length,,hr,temporal.dry_mean_length_hr,3.1333333333333333,3.1333333333333333,0.10013499470670768,3.346678375739235,3.233468328040041,-0.11321004769919411,-0.051961267282482,0.055192734310190186,Temporal,unfavourable
D_MZP_1__seed2__HR_prcp_DANRA__SIZE_128x128__LR_prcp_msl_z_pl_500_ERA5__LOSS_sdfweighted__HEADS_4__TIMESTEPS_56,D_MZP_1_seed2,D_MZP_1,2,/Users/au728490/ceddar_runs/models_and_samples/evaluation/D_MZP_1__seed2__HR_prcp_DANRA__SIZE_128x128__LR_prcp_msl_z_pl_500_ERA5__LOSS_sdfweighted__HEADS_4__TIMESTEPS_56/summary/evaluation_summary.json,temporal.dry_mean_length_gen,Mean dry-spell length,,hr,temporal.dry_mean_length_hr,3.1333333333333333,3.1333333333333333,0.10013499470670768,3.2387233220054297,3.233468328040041,-0.005254993965388685,-0.051961267282482,0.055192734310190186,Temporal,inside_v0_range
D_MTP_0__HR_prcp_DANRA__SIZE_128x128__LR_prcp_msl_thetae_pl_850_ERA5__LOSS_sdfweighted__HEADS_4__TIMESTEPS_56,D_MTP_0,D_MTP_0,1,/Users/au728490/ceddar_runs/models_and_samples/evaluation/D_MTP_0__HR_prcp_DANRA__SIZE_128x128__LR_prcp_msl_thetae_pl_850_ERA5__LOSS_sdfweighted__HEADS_4__TIMESTEPS_56/summary/evaluation_summary.json,temporal.dry_mean_length_gen,Mean dry-spell length,,hr,temporal.dry_mean_length_hr,3.1333333333333333,3.1333333333333333,0.10013499470670768,3.259745365041847,3.233468328040041,-0.0262770370018061,-0.051961267282482,0.055192734310190186,Temporal,inside_v0_range
D_MTP_0__seed2__HR_prcp_DANRA__SIZE_128x128__LR_prcp_msl_thetae_pl_850_ERA5__LOSS_sdfweighted__HEADS_4__TIMESTEPS_56,D_MTP_0_seed2,D_MTP_0,2,/Users/au728490/ceddar_runs/models_and_samples/evaluation/D_MTP_0__seed2__HR_prcp_DANRA__SIZE_128x128__LR_prcp_msl_thetae_pl_850_ERA5__LOSS_sdfweighted__HEADS_4__TIMESTEPS_56/summary/evaluation_summary.json,temporal.dry_mean_length_gen,Mean dry-spell length,,hr,temporal.dry_mean_length_hr,3.1333333333333333,3.1333333333333333,0.10013499470670768,3.2630801143834756,3.233468328040041,-0.029611786343434573,-0.051961267282482,0.055192734310190186,Temporal,inside_v0_range
D_MTP_1__HR_prcp_DANRA__SIZE_128x128__LR_prcp_msl_thetae_pl_850_ERA5__LOSS_sdfweighted__HEADS_4__TIMESTEPS_56,D_MTP_1,D_MTP_1,1,/Users/au728490/ceddar_runs/models_and_samples/evaluation/D_MTP_1__HR_prcp_DANRA__SIZE_128x128__LR_prcp_msl_thetae_pl_850_ERA5__LOSS_sdfweighted__HEADS_4__TIMESTEPS_56/summary/evaluation_summary.json,temporal.dry_mean_length_gen,Mean dry-spell length,,hr,temporal.dry_mean_length_hr,3.1333333333333333,3.1333333333333333,0.10013499470670768,3.262970549189673,3.233468328040041,-0.02950222114963201,-0.051961267282482,0.055192734310190186,Temporal,inside_v0_range
D_MTP_1__seed2__HR_prcp_DANRA__SIZE_128x128__LR_prcp_msl_thetae_pl_850_ERA5__LOSS_sdfweighted__HEADS_4__TIMESTEPS_56,D_MTP_1_seed2,D_MTP_1,2,/Users/au728490/ceddar_runs/models_and_samples/evaluation/D_MTP_1__seed2__HR_prcp_DANRA__SIZE_128x128__LR_prcp_msl_thetae_pl_850_ERA5__LOSS_sdfweighted__HEADS_4__TIMESTEPS_56/summary/evaluation_summary.json,temporal.dry_mean_length_gen,Mean dry-spell length,,hr,temporal.dry_mean_length_hr,3.1333333333333333,3.1333333333333333,0.10013499470670768,3.280906859625553,3.233468328040041,-0.04743853158551185,-0.051961267282482,0.055192734310190186,Temporal,inside_v0_range
D_MTCP_1__HR_prcp_DANRA__SIZE_128x128__LR_prcp_msl_thetae_pl_850_cape_ERA5__LOSS_sdfweighted__HEADS_4__TIMESTEPS_56,D_MTCP_1,D_MTCP_1,1,/Users/au728490/ceddar_runs/models_and_samples/evaluation/D_MTCP_1__HR_prcp_DANRA__SIZE_128x128__LR_prcp_msl_thetae_pl_850_cape_ERA5__LOSS_sdfweighted__HEADS_4__TIMESTEPS_56/summary/evaluation_summary.json,temporal.dry_mean_length_gen,Mean dry-spell length,,hr,temporal.dry_mean_length_hr,3.1333333333333333,3.1333333333333333,0.10013499470670768,3.094447851383737,3.233468328040041,0.06124951275711139,-0.051961267282482,0.055192734310190186,Temporal,favourable
D_MTCP_1__seed2__HR_prcp_DANRA__SIZE_128x128__LR_prcp_msl_thetae_pl_850_cape_ERA5__LOSS_sdfweighted__HEADS_4__TIMESTEPS_56,D_MTCP_1_seed2,D_MTCP_1,2,/Users/au728490/ceddar_runs/models_and_samples/evaluation/D_MTCP_1__seed2__HR_prcp_DANRA__SIZE_128x128__LR_prcp_msl_thetae_pl_850_cape_ERA5__LOSS_sdfweighted__HEADS_4__TIMESTEPS_56/summary/evaluation_summary.json,temporal.dry_mean_length_gen,Mean dry-spell length,,hr,temporal.dry_mean_length_hr,3.1333333333333333,3.1333333333333333,0.10013499470670768,3.2729869878134537,3.233468328040041,-0.039518659773412665,-0.051961267282482,0.055192734310190186,Temporal,inside_v0_range
D_MZIP_1__HR_prcp_DANRA__SIZE_128x128__LR_prcp_msl_z_pl_500_ewvf_nwvf_ERA5__LOSS_sdfweighted__HEADS_4__TIMESTEPS_56,D_MZIP_1,D_MZIP_1,1,/Users/au728490/ceddar_runs/models_and_samples/evaluation/D_MZIP_1__HR_prcp_DANRA__SIZE_128x128__LR_prcp_msl_z_pl_500_ewvf_nwvf_ERA5__LOSS_sdfweighted__HEADS_4__TIMESTEPS_56/summary/evaluation_summary.json,temporal.dry_mean_length_gen,Mean dry-spell length,,hr,temporal.dry_mean_length_hr,3.1333333333333333,3.1333333333333333,0.10013499470670768,3.200212888816394,3.233468328040041,0.03325543922364711,-0.051961267282482,0.055192734310190186,Temporal,inside_v0_range
D_MZIP_1__seed2__HR_prcp_DANRA__SIZE_128x128__LR_prcp_msl_z_pl_500_ewvf_nwvf_ERA5__LOSS_sdfweighted__HEADS_4__TIMESTEPS_56,D_MZIP_1_seed2,D_MZIP_1,2,/Users/au728490/ceddar_runs/models_and_samples/evaluation/D_MZIP_1__seed2__HR_prcp_DANRA__SIZE_128x128__LR_prcp_msl_z_pl_500_ewvf_nwvf_ERA5__LOSS_sdfweighted__HEADS_4__TIMESTEPS_56/summary/evaluation_summary.json,temporal.dry_mean_length_gen,Mean dry-spell length,,hr,temporal.dry_mean_length_hr,3.1333333333333333,3.1333333333333333,0.10013499470670768,3.2480762409366375,3.233468328040041,-0.014607912896596506,-0.051961267282482,0.055192734310190186,Temporal,inside_v0_range
D_MT_1__HR_prcp_DANRA__SIZE_128x128__LR_msl_thetae_pl_850_ERA5__LOSS_sdfweighted__HEADS_4__TIMESTEPS_56,D_MT_1,D_MT_1,1,/Users/au728490/ceddar_runs/models_and_samples/evaluation/D_MT_1__HR_prcp_DANRA__SIZE_128x128__LR_msl_thetae_pl_850_ERA5__LOSS_sdfweighted__HEADS_4__TIMESTEPS_56/summary/evaluation_summary.json,temporal.dry_mean_length_gen,Mean dry-spell length,,hr,temporal.dry_mean_length_hr,3.1333333333333333,3.1333333333333333,0.10013499470670768,3.4973916809965027,3.233468328040041,-0.2639233529564617,-0.051961267282482,0.055192734310190186,Temporal,unfavourable
D_MT_1__seed2__HR_prcp_DANRA__SIZE_128x128__LR_msl_thetae_pl_850_ERA5__LOSS_sdfweighted__HEADS_4__TIMESTEPS_56,D_MT_1_seed2,D_MT_1,2,/Users/au728490/ceddar_runs/models_and_samples/evaluation/D_MT_1__seed2__HR_prcp_DANRA__SIZE_128x128__LR_msl_thetae_pl_850_ERA5__LOSS_sdfweighted__HEADS_4__TIMESTEPS_56/summary/evaluation_summary.json,temporal.dry_mean_length_gen,Mean dry-spell length,,hr,temporal.dry_mean_length_hr,3.1333333333333333,3.1333333333333333,0.10013499470670768,3.9564307612134435,3.233468328040041,-0.7229624331734025,-0.051961267282482,0.055192734310190186,Temporal,unfavourable
D_MTC_1__HR_prcp_DANRA__SIZE_128x128__LR_msl_thetae_pl_850_cape_ERA5__LOSS_sdfweighted__HEADS_4__TIMESTEPS_56,D_MTC_1,D_MTC_1,1,/Users/au728490/ceddar_runs/models_and_samples/evaluation/D_MTC_1__HR_prcp_DANRA__SIZE_128x128__LR_msl_thetae_pl_850_cape_ERA5__LOSS_sdfweighted__HEADS_4__TIMESTEPS_56/summary/evaluation_summary.json,temporal.dry_mean_length_gen,Mean dry-spell length,,hr,temporal.dry_mean_length_hr,3.1333333333333333,3.1333333333333333,0.10013499470670768,3.227624223088525,3.233468328040041,0.005844104951515952,-0.051961267282482,0.055192734310190186,Temporal,inside_v0_range
D_MTC_1__seed2__HR_prcp_DANRA__SIZE_128x128__LR_msl_thetae_pl_850_cape_ERA5__LOSS_sdfweighted__HEADS_4__TIMESTEPS_56,D_MTC_1_seed2,D_MTC_1,2,/Users/au728490/ceddar_runs/models_and_samples/evaluation/D_MTC_1__seed2__HR_prcp_DANRA__SIZE_128x128__LR_msl_thetae_pl_850_cape_ERA5__LOSS_sdfweighted__HEADS_4__TIMESTEPS_56/summary/evaluation_summary.json,temporal.dry_mean_length_gen,Mean dry-spell length,,hr,temporal.dry_mean_length_hr,3.1333333333333333,3.1333333333333333,0.10013499470670768,2.6344052979549155,3.233468328040041,-0.3987930406717101,-0.051961267282482,0.055192734310190186,Temporal,unfavourable
C_10__HR_prcp_DANRA__SIZE_128x128__LR_prcp_ERA5__LOSS_sdfweighted__HEADS_4__TIMESTEPS_56,C_10,C_10,1,/Users/au728490/ceddar_runs/models_and_samples/evaluation/C_10__HR_prcp_DANRA__SIZE_128x128__LR_prcp_ERA5__LOSS_sdfweighted__HEADS_4__TIMESTEPS_56/summary/evaluation_summary.json,temporal.pair_wet_jsd_genens_hr,Wet-spell duration JSD,,zero,,,0.0,0.12236827408379003,0.1271802575805567,0.12236827408379003,-0.004811983496766675,-0.0030900867983071623,0.0021075067721505053,Temporal,unfavourable
C_10__seed2__HR_prcp_DANRA__SIZE_128x128__LR_prcp_ERA5__LOSS_sdfweighted__HEADS_4__TIMESTEPS_56,C_10_seed2,C_10,2,/Users/au728490/ceddar_runs/models_and_samples/evaluation/C_10__seed2__HR_prcp_DANRA__SIZE_128x128__LR_prcp_ERA5__LOSS_sdfweighted__HEADS_4__TIMESTEPS_56/summary/evaluation_summary.json,temporal.pair_wet_jsd_genens_hr,Wet-spell duration JSD,,zero,,,0.0,0.12236827408379003,0.12140628819977892,0.12236827408379003,0.0009619858840111128,-0.0030900867983071623,0.0021075067721505053,Temporal,inside_v0_range
V0_C_0__HR_prcp_DANRA__SIZE_128x128__LR_prcp_cape_ERA5__LOSS_sdfweighted__HEADS_4__TIMESTEPS_56,V0_C_0,V0_C_0,1,/Users/au728490/ceddar_runs/models_and_samples/evaluation/V0_C_0__HR_prcp_DANRA__SIZE_128x128__LR_prcp_cape_ERA5__LOSS_sdfweighted__HEADS_4__TIMESTEPS_56/summary/evaluation_summary.json,temporal.pair_wet_jsd_genens_hr,Wet-spell duration JSD,,zero,,,0.0,0.12236827408379003,0.1331370012769109,0.12236827408379003,-0.010768727193120858,-0.0030900867983071623,0.0021075067721505053,Temporal,unfavourable
V0_C_0__seed2__HR_prcp_DANRA__SIZE_128x128__LR_prcp_cape_ERA5__LOSS_sdfweighted__HEADS_4__TIMESTEPS_56,V0_C_0_seed2,V0_C_0,2,/Users/au728490/ceddar_runs/models_and_samples/evaluation/V0_C_0__seed2__HR_prcp_DANRA__SIZE_128x128__LR_prcp_cape_ERA5__LOSS_sdfweighted__HEADS_4__TIMESTEPS_56/summary/evaluation_summary.json,temporal.pair_wet_jsd_genens_hr,Wet-spell duration JSD,,zero,,,0.0,0.12236827408379003,0.13013969467640601,0.12236827408379003,-0.007771420592615985,-0.0030900867983071623,0.0021075067721505053,Temporal,unfavourable
V0_C_1__HR_prcp_DANRA__SIZE_128x128__LR_prcp_cape_ERA5__LOSS_sdfweighted__HEADS_4__TIMESTEPS_56,V0_C_1,V0_C_1,1,/Users/au728490/ceddar_runs/models_and_samples/evaluation/V0_C_1__HR_prcp_DANRA__SIZE_128x128__LR_prcp_cape_ERA5__LOSS_sdfweighted__HEADS_4__TIMESTEPS_56/summary/evaluation_summary.json,temporal.pair_wet_jsd_genens_hr,Wet-spell duration JSD,,zero,,,0.0,0.12236827408379003,0.12279131022739634,0.12236827408379003,-0.00042303614360630903,-0.0030900867983071623,0.0021075067721505053,Temporal,inside_v0_range
V0_C_1__seed2__HR_prcp_DANRA__SIZE_128x128__LR_prcp_cape_ERA5__LOSS_sdfweighted__HEADS_4__TIMESTEPS_56,V0_C_1_seed2,V0_C_1,2,/Users/au728490/ceddar_runs/models_and_samples/evaluation/V0_C_1__seed2__HR_prcp_DANRA__SIZE_128x128__LR_prcp_cape_ERA5__LOSS_sdfweighted__HEADS_4__TIMESTEPS_56/summary/evaluation_summary.json,temporal.pair_wet_jsd_genens_hr,Wet-spell duration JSD,,zero,,,0.0,0.12236827408379003,0.11816623431379257,0.12236827408379003,0.004202039769997459,-0.0030900867983071623,0.0021075067721505053,Temporal,favourable
V0_I_0__HR_prcp_DANRA__SIZE_128x128__LR_prcp_ewvf_nwvf_ERA5__LOSS_sdfweighted__HEADS_4__TIMESTEPS_56,V0_I_0,V0_I_0,1,/Users/au728490/ceddar_runs/models_and_samples/evaluation/V0_I_0__HR_prcp_DANRA__SIZE_128x128__LR_prcp_ewvf_nwvf_ERA5__LOSS_sdfweighted__HEADS_4__TIMESTEPS_56/summary/evaluation_summary.json,temporal.pair_wet_jsd_genens_hr,Wet-spell duration JSD,,zero,,,0.0,0.12236827408379003,0.13545951650668192,0.12236827408379003,-0.013091242422891891,-0.0030900867983071623,0.0021075067721505053,Temporal,unfavourable
V0_I_0__seed2__HR_prcp_DANRA__SIZE_128x128__LR_prcp_ewvf_nwvf_ERA5__LOSS_sdfweighted__HEADS_4__TIMESTEPS_56,V0_I_0_seed2,V0_I_0,2,/Users/au728490/ceddar_runs/models_and_samples/evaluation/V0_I_0__seed2__HR_prcp_DANRA__SIZE_128x128__LR_prcp_ewvf_nwvf_ERA5__LOSS_sdfweighted__HEADS_4__TIMESTEPS_56/summary/evaluation_summary.json,temporal.pair_wet_jsd_genens_hr,Wet-spell duration JSD,,zero,,,0.0,0.12236827408379003,0.1354686579778596,0.12236827408379003,-0.013100383894069562,-0.0030900867983071623,0.0021075067721505053,Temporal,unfavourable
V0_I_1__HR_prcp_DANRA__SIZE_128x128__LR_prcp_ewvf_nwvf_ERA5__LOSS_sdfweighted__HEADS_4__TIMESTEPS_56,V0_I_1,V0_I_1,1,/Users/au728490/ceddar_runs/models_and_samples/evaluation/V0_I_1__HR_prcp_DANRA__SIZE_128x128__LR_prcp_ewvf_nwvf_ERA5__LOSS_sdfweighted__HEADS_4__TIMESTEPS_56/summary/evaluation_summary.json,temporal.pair_wet_jsd_genens_hr,Wet-spell duration JSD,,zero,,,0.0,0.12236827408379003,0.133267975234575,0.12236827408379003,-0.01089970115078498,-0.0030900867983071623,0.0021075067721505053,Temporal,unfavourable
V0_I_1__seed2__HR_prcp_DANRA__SIZE_128x128__LR_prcp_ewvf_nwvf_ERA5__LOSS_sdfweighted__HEADS_4__TIMESTEPS_56,V0_I_1_seed2,V0_I_1,2,/Users/au728490/ceddar_runs/models_and_samples/evaluation/V0_I_1__seed2__HR_prcp_DANRA__SIZE_128x128__LR_prcp_ewvf_nwvf_ERA5__LOSS_sdfweighted__HEADS_4__TIMESTEPS_56/summary/evaluation_summary.json,temporal.pair_wet_jsd_genens_hr,Wet-spell duration JSD,,zero,,,0.0,0.12236827408379003,0.12972814008943645,0.12236827408379003,-0.0073598660056464205,-0.0030900867983071623,0.0021075067721505053,Temporal,unfavourable
V0_M_0__HR_prcp_DANRA__SIZE_128x128__LR_prcp_msl_ERA5__LOSS_sdfweighted__HEADS_4__TIMESTEPS_56,V0_M_0,V0_M_0,1,/Users/au728490/ceddar_runs/models_and_samples/evaluation/V0_M_0__HR_prcp_DANRA__SIZE_128x128__LR_prcp_msl_ERA5__LOSS_sdfweighted__HEADS_4__TIMESTEPS_56/summary/evaluation_summary.json,temporal.pair_wet_jsd_genens_hr,Wet-spell duration JSD,,zero,,,0.0,0.12236827408379003,0.12496662290395924,0.12236827408379003,-0.0025983488201692106,-0.0030900867983071623,0.0021075067721505053,Temporal,inside_v0_range
V0_M_0__seed2__HR_prcp_DANRA__SIZE_128x128__LR_prcp_msl_ERA5__LOSS_sdfweighted__HEADS_4__TIMESTEPS_56,V0_M_0_seed2,V0_M_0,2,/Users/au728490/ceddar_runs/models_and_samples/evaluation/V0_M_0__seed2__HR_prcp_DANRA__SIZE_128x128__LR_prcp_msl_ERA5__LOSS_sdfweighted__HEADS_4__TIMESTEPS_56/summary/evaluation_summary.json,temporal.pair_wet_jsd_genens_hr,Wet-spell duration JSD,,zero,,,0.0,0.12236827408379003,0.12317406426518278,0.12236827408379003,-0.0008057901813927487,-0.0030900867983071623,0.0021075067721505053,Temporal,inside_v0_range
V0_M_1__HR_prcp_DANRA__SIZE_128x128__LR_prcp_msl_ERA5__LOSS_sdfweighted__HEADS_4__TIMESTEPS_56,V0_M_1,V0_M_1,1,/Users/au728490/ceddar_runs/models_and_samples/evaluation/V0_M_1__HR_prcp_DANRA__SIZE_128x128__LR_prcp_msl_ERA5__LOSS_sdfweighted__HEADS_4__TIMESTEPS_56/summary/evaluation_summary.json,temporal.pair_wet_jsd_genens_hr,Wet-spell duration JSD,,zero,,,0.0,0.12236827408379003,0.12967187402626826,0.12236827408379003,-0.007303599942478228,-0.0030900867983071623,0.0021075067721505053,Temporal,unfavourable
V0_M_1__seed2__HR_prcp_DANRA__SIZE_128x128__LR_prcp_msl_ERA5__LOSS_sdfweighted__HEADS_4__TIMESTEPS_56,V0_M_1_seed2,V0_M_1,2,/Users/au728490/ceddar_runs/models_and_samples/evaluation/V0_M_1__seed2__HR_prcp_DANRA__SIZE_128x128__LR_prcp_msl_ERA5__LOSS_sdfweighted__HEADS_4__TIMESTEPS_56/summary/evaluation_summary.json,temporal.pair_wet_jsd_genens_hr,Wet-spell duration JSD,,zero,,,0.0,0.12236827408379003,0.12870677405771602,0.12236827408379003,-0.006338499973925993,-0.0030900867983071623,0.0021075067721505053,Temporal,unfavourable
V0_T_0__HR_prcp_DANRA__SIZE_128x128__LR_prcp_thetae_pl_850_ERA5__LOSS_sdfweighted__HEADS_4__TIMESTEPS_56,V0_T_0,V0_T_0,1,/Users/au728490/ceddar_runs/models_and_samples/evaluation/V0_T_0__HR_prcp_DANRA__SIZE_128x128__LR_prcp_thetae_pl_850_ERA5__LOSS_sdfweighted__HEADS_4__TIMESTEPS_56/summary/evaluation_summary.json,temporal.pair_wet_jsd_genens_hr,Wet-spell duration JSD,,zero,,,0.0,0.12236827408379003,0.12100357630259842,0.12236827408379003,0.0013646977811916094,-0.0030900867983071623,0.0021075067721505053,Temporal,inside_v0_range
V0_T_0__seed2__HR_prcp_DANRA__SIZE_128x128__LR_prcp_thetae_pl_850_ERA5__LOSS_sdfweighted__HEADS_4__TIMESTEPS_56,V0_T_0_seed2,V0_T_0,2,/Users/au728490/ceddar_runs/models_and_samples/evaluation/V0_T_0__seed2__HR_prcp_DANRA__SIZE_128x128__LR_prcp_thetae_pl_850_ERA5__LOSS_sdfweighted__HEADS_4__TIMESTEPS_56/summary/evaluation_summary.json,temporal.pair_wet_jsd_genens_hr,Wet-spell duration JSD,,zero,,,0.0,0.12236827408379003,0.13451747545698522,0.12236827408379003,-0.012149201373195195,-0.0030900867983071623,0.0021075067721505053,Temporal,unfavourable
V0_T_1__HR_prcp_DANRA__SIZE_128x128__LR_prcp_thetae_pl_850_ERA5__LOSS_sdfweighted__HEADS_4__TIMESTEPS_56,V0_T_1,V0_T_1,1,/Users/au728490/ceddar_runs/models_and_samples/evaluation/V0_T_1__HR_prcp_DANRA__SIZE_128x128__LR_prcp_thetae_pl_850_ERA5__LOSS_sdfweighted__HEADS_4__TIMESTEPS_56/summary/evaluation_summary.json,temporal.pair_wet_jsd_genens_hr,Wet-spell duration JSD,,zero,,,0.0,0.12236827408379003,0.13094462232652607,0.12236827408379003,-0.008576348242736037,-0.0030900867983071623,0.0021075067721505053,Temporal,unfavourable
V0_T_1__seed2__HR_prcp_DANRA__SIZE_128x128__LR_prcp_thetae_pl_850_ERA5__LOSS_sdfweighted__HEADS_4__TIMESTEPS_56,V0_T_1_seed2,V0_T_1,2,/Users/au728490/ceddar_runs/models_and_samples/evaluation/V0_T_1__seed2__HR_prcp_DANRA__SIZE_128x128__LR_prcp_thetae_pl_850_ERA5__LOSS_sdfweighted__HEADS_4__TIMESTEPS_56/summary/evaluation_summary.json,temporal.pair_wet_jsd_genens_hr,Wet-spell duration JSD,,zero,,,0.0,0.12236827408379003,0.12227518434390139,0.12236827408379003,9.3089739888641e-05,-0.0030900867983071623,0.0021075067721505053,Temporal,inside_v0_range
V0_Z_0__HR_prcp_DANRA__SIZE_128x128__LR_prcp_z_pl_500_ERA5__LOSS_sdfweighted__HEADS_4__TIMESTEPS_56,V0_Z_0,V0_Z_0,1,/Users/au728490/ceddar_runs/models_and_samples/evaluation/V0_Z_0__HR_prcp_DANRA__SIZE_128x128__LR_prcp_z_pl_500_ERA5__LOSS_sdfweighted__HEADS_4__TIMESTEPS_56/summary/evaluation_summary.json,temporal.pair_wet_jsd_genens_hr,Wet-spell duration JSD,,zero,,,0.0,0.12236827408379003,0.12709598751204187,0.12236827408379003,-0.004727713428251845,-0.0030900867983071623,0.0021075067721505053,Temporal,unfavourable
V0_Z_0__seed2__HR_prcp_DANRA__SIZE_128x128__LR_prcp_z_pl_500_ERA5__LOSS_sdfweighted__HEADS_4__TIMESTEPS_56,V0_Z_0_seed2,V0_Z_0,2,/Users/au728490/ceddar_runs/models_and_samples/evaluation/V0_Z_0__seed2__HR_prcp_DANRA__SIZE_128x128__LR_prcp_z_pl_500_ERA5__LOSS_sdfweighted__HEADS_4__TIMESTEPS_56/summary/evaluation_summary.json,temporal.pair_wet_jsd_genens_hr,Wet-spell duration JSD,,zero,,,0.0,0.12236827408379003,0.13299654669359404,0.12236827408379003,-0.010628272609804007,-0.0030900867983071623,0.0021075067721505053,Temporal,unfavourable
V0_Z_1__HR_prcp_DANRA__SIZE_128x128__LR_prcp_z_pl_500_ERA5__LOSS_sdfweighted__HEADS_4__TIMESTEPS_56,V0_Z_1,V0_Z_1,1,/Users/au728490/ceddar_runs/models_and_samples/evaluation/V0_Z_1__HR_prcp_DANRA__SIZE_128x128__LR_prcp_z_pl_500_ERA5__LOSS_sdfweighted__HEADS_4__TIMESTEPS_56/summary/evaluation_summary.json,temporal.pair_wet_jsd_genens_hr,Wet-spell duration JSD,,zero,,,0.0,0.12236827408379003,0.13505117617120097,0.12236827408379003,-0.012682902087410935,-0.0030900867983071623,0.0021075067721505053,Temporal,unfavourable
V0_Z_1__seed2__HR_prcp_DANRA__SIZE_128x128__LR_prcp_z_pl_500_ERA5__LOSS_sdfweighted__HEADS_4__TIMESTEPS_56,V0_Z_1_seed2,V0_Z_1,2,/Users/au728490/ceddar_runs/models_and_samples/evaluation/V0_Z_1__seed2__HR_prcp_DANRA__SIZE_128x128__LR_prcp_z_pl_500_ERA5__LOSS_sdfweighted__HEADS_4__TIMESTEPS_56/summary/evaluation_summary.json,temporal.pair_wet_jsd_genens_hr,Wet-spell duration JSD,,zero,,,0.0,0.12236827408379003,0.1262098070687101,0.12236827408379003,-0.0038415329849200708,-0.0030900867983071623,0.0021075067721505053,Temporal,unfavourable
D_IP_1__HR_prcp_DANRA__SIZE_128x128__LR_prcp_ewvf_nwvf_ERA5__LOSS_sdfweighted__HEADS_4__TIMESTEPS_56,D_IP_1,D_IP_1,1,/Users/au728490/ceddar_runs/models_and_samples/evaluation/D_IP_1__HR_prcp_DANRA__SIZE_128x128__LR_prcp_ewvf_nwvf_ERA5__LOSS_sdfweighted__HEADS_4__TIMESTEPS_56/summary/evaluation_summary.json,temporal.pair_wet_jsd_genens_hr,Wet-spell duration JSD,,zero,,,0.0,0.12236827408379003,0.13181947622901338,0.12236827408379003,-0.009451202145223353,-0.0030900867983071623,0.0021075067721505053,Temporal,unfavourable
D_IP_1__seed2__HR_prcp_DANRA__SIZE_128x128__LR_prcp_ewvf_nwvf_ERA5__LOSS_sdfweighted__HEADS_4__TIMESTEPS_56,D_IP_1_seed2,D_IP_1,2,/Users/au728490/ceddar_runs/models_and_samples/evaluation/D_IP_1__seed2__HR_prcp_DANRA__SIZE_128x128__LR_prcp_ewvf_nwvf_ERA5__LOSS_sdfweighted__HEADS_4__TIMESTEPS_56/summary/evaluation_summary.json,temporal.pair_wet_jsd_genens_hr,Wet-spell duration JSD,,zero,,,0.0,0.12236827408379003,0.12027870829401101,0.12236827408379003,0.0020895657897790215,-0.0030900867983071623,0.0021075067721505053,Temporal,inside_v0_range
D_MZP_1__HR_prcp_DANRA__SIZE_128x128__LR_prcp_msl_z_pl_500_ERA5__LOSS_sdfweighted__HEADS_4__TIMESTEPS_56,D_MZP_1,D_MZP_1,1,/Users/au728490/ceddar_runs/models_and_samples/evaluation/D_MZP_1__HR_prcp_DANRA__SIZE_128x128__LR_prcp_msl_z_pl_500_ERA5__LOSS_sdfweighted__HEADS_4__TIMESTEPS_56/summary/evaluation_summary.json,temporal.pair_wet_jsd_genens_hr,Wet-spell duration JSD,,zero,,,0.0,0.12236827408379003,0.1401275611871762,0.12236827408379003,-0.017759287103386173,-0.0030900867983071623,0.0021075067721505053,Temporal,unfavourable
D_MZP_1__seed2__HR_prcp_DANRA__SIZE_128x128__LR_prcp_msl_z_pl_500_ERA5__LOSS_sdfweighted__HEADS_4__TIMESTEPS_56,D_MZP_1_seed2,D_MZP_1,2,/Users/au728490/ceddar_runs/models_and_samples/evaluation/D_MZP_1__seed2__HR_prcp_DANRA__SIZE_128x128__LR_prcp_msl_z_pl_500_ERA5__LOSS_sdfweighted__HEADS_4__TIMESTEPS_56/summary/evaluation_summary.json,temporal.pair_wet_jsd_genens_hr,Wet-spell duration JSD,,zero,,,0.0,0.12236827408379003,0.12153223456503595,0.12236827408379003,0.0008360395187540781,-0.0030900867983071623,0.0021075067721505053,Temporal,inside_v0_range
D_MTP_0__HR_prcp_DANRA__SIZE_128x128__LR_prcp_msl_thetae_pl_850_ERA5__LOSS_sdfweighted__HEADS_4__TIMESTEPS_56,D_MTP_0,D_MTP_0,1,/Users/au728490/ceddar_runs/models_and_samples/evaluation/D_MTP_0__HR_prcp_DANRA__SIZE_128x128__LR_prcp_msl_thetae_pl_850_ERA5__LOSS_sdfweighted__HEADS_4__TIMESTEPS_56/summary/evaluation_summary.json,temporal.pair_wet_jsd_genens_hr,Wet-spell duration JSD,,zero,,,0.0,0.12236827408379003,0.12626132271882817,0.12236827408379003,-0.0038930486350381432,-0.0030900867983071623,0.0021075067721505053,Temporal,unfavourable
D_MTP_0__seed2__HR_prcp_DANRA__SIZE_128x128__LR_prcp_msl_thetae_pl_850_ERA5__LOSS_sdfweighted__HEADS_4__TIMESTEPS_56,D_MTP_0_seed2,D_MTP_0,2,/Users/au728490/ceddar_runs/models_and_samples/evaluation/D_MTP_0__seed2__HR_prcp_DANRA__SIZE_128x128__LR_prcp_msl_thetae_pl_850_ERA5__LOSS_sdfweighted__HEADS_4__TIMESTEPS_56/summary/evaluation_summary.json,temporal.pair_wet_jsd_genens_hr,Wet-spell duration JSD,,zero,,,0.0,0.12236827408379003,0.12150136938470758,0.12236827408379003,0.0008669046990824464,-0.0030900867983071623,0.0021075067721505053,Temporal,inside_v0_range
D_MTP_1__HR_prcp_DANRA__SIZE_128x128__LR_prcp_msl_thetae_pl_850_ERA5__LOSS_sdfweighted__HEADS_4__TIMESTEPS_56,D_MTP_1,D_MTP_1,1,/Users/au728490/ceddar_runs/models_and_samples/evaluation/D_MTP_1__HR_prcp_DANRA__SIZE_128x128__LR_prcp_msl_thetae_pl_850_ERA5__LOSS_sdfweighted__HEADS_4__TIMESTEPS_56/summary/evaluation_summary.json,temporal.pair_wet_jsd_genens_hr,Wet-spell duration JSD,,zero,,,0.0,0.12236827408379003,0.13125692822585247,0.12236827408379003,-0.008888654142062441,-0.0030900867983071623,0.0021075067721505053,Temporal,unfavourable
D_MTP_1__seed2__HR_prcp_DANRA__SIZE_128x128__LR_prcp_msl_thetae_pl_850_ERA5__LOSS_sdfweighted__HEADS_4__TIMESTEPS_56,D_MTP_1_seed2,D_MTP_1,2,/Users/au728490/ceddar_runs/models_and_samples/evaluation/D_MTP_1__seed2__HR_prcp_DANRA__SIZE_128x128__LR_prcp_msl_thetae_pl_850_ERA5__LOSS_sdfweighted__HEADS_4__TIMESTEPS_56/summary/evaluation_summary.json,temporal.pair_wet_jsd_genens_hr,Wet-spell duration JSD,,zero,,,0.0,0.12236827408379003,0.11858805615457181,0.12236827408379003,0.0037802179292182186,-0.0030900867983071623,0.0021075067721505053,Temporal,favourable
D_MTCP_1__HR_prcp_DANRA__SIZE_128x128__LR_prcp_msl_thetae_pl_850_cape_ERA5__LOSS_sdfweighted__HEADS_4__TIMESTEPS_56,D_MTCP_1,D_MTCP_1,1,/Users/au728490/ceddar_runs/models_and_samples/evaluation/D_MTCP_1__HR_prcp_DANRA__SIZE_128x128__LR_prcp_msl_thetae_pl_850_cape_ERA5__LOSS_sdfweighted__HEADS_4__TIMESTEPS_56/summary/evaluation_summary.json,temporal.pair_wet_jsd_genens_hr,Wet-spell duration JSD,,zero,,,0.0,0.12236827408379003,0.12857658764451776,0.12236827408379003,-0.006208313560727735,-0.0030900867983071623,0.0021075067721505053,Temporal,unfavourable
D_MTCP_1__seed2__HR_prcp_DANRA__SIZE_128x128__LR_prcp_msl_thetae_pl_850_cape_ERA5__LOSS_sdfweighted__HEADS_4__TIMESTEPS_56,D_MTCP_1_seed2,D_MTCP_1,2,/Users/au728490/ceddar_runs/models_and_samples/evaluation/D_MTCP_1__seed2__HR_prcp_DANRA__SIZE_128x128__LR_prcp_msl_thetae_pl_850_cape_ERA5__LOSS_sdfweighted__HEADS_4__TIMESTEPS_56/summary/evaluation_summary.json,temporal.pair_wet_jsd_genens_hr,Wet-spell duration JSD,,zero,,,0.0,0.12236827408379003,0.12677341562588942,0.12236827408379003,-0.0044051415420993945,-0.0030900867983071623,0.0021075067721505053,Temporal,unfavourable
D_MZIP_1__HR_prcp_DANRA__SIZE_128x128__LR_prcp_msl_z_pl_500_ewvf_nwvf_ERA5__LOSS_sdfweighted__HEADS_4__TIMESTEPS_56,D_MZIP_1,D_MZIP_1,1,/Users/au728490/ceddar_runs/models_and_samples/evaluation/D_MZIP_1__HR_prcp_DANRA__SIZE_128x128__LR_prcp_msl_z_pl_500_ewvf_nwvf_ERA5__LOSS_sdfweighted__HEADS_4__TIMESTEPS_56/summary/evaluation_summary.json,temporal.pair_wet_jsd_genens_hr,Wet-spell duration JSD,,zero,,,0.0,0.12236827408379003,0.12856517427479347,0.12236827408379003,-0.0061969001910034405,-0.0030900867983071623,0.0021075067721505053,Temporal,unfavourable
D_MZIP_1__seed2__HR_prcp_DANRA__SIZE_128x128__LR_prcp_msl_z_pl_500_ewvf_nwvf_ERA5__LOSS_sdfweighted__HEADS_4__TIMESTEPS_56,D_MZIP_1_seed2,D_MZIP_1,2,/Users/au728490/ceddar_runs/models_and_samples/evaluation/D_MZIP_1__seed2__HR_prcp_DANRA__SIZE_128x128__LR_prcp_msl_z_pl_500_ewvf_nwvf_ERA5__LOSS_sdfweighted__HEADS_4__TIMESTEPS_56/summary/evaluation_summary.json,temporal.pair_wet_jsd_genens_hr,Wet-spell duration JSD,,zero,,,0.0,0.12236827408379003,0.13426123663368464,0.12236827408379003,-0.011892962549894609,-0.0030900867983071623,0.0021075067721505053,Temporal,unfavourable
D_MT_1__HR_prcp_DANRA__SIZE_128x128__LR_msl_thetae_pl_850_ERA5__LOSS_sdfweighted__HEADS_4__TIMESTEPS_56,D_MT_1,D_MT_1,1,/Users/au728490/ceddar_runs/models_and_samples/evaluation/D_MT_1__HR_prcp_DANRA__SIZE_128x128__LR_msl_thetae_pl_850_ERA5__LOSS_sdfweighted__HEADS_4__TIMESTEPS_56/summary/evaluation_summary.json,temporal.pair_wet_jsd_genens_hr,Wet-spell duration JSD,,zero,,,0.0,0.12236827408379003,0.29209396892998135,0.12236827408379003,-0.16972569484619132,-0.0030900867983071623,0.0021075067721505053,Temporal,unfavourable
D_MT_1__seed2__HR_prcp_DANRA__SIZE_128x128__LR_msl_thetae_pl_850_ERA5__LOSS_sdfweighted__HEADS_4__TIMESTEPS_56,D_MT_1_seed2,D_MT_1,2,/Users/au728490/ceddar_runs/models_and_samples/evaluation/D_MT_1__seed2__HR_prcp_DANRA__SIZE_128x128__LR_msl_thetae_pl_850_ERA5__LOSS_sdfweighted__HEADS_4__TIMESTEPS_56/summary/evaluation_summary.json,temporal.pair_wet_jsd_genens_hr,Wet-spell duration JSD,,zero,,,0.0,0.12236827408379003,0.30361115570530633,0.12236827408379003,-0.1812428816215163,-0.0030900867983071623,0.0021075067721505053,Temporal,unfavourable
D_MTC_1__HR_prcp_DANRA__SIZE_128x128__LR_msl_thetae_pl_850_cape_ERA5__LOSS_sdfweighted__HEADS_4__TIMESTEPS_56,D_MTC_1,D_MTC_1,1,/Users/au728490/ceddar_runs/models_and_samples/evaluation/D_MTC_1__HR_prcp_DANRA__SIZE_128x128__LR_msl_thetae_pl_850_cape_ERA5__LOSS_sdfweighted__HEADS_4__TIMESTEPS_56/summary/evaluation_summary.json,temporal.pair_wet_jsd_genens_hr,Wet-spell duration JSD,,zero,,,0.0,0.12236827408379003,0.2379125814352536,0.12236827408379003,-0.11554430735146357,-0.0030900867983071623,0.0021075067721505053,Temporal,unfavourable
D_MTC_1__seed2__HR_prcp_DANRA__SIZE_128x128__LR_msl_thetae_pl_850_cape_ERA5__LOSS_sdfweighted__HEADS_4__TIMESTEPS_56,D_MTC_1_seed2,D_MTC_1,2,/Users/au728490/ceddar_runs/models_and_samples/evaluation/D_MTC_1__seed2__HR_prcp_DANRA__SIZE_128x128__LR_msl_thetae_pl_850_cape_ERA5__LOSS_sdfweighted__HEADS_4__TIMESTEPS_56/summary/evaluation_summary.json,temporal.pair_wet_jsd_genens_hr,Wet-spell duration JSD,,zero,,,0.0,0.12236827408379003,0.18534296526241767,0.12236827408379003,-0.06297469117862764,-0.0030900867983071623,0.0021075067721505053,Temporal,unfavourable
C_10__HR_prcp_DANRA__SIZE_128x128__LR_prcp_ERA5__LOSS_sdfweighted__HEADS_4__TIMESTEPS_56,C_10,C_10,1,/Users/au728490/ceddar_runs/models_and_samples/evaluation/C_10__HR_prcp_DANRA__SIZE_128x128__LR_prcp_ERA5__LOSS_sdfweighted__HEADS_4__TIMESTEPS_56/summary/evaluation_summary.json,temporal.pair_dry_jsd_genens_hr,Dry-spell duration JSD,,zero,,,0.0,0.09962830849555078,0.10206384751550987,0.09962830849555078,-0.0024355390199590904,-0.0016099599018389033,0.002975681662743243,Temporal,unfavourable
C_10__seed2__HR_prcp_DANRA__SIZE_128x128__LR_prcp_ERA5__LOSS_sdfweighted__HEADS_4__TIMESTEPS_56,C_10_seed2,C_10,2,/Users/au728490/ceddar_runs/models_and_samples/evaluation/C_10__seed2__HR_prcp_DANRA__SIZE_128x128__LR_prcp_ERA5__LOSS_sdfweighted__HEADS_4__TIMESTEPS_56/summary/evaluation_summary.json,temporal.pair_dry_jsd_genens_hr,Dry-spell duration JSD,,zero,,,0.0,0.09962830849555078,0.09100612168079857,0.09962830849555078,0.008622186814752214,-0.0016099599018389033,0.002975681662743243,Temporal,favourable
V0_C_0__HR_prcp_DANRA__SIZE_128x128__LR_prcp_cape_ERA5__LOSS_sdfweighted__HEADS_4__TIMESTEPS_56,V0_C_0,V0_C_0,1,/Users/au728490/ceddar_runs/models_and_samples/evaluation/V0_C_0__HR_prcp_DANRA__SIZE_128x128__LR_prcp_cape_ERA5__LOSS_sdfweighted__HEADS_4__TIMESTEPS_56/summary/evaluation_summary.json,temporal.pair_dry_jsd_genens_hr,Dry-spell duration JSD,,zero,,,0.0,0.09962830849555078,0.1185905908282933,0.09962830849555078,-0.018962282332742525,-0.0016099599018389033,0.002975681662743243,Temporal,unfavourable
V0_C_0__seed2__HR_prcp_DANRA__SIZE_128x128__LR_prcp_cape_ERA5__LOSS_sdfweighted__HEADS_4__TIMESTEPS_56,V0_C_0_seed2,V0_C_0,2,/Users/au728490/ceddar_runs/models_and_samples/evaluation/V0_C_0__seed2__HR_prcp_DANRA__SIZE_128x128__LR_prcp_cape_ERA5__LOSS_sdfweighted__HEADS_4__TIMESTEPS_56/summary/evaluation_summary.json,temporal.pair_dry_jsd_genens_hr,Dry-spell duration JSD,,zero,,,0.0,0.09962830849555078,0.09876243162473679,0.09962830849555078,0.0008658768708139919,-0.0016099599018389033,0.002975681662743243,Temporal,inside_v0_range
V0_C_1__HR_prcp_DANRA__SIZE_128x128__LR_prcp_cape_ERA5__LOSS_sdfweighted__HEADS_4__TIMESTEPS_56,V0_C_1,V0_C_1,1,/Users/au728490/ceddar_runs/models_and_samples/evaluation/V0_C_1__HR_prcp_DANRA__SIZE_128x128__LR_prcp_cape_ERA5__LOSS_sdfweighted__HEADS_4__TIMESTEPS_56/summary/evaluation_summary.json,temporal.pair_dry_jsd_genens_hr,Dry-spell duration JSD,,zero,,,0.0,0.09962830849555078,0.10484251534318012,0.09962830849555078,-0.005214206847629341,-0.0016099599018389033,0.002975681662743243,Temporal,unfavourable
V0_C_1__seed2__HR_prcp_DANRA__SIZE_128x128__LR_prcp_cape_ERA5__LOSS_sdfweighted__HEADS_4__TIMESTEPS_56,V0_C_1_seed2,V0_C_1,2,/Users/au728490/ceddar_runs/models_and_samples/evaluation/V0_C_1__seed2__HR_prcp_DANRA__SIZE_128x128__LR_prcp_cape_ERA5__LOSS_sdfweighted__HEADS_4__TIMESTEPS_56/summary/evaluation_summary.json,temporal.pair_dry_jsd_genens_hr,Dry-spell duration JSD,,zero,,,0.0,0.09962830849555078,0.08673439027540016,0.09962830849555078,0.012893918220150624,-0.0016099599018389033,0.002975681662743243,Temporal,favourable
V0_I_0__HR_prcp_DANRA__SIZE_128x128__LR_prcp_ewvf_nwvf_ERA5__LOSS_sdfweighted__HEADS_4__TIMESTEPS_56,V0_I_0,V0_I_0,1,/Users/au728490/ceddar_runs/models_and_samples/evaluation/V0_I_0__HR_prcp_DANRA__SIZE_128x128__LR_prcp_ewvf_nwvf_ERA5__LOSS_sdfweighted__HEADS_4__TIMESTEPS_56/summary/evaluation_summary.json,temporal.pair_dry_jsd_genens_hr,Dry-spell duration JSD,,zero,,,0.0,0.09962830849555078,0.10553201216529919,0.09962830849555078,-0.005903703669748406,-0.0016099599018389033,0.002975681662743243,Temporal,unfavourable
V0_I_0__seed2__HR_prcp_DANRA__SIZE_128x128__LR_prcp_ewvf_nwvf_ERA5__LOSS_sdfweighted__HEADS_4__TIMESTEPS_56,V0_I_0_seed2,V0_I_0,2,/Users/au728490/ceddar_runs/models_and_samples/evaluation/V0_I_0__seed2__HR_prcp_DANRA__SIZE_128x128__LR_prcp_ewvf_nwvf_ERA5__LOSS_sdfweighted__HEADS_4__TIMESTEPS_56/summary/evaluation_summary.json,temporal.pair_dry_jsd_genens_hr,Dry-spell duration JSD,,zero,,,0.0,0.09962830849555078,0.1087869576827377,0.09962830849555078,-0.009158649187186924,-0.0016099599018389033,0.002975681662743243,Temporal,unfavourable
V0_I_1__HR_prcp_DANRA__SIZE_128x128__LR_prcp_ewvf_nwvf_ERA5__LOSS_sdfweighted__HEADS_4__TIMESTEPS_56,V0_I_1,V0_I_1,1,/Users/au728490/ceddar_runs/models_and_samples/evaluation/V0_I_1__HR_prcp_DANRA__SIZE_128x128__LR_prcp_ewvf_nwvf_ERA5__LOSS_sdfweighted__HEADS_4__TIMESTEPS_56/summary/evaluation_summary.json,temporal.pair_dry_jsd_genens_hr,Dry-spell duration JSD,,zero,,,0.0,0.09962830849555078,0.1063439576555307,0.09962830849555078,-0.006715649159979922,-0.0016099599018389033,0.002975681662743243,Temporal,unfavourable
V0_I_1__seed2__HR_prcp_DANRA__SIZE_128x128__LR_prcp_ewvf_nwvf_ERA5__LOSS_sdfweighted__HEADS_4__TIMESTEPS_56,V0_I_1_seed2,V0_I_1,2,/Users/au728490/ceddar_runs/models_and_samples/evaluation/V0_I_1__seed2__HR_prcp_DANRA__SIZE_128x128__LR_prcp_ewvf_nwvf_ERA5__LOSS_sdfweighted__HEADS_4__TIMESTEPS_56/summary/evaluation_summary.json,temporal.pair_dry_jsd_genens_hr,Dry-spell duration JSD,,zero,,,0.0,0.09962830849555078,0.09518122340137905,0.09962830849555078,0.004447085094171729,-0.0016099599018389033,0.002975681662743243,Temporal,favourable
V0_M_0__HR_prcp_DANRA__SIZE_128x128__LR_prcp_msl_ERA5__LOSS_sdfweighted__HEADS_4__TIMESTEPS_56,V0_M_0,V0_M_0,1,/Users/au728490/ceddar_runs/models_and_samples/evaluation/V0_M_0__HR_prcp_DANRA__SIZE_128x128__LR_prcp_msl_ERA5__LOSS_sdfweighted__HEADS_4__TIMESTEPS_56/summary/evaluation_summary.json,temporal.pair_dry_jsd_genens_hr,Dry-spell duration JSD,,zero,,,0.0,0.09962830849555078,0.10861046497974237,0.09962830849555078,-0.008982156484191595,-0.0016099599018389033,0.002975681662743243,Temporal,unfavourable
V0_M_0__seed2__HR_prcp_DANRA__SIZE_128x128__LR_prcp_msl_ERA5__LOSS_sdfweighted__HEADS_4__TIMESTEPS_56,V0_M_0_seed2,V0_M_0,2,/Users/au728490/ceddar_runs/models_and_samples/evaluation/V0_M_0__seed2__HR_prcp_DANRA__SIZE_128x128__LR_prcp_msl_ERA5__LOSS_sdfweighted__HEADS_4__TIMESTEPS_56/summary/evaluation_summary.json,temporal.pair_dry_jsd_genens_hr,Dry-spell duration JSD,,zero,,,0.0,0.09962830849555078,0.09964222100480194,0.09962830849555078,-1.3912509251159944e-05,-0.0016099599018389033,0.002975681662743243,Temporal,inside_v0_range
V0_M_1__HR_prcp_DANRA__SIZE_128x128__LR_prcp_msl_ERA5__LOSS_sdfweighted__HEADS_4__TIMESTEPS_56,V0_M_1,V0_M_1,1,/Users/au728490/ceddar_runs/models_and_samples/evaluation/V0_M_1__HR_prcp_DANRA__SIZE_128x128__LR_prcp_msl_ERA5__LOSS_sdfweighted__HEADS_4__TIMESTEPS_56/summary/evaluation_summary.json,temporal.pair_dry_jsd_genens_hr,Dry-spell duration JSD,,zero,,,0.0,0.09962830849555078,0.10495837522349011,0.09962830849555078,-0.005330066727939328,-0.0016099599018389033,0.002975681662743243,Temporal,unfavourable
V0_M_1__seed2__HR_prcp_DANRA__SIZE_128x128__LR_prcp_msl_ERA5__LOSS_sdfweighted__HEADS_4__TIMESTEPS_56,V0_M_1_seed2,V0_M_1,2,/Users/au728490/ceddar_runs/models_and_samples/evaluation/V0_M_1__seed2__HR_prcp_DANRA__SIZE_128x128__LR_prcp_msl_ERA5__LOSS_sdfweighted__HEADS_4__TIMESTEPS_56/summary/evaluation_summary.json,temporal.pair_dry_jsd_genens_hr,Dry-spell duration JSD,,zero,,,0.0,0.09962830849555078,0.09651369517969824,0.09962830849555078,0.0031146133158525408,-0.0016099599018389033,0.002975681662743243,Temporal,favourable
V0_T_0__HR_prcp_DANRA__SIZE_128x128__LR_prcp_thetae_pl_850_ERA5__LOSS_sdfweighted__HEADS_4__TIMESTEPS_56,V0_T_0,V0_T_0,1,/Users/au728490/ceddar_runs/models_and_samples/evaluation/V0_T_0__HR_prcp_DANRA__SIZE_128x128__LR_prcp_thetae_pl_850_ERA5__LOSS_sdfweighted__HEADS_4__TIMESTEPS_56/summary/evaluation_summary.json,temporal.pair_dry_jsd_genens_hr,Dry-spell duration JSD,,zero,,,0.0,0.09962830849555078,0.1039350689753458,0.09962830849555078,-0.004306760479795016,-0.0016099599018389033,0.002975681662743243,Temporal,unfavourable
V0_T_0__seed2__HR_prcp_DANRA__SIZE_128x128__LR_prcp_thetae_pl_850_ERA5__LOSS_sdfweighted__HEADS_4__TIMESTEPS_56,V0_T_0_seed2,V0_T_0,2,/Users/au728490/ceddar_runs/models_and_samples/evaluation/V0_T_0__seed2__HR_prcp_DANRA__SIZE_128x128__LR_prcp_thetae_pl_850_ERA5__LOSS_sdfweighted__HEADS_4__TIMESTEPS_56/summary/evaluation_summary.json,temporal.pair_dry_jsd_genens_hr,Dry-spell duration JSD,,zero,,,0.0,0.09962830849555078,0.09797244663393032,0.09962830849555078,0.001655861861620464,-0.0016099599018389033,0.002975681662743243,Temporal,inside_v0_range
V0_T_1__HR_prcp_DANRA__SIZE_128x128__LR_prcp_thetae_pl_850_ERA5__LOSS_sdfweighted__HEADS_4__TIMESTEPS_56,V0_T_1,V0_T_1,1,/Users/au728490/ceddar_runs/models_and_samples/evaluation/V0_T_1__HR_prcp_DANRA__SIZE_128x128__LR_prcp_thetae_pl_850_ERA5__LOSS_sdfweighted__HEADS_4__TIMESTEPS_56/summary/evaluation_summary.json,temporal.pair_dry_jsd_genens_hr,Dry-spell duration JSD,,zero,,,0.0,0.09962830849555078,0.11092995613078889,0.09962830849555078,-0.01130164763523811,-0.0016099599018389033,0.002975681662743243,Temporal,unfavourable
V0_T_1__seed2__HR_prcp_DANRA__SIZE_128x128__LR_prcp_thetae_pl_850_ERA5__LOSS_sdfweighted__HEADS_4__TIMESTEPS_56,V0_T_1_seed2,V0_T_1,2,/Users/au728490/ceddar_runs/models_and_samples/evaluation/V0_T_1__seed2__HR_prcp_DANRA__SIZE_128x128__LR_prcp_thetae_pl_850_ERA5__LOSS_sdfweighted__HEADS_4__TIMESTEPS_56/summary/evaluation_summary.json,temporal.pair_dry_jsd_genens_hr,Dry-spell duration JSD,,zero,,,0.0,0.09962830849555078,0.09247204652380338,0.09962830849555078,0.007156261971747402,-0.0016099599018389033,0.002975681662743243,Temporal,favourable
V0_Z_0__HR_prcp_DANRA__SIZE_128x128__LR_prcp_z_pl_500_ERA5__LOSS_sdfweighted__HEADS_4__TIMESTEPS_56,V0_Z_0,V0_Z_0,1,/Users/au728490/ceddar_runs/models_and_samples/evaluation/V0_Z_0__HR_prcp_DANRA__SIZE_128x128__LR_prcp_z_pl_500_ERA5__LOSS_sdfweighted__HEADS_4__TIMESTEPS_56/summary/evaluation_summary.json,temporal.pair_dry_jsd_genens_hr,Dry-spell duration JSD,,zero,,,0.0,0.09962830849555078,0.10119407259952308,0.09962830849555078,-0.0015657641039723003,-0.0016099599018389033,0.002975681662743243,Temporal,inside_v0_range
V0_Z_0__seed2__HR_prcp_DANRA__SIZE_128x128__LR_prcp_z_pl_500_ERA5__LOSS_sdfweighted__HEADS_4__TIMESTEPS_56,V0_Z_0_seed2,V0_Z_0,2,/Users/au728490/ceddar_runs/models_and_samples/evaluation/V0_Z_0__seed2__HR_prcp_DANRA__SIZE_128x128__LR_prcp_z_pl_500_ERA5__LOSS_sdfweighted__HEADS_4__TIMESTEPS_56/summary/evaluation_summary.json,temporal.pair_dry_jsd_genens_hr,Dry-spell duration JSD,,zero,,,0.0,0.09962830849555078,0.09963875577074872,0.09962830849555078,-1.0447275197944528e-05,-0.0016099599018389033,0.002975681662743243,Temporal,inside_v0_range
V0_Z_1__HR_prcp_DANRA__SIZE_128x128__LR_prcp_z_pl_500_ERA5__LOSS_sdfweighted__HEADS_4__TIMESTEPS_56,V0_Z_1,V0_Z_1,1,/Users/au728490/ceddar_runs/models_and_samples/evaluation/V0_Z_1__HR_prcp_DANRA__SIZE_128x128__LR_prcp_z_pl_500_ERA5__LOSS_sdfweighted__HEADS_4__TIMESTEPS_56/summary/evaluation_summary.json,temporal.pair_dry_jsd_genens_hr,Dry-spell duration JSD,,zero,,,0.0,0.09962830849555078,0.10498352313557408,0.09962830849555078,-0.005355214640023295,-0.0016099599018389033,0.002975681662743243,Temporal,unfavourable
V0_Z_1__seed2__HR_prcp_DANRA__SIZE_128x128__LR_prcp_z_pl_500_ERA5__LOSS_sdfweighted__HEADS_4__TIMESTEPS_56,V0_Z_1_seed2,V0_Z_1,2,/Users/au728490/ceddar_runs/models_and_samples/evaluation/V0_Z_1__seed2__HR_prcp_DANRA__SIZE_128x128__LR_prcp_z_pl_500_ERA5__LOSS_sdfweighted__HEADS_4__TIMESTEPS_56/summary/evaluation_summary.json,temporal.pair_dry_jsd_genens_hr,Dry-spell duration JSD,,zero,,,0.0,0.09962830849555078,0.09369091909690977,0.09962830849555078,0.00593738939864101,-0.0016099599018389033,0.002975681662743243,Temporal,favourable
D_IP_1__HR_prcp_DANRA__SIZE_128x128__LR_prcp_ewvf_nwvf_ERA5__LOSS_sdfweighted__HEADS_4__TIMESTEPS_56,D_IP_1,D_IP_1,1,/Users/au728490/ceddar_runs/models_and_samples/evaluation/D_IP_1__HR_prcp_DANRA__SIZE_128x128__LR_prcp_ewvf_nwvf_ERA5__LOSS_sdfweighted__HEADS_4__TIMESTEPS_56/summary/evaluation_summary.json,temporal.pair_dry_jsd_genens_hr,Dry-spell duration JSD,,zero,,,0.0,0.09962830849555078,0.10750063588318146,0.09962830849555078,-0.007872327387630676,-0.0016099599018389033,0.002975681662743243,Temporal,unfavourable
D_IP_1__seed2__HR_prcp_DANRA__SIZE_128x128__LR_prcp_ewvf_nwvf_ERA5__LOSS_sdfweighted__HEADS_4__TIMESTEPS_56,D_IP_1_seed2,D_IP_1,2,/Users/au728490/ceddar_runs/models_and_samples/evaluation/D_IP_1__seed2__HR_prcp_DANRA__SIZE_128x128__LR_prcp_ewvf_nwvf_ERA5__LOSS_sdfweighted__HEADS_4__TIMESTEPS_56/summary/evaluation_summary.json,temporal.pair_dry_jsd_genens_hr,Dry-spell duration JSD,,zero,,,0.0,0.09962830849555078,0.09256960081485772,0.09962830849555078,0.007058707680693055,-0.0016099599018389033,0.002975681662743243,Temporal,favourable
D_MZP_1__HR_prcp_DANRA__SIZE_128x128__LR_prcp_msl_z_pl_500_ERA5__LOSS_sdfweighted__HEADS_4__TIMESTEPS_56,D_MZP_1,D_MZP_1,1,/Users/au728490/ceddar_runs/models_and_samples/evaluation/D_MZP_1__HR_prcp_DANRA__SIZE_128x128__LR_prcp_msl_z_pl_500_ERA5__LOSS_sdfweighted__HEADS_4__TIMESTEPS_56/summary/evaluation_summary.json,temporal.pair_dry_jsd_genens_hr,Dry-spell duration JSD,,zero,,,0.0,0.09962830849555078,0.11640937505582413,0.09962830849555078,-0.016781066560273353,-0.0016099599018389033,0.002975681662743243,Temporal,unfavourable
D_MZP_1__seed2__HR_prcp_DANRA__SIZE_128x128__LR_prcp_msl_z_pl_500_ERA5__LOSS_sdfweighted__HEADS_4__TIMESTEPS_56,D_MZP_1_seed2,D_MZP_1,2,/Users/au728490/ceddar_runs/models_and_samples/evaluation/D_MZP_1__seed2__HR_prcp_DANRA__SIZE_128x128__LR_prcp_msl_z_pl_500_ERA5__LOSS_sdfweighted__HEADS_4__TIMESTEPS_56/summary/evaluation_summary.json,temporal.pair_dry_jsd_genens_hr,Dry-spell duration JSD,,zero,,,0.0,0.09962830849555078,0.09391476390523332,0.09962830849555078,0.0057135445903174625,-0.0016099599018389033,0.002975681662743243,Temporal,favourable
D_MTP_0__HR_prcp_DANRA__SIZE_128x128__LR_prcp_msl_thetae_pl_850_ERA5__LOSS_sdfweighted__HEADS_4__TIMESTEPS_56,D_MTP_0,D_MTP_0,1,/Users/au728490/ceddar_runs/models_and_samples/evaluation/D_MTP_0__HR_prcp_DANRA__SIZE_128x128__LR_prcp_msl_thetae_pl_850_ERA5__LOSS_sdfweighted__HEADS_4__TIMESTEPS_56/summary/evaluation_summary.json,temporal.pair_dry_jsd_genens_hr,Dry-spell duration JSD,,zero,,,0.0,0.09962830849555078,0.10664974113637563,0.09962830849555078,-0.007021432640824846,-0.0016099599018389033,0.002975681662743243,Temporal,unfavourable
D_MTP_0__seed2__HR_prcp_DANRA__SIZE_128x128__LR_prcp_msl_thetae_pl_850_ERA5__LOSS_sdfweighted__HEADS_4__TIMESTEPS_56,D_MTP_0_seed2,D_MTP_0,2,/Users/au728490/ceddar_runs/models_and_samples/evaluation/D_MTP_0__seed2__HR_prcp_DANRA__SIZE_128x128__LR_prcp_msl_thetae_pl_850_ERA5__LOSS_sdfweighted__HEADS_4__TIMESTEPS_56/summary/evaluation_summary.json,temporal.pair_dry_jsd_genens_hr,Dry-spell duration JSD,,zero,,,0.0,0.09962830849555078,0.09529683990307075,0.09962830849555078,0.004331468592480028,-0.0016099599018389033,0.002975681662743243,Temporal,favourable
D_MTP_1__HR_prcp_DANRA__SIZE_128x128__LR_prcp_msl_thetae_pl_850_ERA5__LOSS_sdfweighted__HEADS_4__TIMESTEPS_56,D_MTP_1,D_MTP_1,1,/Users/au728490/ceddar_runs/models_and_samples/evaluation/D_MTP_1__HR_prcp_DANRA__SIZE_128x128__LR_prcp_msl_thetae_pl_850_ERA5__LOSS_sdfweighted__HEADS_4__TIMESTEPS_56/summary/evaluation_summary.json,temporal.pair_dry_jsd_genens_hr,Dry-spell duration JSD,,zero,,,0.0,0.09962830849555078,0.10621693712330439,0.09962830849555078,-0.006588628627753612,-0.0016099599018389033,0.002975681662743243,Temporal,unfavourable
D_MTP_1__seed2__HR_prcp_DANRA__SIZE_128x128__LR_prcp_msl_thetae_pl_850_ERA5__LOSS_sdfweighted__HEADS_4__TIMESTEPS_56,D_MTP_1_seed2,D_MTP_1,2,/Users/au728490/ceddar_runs/models_and_samples/evaluation/D_MTP_1__seed2__HR_prcp_DANRA__SIZE_128x128__LR_prcp_msl_thetae_pl_850_ERA5__LOSS_sdfweighted__HEADS_4__TIMESTEPS_56/summary/evaluation_summary.json,temporal.pair_dry_jsd_genens_hr,Dry-spell duration JSD,,zero,,,0.0,0.09962830849555078,0.09825101512498743,0.09962830849555078,0.0013772933705633456,-0.0016099599018389033,0.002975681662743243,Temporal,inside_v0_range
D_MTCP_1__HR_prcp_DANRA__SIZE_128x128__LR_prcp_msl_thetae_pl_850_cape_ERA5__LOSS_sdfweighted__HEADS_4__TIMESTEPS_56,D_MTCP_1,D_MTCP_1,1,/Users/au728490/ceddar_runs/models_and_samples/evaluation/D_MTCP_1__HR_prcp_DANRA__SIZE_128x128__LR_prcp_msl_thetae_pl_850_cape_ERA5__LOSS_sdfweighted__HEADS_4__TIMESTEPS_56/summary/evaluation_summary.json,temporal.pair_dry_jsd_genens_hr,Dry-spell duration JSD,,zero,,,0.0,0.09962830849555078,0.0990858972251058,0.09962830849555078,0.0005424112704449785,-0.0016099599018389033,0.002975681662743243,Temporal,inside_v0_range
D_MTCP_1__seed2__HR_prcp_DANRA__SIZE_128x128__LR_prcp_msl_thetae_pl_850_cape_ERA5__LOSS_sdfweighted__HEADS_4__TIMESTEPS_56,D_MTCP_1_seed2,D_MTCP_1,2,/Users/au728490/ceddar_runs/models_and_samples/evaluation/D_MTCP_1__seed2__HR_prcp_DANRA__SIZE_128x128__LR_prcp_msl_thetae_pl_850_cape_ERA5__LOSS_sdfweighted__HEADS_4__TIMESTEPS_56/summary/evaluation_summary.json,temporal.pair_dry_jsd_genens_hr,Dry-spell duration JSD,,zero,,,0.0,0.09962830849555078,0.1056811546506445,0.09962830849555078,-0.006052846155093716,-0.0016099599018389033,0.002975681662743243,Temporal,unfavourable
D_MZIP_1__HR_prcp_DANRA__SIZE_128x128__LR_prcp_msl_z_pl_500_ewvf_nwvf_ERA5__LOSS_sdfweighted__HEADS_4__TIMESTEPS_56,D_MZIP_1,D_MZIP_1,1,/Users/au728490/ceddar_runs/models_and_samples/evaluation/D_MZIP_1__HR_prcp_DANRA__SIZE_128x128__LR_prcp_msl_z_pl_500_ewvf_nwvf_ERA5__LOSS_sdfweighted__HEADS_4__TIMESTEPS_56/summary/evaluation_summary.json,temporal.pair_dry_jsd_genens_hr,Dry-spell duration JSD,,zero,,,0.0,0.09962830849555078,0.10249772291263226,0.09962830849555078,-0.002869414417081481,-0.0016099599018389033,0.002975681662743243,Temporal,unfavourable
D_MZIP_1__seed2__HR_prcp_DANRA__SIZE_128x128__LR_prcp_msl_z_pl_500_ewvf_nwvf_ERA5__LOSS_sdfweighted__HEADS_4__TIMESTEPS_56,D_MZIP_1_seed2,D_MZIP_1,2,/Users/au728490/ceddar_runs/models_and_samples/evaluation/D_MZIP_1__seed2__HR_prcp_DANRA__SIZE_128x128__LR_prcp_msl_z_pl_500_ewvf_nwvf_ERA5__LOSS_sdfweighted__HEADS_4__TIMESTEPS_56/summary/evaluation_summary.json,temporal.pair_dry_jsd_genens_hr,Dry-spell duration JSD,,zero,,,0.0,0.09962830849555078,0.09708113217889995,0.09962830849555078,0.0025471763166508288,-0.0016099599018389033,0.002975681662743243,Temporal,inside_v0_range
D_MT_1__HR_prcp_DANRA__SIZE_128x128__LR_msl_thetae_pl_850_ERA5__LOSS_sdfweighted__HEADS_4__TIMESTEPS_56,D_MT_1,D_MT_1,1,/Users/au728490/ceddar_runs/models_and_samples/evaluation/D_MT_1__HR_prcp_DANRA__SIZE_128x128__LR_msl_thetae_pl_850_ERA5__LOSS_sdfweighted__HEADS_4__TIMESTEPS_56/summary/evaluation_summary.json,temporal.pair_dry_jsd_genens_hr,Dry-spell duration JSD,,zero,,,0.0,0.09962830849555078,0.22402247633207134,0.09962830849555078,-0.12439416783652056,-0.0016099599018389033,0.002975681662743243,Temporal,unfavourable
D_MT_1__seed2__HR_prcp_DANRA__SIZE_128x128__LR_msl_thetae_pl_850_ERA5__LOSS_sdfweighted__HEADS_4__TIMESTEPS_56,D_MT_1_seed2,D_MT_1,2,/Users/au728490/ceddar_runs/models_and_samples/evaluation/D_MT_1__seed2__HR_prcp_DANRA__SIZE_128x128__LR_msl_thetae_pl_850_ERA5__LOSS_sdfweighted__HEADS_4__TIMESTEPS_56/summary/evaluation_summary.json,temporal.pair_dry_jsd_genens_hr,Dry-spell duration JSD,,zero,,,0.0,0.09962830849555078,0.24132427939817236,0.09962830849555078,-0.1416959709026216,-0.0016099599018389033,0.002975681662743243,Temporal,unfavourable
D_MTC_1__HR_prcp_DANRA__SIZE_128x128__LR_msl_thetae_pl_850_cape_ERA5__LOSS_sdfweighted__HEADS_4__TIMESTEPS_56,D_MTC_1,D_MTC_1,1,/Users/au728490/ceddar_runs/models_and_samples/evaluation/D_MTC_1__HR_prcp_DANRA__SIZE_128x128__LR_msl_thetae_pl_850_cape_ERA5__LOSS_sdfweighted__HEADS_4__TIMESTEPS_56/summary/evaluation_summary.json,temporal.pair_dry_jsd_genens_hr,Dry-spell duration JSD,,zero,,,0.0,0.09962830849555078,0.20116270725033347,0.09962830849555078,-0.10153439875478269,-0.0016099599018389033,0.002975681662743243,Temporal,unfavourable
D_MTC_1__seed2__HR_prcp_DANRA__SIZE_128x128__LR_msl_thetae_pl_850_cape_ERA5__LOSS_sdfweighted__HEADS_4__TIMESTEPS_56,D_MTC_1_seed2,D_MTC_1,2,/Users/au728490/ceddar_runs/models_and_samples/evaluation/D_MTC_1__seed2__HR_prcp_DANRA__SIZE_128x128__LR_msl_thetae_pl_850_cape_ERA5__LOSS_sdfweighted__HEADS_4__TIMESTEPS_56/summary/evaluation_summary.json,temporal.pair_dry_jsd_genens_hr,Dry-spell duration JSD,,zero,,,0.0,0.09962830849555078,0.20224781313792456,0.09962830849555078,-0.10261950464237378,-0.0016099599018389033,0.002975681662743243,Temporal,unfavourable
