run_id,run_label,configuration,seed,summary_path,metric,metric_label,unit,target_type,reference_key,reference_value,target_value,target_improvement,value,v0_mean_value,improvement,v0_band_min,v0_band_max
V0__HR_prcp_DANRA__SIZE_128x128__LR_prcp_ERA5__LOSS_sdfweighted__HEADS_4__TIMESTEPS_56,V0,V0,1,/Users/au728490/ceddar_runs/models_and_samples/evaluation/V0__HR_prcp_DANRA__SIZE_128x128__LR_prcp_ERA5__LOSS_sdfweighted__HEADS_4__TIMESTEPS_56/summary/evaluation_summary.json,probabilistic.crps_mean,CRPS,mm day$^{-1}$,zero,,,0.0,0.941485,0.885074,0.941485,0.05641099999999999,-0.043193999999999955,0.05641099999999999
V0__seed2__HR_prcp_DANRA__SIZE_128x128__LR_prcp_ERA5__LOSS_sdfweighted__HEADS_4__TIMESTEPS_56,V0_seed2,V0,2,/Users/au728490/ceddar_runs/models_and_samples/evaluation/V0__seed2__HR_prcp_DANRA__SIZE_128x128__LR_prcp_ERA5__LOSS_sdfweighted__HEADS_4__TIMESTEPS_56/summary/evaluation_summary.json,probabilistic.crps_mean,CRPS,mm day$^{-1}$,zero,,,0.0,0.941485,0.954702,0.941485,-0.013217000000000034,-0.043193999999999955,0.05641099999999999
V0__seed3__HR_prcp_DANRA__SIZE_128x128__LR_prcp_ERA5__LOSS_sdfweighted__HEADS_4__TIMESTEPS_56,V0_seed3,V0,3,/Users/au728490/ceddar_runs/models_and_samples/evaluation/V0__seed3__HR_prcp_DANRA__SIZE_128x128__LR_prcp_ERA5__LOSS_sdfweighted__HEADS_4__TIMESTEPS_56/summary/evaluation_summary.json,probabilistic.crps_mean,CRPS,mm day$^{-1}$,zero,,,0.0,0.941485,0.984679,0.941485,-0.043193999999999955,-0.043193999999999955,0.05641099999999999
C_10__HR_prcp_DANRA__SIZE_128x128__LR_prcp_ERA5__LOSS_sdfweighted__HEADS_4__TIMESTEPS_56,C_10,C_10,1,/Users/au728490/ceddar_runs/models_and_samples/evaluation/C_10__HR_prcp_DANRA__SIZE_128x128__LR_prcp_ERA5__LOSS_sdfweighted__HEADS_4__TIMESTEPS_56/summary/evaluation_summary.json,probabilistic.crps_mean,CRPS,mm day$^{-1}$,zero,,,0.0,0.941485,0.888114,0.941485,0.05337100000000006,-0.043193999999999955,0.05641099999999999
C_10__seed2__HR_prcp_DANRA__SIZE_128x128__LR_prcp_ERA5__LOSS_sdfweighted__HEADS_4__TIMESTEPS_56,C_10_seed2,C_10,2,/Users/au728490/ceddar_runs/models_and_samples/evaluation/C_10__seed2__HR_prcp_DANRA__SIZE_128x128__LR_prcp_ERA5__LOSS_sdfweighted__HEADS_4__TIMESTEPS_56/summary/evaluation_summary.json,probabilistic.crps_mean,CRPS,mm day$^{-1}$,zero,,,0.0,0.941485,0.917511,0.941485,0.02397400000000005,-0.043193999999999955,0.05641099999999999
V0_C_0__HR_prcp_DANRA__SIZE_128x128__LR_prcp_cape_ERA5__LOSS_sdfweighted__HEADS_4__TIMESTEPS_56,V0_C_0,V0_C_0,1,/Users/au728490/ceddar_runs/models_and_samples/evaluation/V0_C_0__HR_prcp_DANRA__SIZE_128x128__LR_prcp_cape_ERA5__LOSS_sdfweighted__HEADS_4__TIMESTEPS_56/summary/evaluation_summary.json,probabilistic.crps_mean,CRPS,mm day$^{-1}$,zero,,,0.0,0.941485,0.989702,0.941485,-0.048216999999999954,-0.043193999999999955,0.05641099999999999
V0_C_0__seed2__HR_prcp_DANRA__SIZE_128x128__LR_prcp_cape_ERA5__LOSS_sdfweighted__HEADS_4__TIMESTEPS_56,V0_C_0_seed2,V0_C_0,2,/Users/au728490/ceddar_runs/models_and_samples/evaluation/V0_C_0__seed2__HR_prcp_DANRA__SIZE_128x128__LR_prcp_cape_ERA5__LOSS_sdfweighted__HEADS_4__TIMESTEPS_56/summary/evaluation_summary.json,probabilistic.crps_mean,CRPS,mm day$^{-1}$,zero,,,0.0,0.941485,0.942301,0.941485,-0.0008160000000000389,-0.043193999999999955,0.05641099999999999
V0_C_1__HR_prcp_DANRA__SIZE_128x128__LR_prcp_cape_ERA5__LOSS_sdfweighted__HEADS_4__TIMESTEPS_56,V0_C_1,V0_C_1,1,/Users/au728490/ceddar_runs/models_and_samples/evaluation/V0_C_1__HR_prcp_DANRA__SIZE_128x128__LR_prcp_cape_ERA5__LOSS_sdfweighted__HEADS_4__TIMESTEPS_56/summary/evaluation_summary.json,probabilistic.crps_mean,CRPS,mm day$^{-1}$,zero,,,0.0,0.941485,0.885805,0.941485,0.05568000000000006,-0.043193999999999955,0.05641099999999999
V0_C_1__seed2__HR_prcp_DANRA__SIZE_128x128__LR_prcp_cape_ERA5__LOSS_sdfweighted__HEADS_4__TIMESTEPS_56,V0_C_1_seed2,V0_C_1,2,/Users/au728490/ceddar_runs/models_and_samples/evaluation/V0_C_1__seed2__HR_prcp_DANRA__SIZE_128x128__LR_prcp_cape_ERA5__LOSS_sdfweighted__HEADS_4__TIMESTEPS_56/summary/evaluation_summary.json,probabilistic.crps_mean,CRPS,mm day$^{-1}$,zero,,,0.0,0.941485,0.89813,0.941485,0.04335500000000003,-0.043193999999999955,0.05641099999999999
V0_I_0__HR_prcp_DANRA__SIZE_128x128__LR_prcp_ewvf_nwvf_ERA5__LOSS_sdfweighted__HEADS_4__TIMESTEPS_56,V0_I_0,V0_I_0,1,/Users/au728490/ceddar_runs/models_and_samples/evaluation/V0_I_0__HR_prcp_DANRA__SIZE_128x128__LR_prcp_ewvf_nwvf_ERA5__LOSS_sdfweighted__HEADS_4__TIMESTEPS_56/summary/evaluation_summary.json,probabilistic.crps_mean,CRPS,mm day$^{-1}$,zero,,,0.0,0.941485,0.891277,0.941485,0.05020800000000003,-0.043193999999999955,0.05641099999999999
V0_I_0__seed2__HR_prcp_DANRA__SIZE_128x128__LR_prcp_ewvf_nwvf_ERA5__LOSS_sdfweighted__HEADS_4__TIMESTEPS_56,V0_I_0_seed2,V0_I_0,2,/Users/au728490/ceddar_runs/models_and_samples/evaluation/V0_I_0__seed2__HR_prcp_DANRA__SIZE_128x128__LR_prcp_ewvf_nwvf_ERA5__LOSS_sdfweighted__HEADS_4__TIMESTEPS_56/summary/evaluation_summary.json,probabilistic.crps_mean,CRPS,mm day$^{-1}$,zero,,,0.0,0.941485,0.949425,0.941485,-0.007939999999999947,-0.043193999999999955,0.05641099999999999
V0_I_1__HR_prcp_DANRA__SIZE_128x128__LR_prcp_ewvf_nwvf_ERA5__LOSS_sdfweighted__HEADS_4__TIMESTEPS_56,V0_I_1,V0_I_1,1,/Users/au728490/ceddar_runs/models_and_samples/evaluation/V0_I_1__HR_prcp_DANRA__SIZE_128x128__LR_prcp_ewvf_nwvf_ERA5__LOSS_sdfweighted__HEADS_4__TIMESTEPS_56/summary/evaluation_summary.json,probabilistic.crps_mean,CRPS,mm day$^{-1}$,zero,,,0.0,0.941485,1.045367,0.941485,-0.10388199999999992,-0.043193999999999955,0.05641099999999999
V0_I_1__seed2__HR_prcp_DANRA__SIZE_128x128__LR_prcp_ewvf_nwvf_ERA5__LOSS_sdfweighted__HEADS_4__TIMESTEPS_56,V0_I_1_seed2,V0_I_1,2,/Users/au728490/ceddar_runs/models_and_samples/evaluation/V0_I_1__seed2__HR_prcp_DANRA__SIZE_128x128__LR_prcp_ewvf_nwvf_ERA5__LOSS_sdfweighted__HEADS_4__TIMESTEPS_56/summary/evaluation_summary.json,probabilistic.crps_mean,CRPS,mm day$^{-1}$,zero,,,0.0,0.941485,0.93017,0.941485,0.011314999999999964,-0.043193999999999955,0.05641099999999999
V0_M_0__HR_prcp_DANRA__SIZE_128x128__LR_prcp_msl_ERA5__LOSS_sdfweighted__HEADS_4__TIMESTEPS_56,V0_M_0,V0_M_0,1,/Users/au728490/ceddar_runs/models_and_samples/evaluation/V0_M_0__HR_prcp_DANRA__SIZE_128x128__LR_prcp_msl_ERA5__LOSS_sdfweighted__HEADS_4__TIMESTEPS_56/summary/evaluation_summary.json,probabilistic.crps_mean,CRPS,mm day$^{-1}$,zero,,,0.0,0.941485,0.946749,0.941485,-0.005263999999999935,-0.043193999999999955,0.05641099999999999
V0_M_0__seed2__HR_prcp_DANRA__SIZE_128x128__LR_prcp_msl_ERA5__LOSS_sdfweighted__HEADS_4__TIMESTEPS_56,V0_M_0_seed2,V0_M_0,2,/Users/au728490/ceddar_runs/models_and_samples/evaluation/V0_M_0__seed2__HR_prcp_DANRA__SIZE_128x128__LR_prcp_msl_ERA5__LOSS_sdfweighted__HEADS_4__TIMESTEPS_56/summary/evaluation_summary.json,probabilistic.crps_mean,CRPS,mm day$^{-1}$,zero,,,0.0,0.941485,0.877256,0.941485,0.06422899999999998,-0.043193999999999955,0.05641099999999999
V0_M_1__HR_prcp_DANRA__SIZE_128x128__LR_prcp_msl_ERA5__LOSS_sdfweighted__HEADS_4__TIMESTEPS_56,V0_M_1,V0_M_1,1,/Users/au728490/ceddar_runs/models_and_samples/evaluation/V0_M_1__HR_prcp_DANRA__SIZE_128x128__LR_prcp_msl_ERA5__LOSS_sdfweighted__HEADS_4__TIMESTEPS_56/summary/evaluation_summary.json,probabilistic.crps_mean,CRPS,mm day$^{-1}$,zero,,,0.0,0.941485,0.986981,0.941485,-0.04549599999999998,-0.043193999999999955,0.05641099999999999
V0_M_1__seed2__HR_prcp_DANRA__SIZE_128x128__LR_prcp_msl_ERA5__LOSS_sdfweighted__HEADS_4__TIMESTEPS_56,V0_M_1_seed2,V0_M_1,2,/Users/au728490/ceddar_runs/models_and_samples/evaluation/V0_M_1__seed2__HR_prcp_DANRA__SIZE_128x128__LR_prcp_msl_ERA5__LOSS_sdfweighted__HEADS_4__TIMESTEPS_56/summary/evaluation_summary.json,probabilistic.crps_mean,CRPS,mm day$^{-1}$,zero,,,0.0,0.941485,0.876611,0.941485,0.06487399999999999,-0.043193999999999955,0.05641099999999999
V0_T_0__HR_prcp_DANRA__SIZE_128x128__LR_prcp_thetae_pl_850_ERA5__LOSS_sdfweighted__HEADS_4__TIMESTEPS_56,V0_T_0,V0_T_0,1,/Users/au728490/ceddar_runs/models_and_samples/evaluation/V0_T_0__HR_prcp_DANRA__SIZE_128x128__LR_prcp_thetae_pl_850_ERA5__LOSS_sdfweighted__HEADS_4__TIMESTEPS_56/summary/evaluation_summary.json,probabilistic.crps_mean,CRPS,mm day$^{-1}$,zero,,,0.0,0.941485,0.960244,0.941485,-0.01875899999999997,-0.043193999999999955,0.05641099999999999
V0_T_0__seed2__HR_prcp_DANRA__SIZE_128x128__LR_prcp_thetae_pl_850_ERA5__LOSS_sdfweighted__HEADS_4__TIMESTEPS_56,V0_T_0_seed2,V0_T_0,2,/Users/au728490/ceddar_runs/models_and_samples/evaluation/V0_T_0__seed2__HR_prcp_DANRA__SIZE_128x128__LR_prcp_thetae_pl_850_ERA5__LOSS_sdfweighted__HEADS_4__TIMESTEPS_56/summary/evaluation_summary.json,probabilistic.crps_mean,CRPS,mm day$^{-1}$,zero,,,0.0,0.941485,0.89841,0.941485,0.043074999999999974,-0.043193999999999955,0.05641099999999999
V0_T_1__HR_prcp_DANRA__SIZE_128x128__LR_prcp_thetae_pl_850_ERA5__LOSS_sdfweighted__HEADS_4__TIMESTEPS_56,V0_T_1,V0_T_1,1,/Users/au728490/ceddar_runs/models_and_samples/evaluation/V0_T_1__HR_prcp_DANRA__SIZE_128x128__LR_prcp_thetae_pl_850_ERA5__LOSS_sdfweighted__HEADS_4__TIMESTEPS_56/summary/evaluation_summary.json,probabilistic.crps_mean,CRPS,mm day$^{-1}$,zero,,,0.0,0.941485,0.870516,0.941485,0.07096900000000006,-0.043193999999999955,0.05641099999999999
V0_T_1__seed2__HR_prcp_DANRA__SIZE_128x128__LR_prcp_thetae_pl_850_ERA5__LOSS_sdfweighted__HEADS_4__TIMESTEPS_56,V0_T_1_seed2,V0_T_1,2,/Users/au728490/ceddar_runs/models_and_samples/evaluation/V0_T_1__seed2__HR_prcp_DANRA__SIZE_128x128__LR_prcp_thetae_pl_850_ERA5__LOSS_sdfweighted__HEADS_4__TIMESTEPS_56/summary/evaluation_summary.json,probabilistic.crps_mean,CRPS,mm day$^{-1}$,zero,,,0.0,0.941485,0.93404,0.941485,0.007445000000000035,-0.043193999999999955,0.05641099999999999
V0_Z_0__HR_prcp_DANRA__SIZE_128x128__LR_prcp_z_pl_500_ERA5__LOSS_sdfweighted__HEADS_4__TIMESTEPS_56,V0_Z_0,V0_Z_0,1,/Users/au728490/ceddar_runs/models_and_samples/evaluation/V0_Z_0__HR_prcp_DANRA__SIZE_128x128__LR_prcp_z_pl_500_ERA5__LOSS_sdfweighted__HEADS_4__TIMESTEPS_56/summary/evaluation_summary.json,probabilistic.crps_mean,CRPS,mm day$^{-1}$,zero,,,0.0,0.941485,0.898814,0.941485,0.042671000000000014,-0.043193999999999955,0.05641099999999999
V0_Z_0__seed2__HR_prcp_DANRA__SIZE_128x128__LR_prcp_z_pl_500_ERA5__LOSS_sdfweighted__HEADS_4__TIMESTEPS_56,V0_Z_0_seed2,V0_Z_0,2,/Users/au728490/ceddar_runs/models_and_samples/evaluation/V0_Z_0__seed2__HR_prcp_DANRA__SIZE_128x128__LR_prcp_z_pl_500_ERA5__LOSS_sdfweighted__HEADS_4__TIMESTEPS_56/summary/evaluation_summary.json,probabilistic.crps_mean,CRPS,mm day$^{-1}$,zero,,,0.0,0.941485,0.912702,0.941485,0.028783000000000003,-0.043193999999999955,0.05641099999999999
V0_Z_1__HR_prcp_DANRA__SIZE_128x128__LR_prcp_z_pl_500_ERA5__LOSS_sdfweighted__HEADS_4__TIMESTEPS_56,V0_Z_1,V0_Z_1,1,/Users/au728490/ceddar_runs/models_and_samples/evaluation/V0_Z_1__HR_prcp_DANRA__SIZE_128x128__LR_prcp_z_pl_500_ERA5__LOSS_sdfweighted__HEADS_4__TIMESTEPS_56/summary/evaluation_summary.json,probabilistic.crps_mean,CRPS,mm day$^{-1}$,zero,,,0.0,0.941485,0.900433,0.941485,0.04105199999999998,-0.043193999999999955,0.05641099999999999
V0_Z_1__seed2__HR_prcp_DANRA__SIZE_128x128__LR_prcp_z_pl_500_ERA5__LOSS_sdfweighted__HEADS_4__TIMESTEPS_56,V0_Z_1_seed2,V0_Z_1,2,/Users/au728490/ceddar_runs/models_and_samples/evaluation/V0_Z_1__seed2__HR_prcp_DANRA__SIZE_128x128__LR_prcp_z_pl_500_ERA5__LOSS_sdfweighted__HEADS_4__TIMESTEPS_56/summary/evaluation_summary.json,probabilistic.crps_mean,CRPS,mm day$^{-1}$,zero,,,0.0,0.941485,0.899673,0.941485,0.04181200000000007,-0.043193999999999955,0.05641099999999999
D_IP_1__HR_prcp_DANRA__SIZE_128x128__LR_prcp_ewvf_nwvf_ERA5__LOSS_sdfweighted__HEADS_4__TIMESTEPS_56,D_IP_1,D_IP_1,1,/Users/au728490/ceddar_runs/models_and_samples/evaluation/D_IP_1__HR_prcp_DANRA__SIZE_128x128__LR_prcp_ewvf_nwvf_ERA5__LOSS_sdfweighted__HEADS_4__TIMESTEPS_56/summary/evaluation_summary.json,probabilistic.crps_mean,CRPS,mm day$^{-1}$,zero,,,0.0,0.941485,0.920705,0.941485,0.02078000000000002,-0.043193999999999955,0.05641099999999999
D_IP_1__seed2__HR_prcp_DANRA__SIZE_128x128__LR_prcp_ewvf_nwvf_ERA5__LOSS_sdfweighted__HEADS_4__TIMESTEPS_56,D_IP_1_seed2,D_IP_1,2,/Users/au728490/ceddar_runs/models_and_samples/evaluation/D_IP_1__seed2__HR_prcp_DANRA__SIZE_128x128__LR_prcp_ewvf_nwvf_ERA5__LOSS_sdfweighted__HEADS_4__TIMESTEPS_56/summary/evaluation_summary.json,probabilistic.crps_mean,CRPS,mm day$^{-1}$,zero,,,0.0,0.941485,0.894841,0.941485,0.04664400000000002,-0.043193999999999955,0.05641099999999999
D_MZP_1__HR_prcp_DANRA__SIZE_128x128__LR_prcp_msl_z_pl_500_ERA5__LOSS_sdfweighted__HEADS_4__TIMESTEPS_56,D_MZP_1,D_MZP_1,1,/Users/au728490/ceddar_runs/models_and_samples/evaluation/D_MZP_1__HR_prcp_DANRA__SIZE_128x128__LR_prcp_msl_z_pl_500_ERA5__LOSS_sdfweighted__HEADS_4__TIMESTEPS_56/summary/evaluation_summary.json,probabilistic.crps_mean,CRPS,mm day$^{-1}$,zero,,,0.0,0.941485,1.025877,0.941485,-0.08439199999999991,-0.043193999999999955,0.05641099999999999
D_MZP_1__seed2__HR_prcp_DANRA__SIZE_128x128__LR_prcp_msl_z_pl_500_ERA5__LOSS_sdfweighted__HEADS_4__TIMESTEPS_56,D_MZP_1_seed2,D_MZP_1,2,/Users/au728490/ceddar_runs/models_and_samples/evaluation/D_MZP_1__seed2__HR_prcp_DANRA__SIZE_128x128__LR_prcp_msl_z_pl_500_ERA5__LOSS_sdfweighted__HEADS_4__TIMESTEPS_56/summary/evaluation_summary.json,probabilistic.crps_mean,CRPS,mm day$^{-1}$,zero,,,0.0,0.941485,0.896224,0.941485,0.045260999999999996,-0.043193999999999955,0.05641099999999999
D_MTP_0__HR_prcp_DANRA__SIZE_128x128__LR_prcp_msl_thetae_pl_850_ERA5__LOSS_sdfweighted__HEADS_4__TIMESTEPS_56,D_MTP_0,D_MTP_0,1,/Users/au728490/ceddar_runs/models_and_samples/evaluation/D_MTP_0__HR_prcp_DANRA__SIZE_128x128__LR_prcp_msl_thetae_pl_850_ERA5__LOSS_sdfweighted__HEADS_4__TIMESTEPS_56/summary/evaluation_summary.json,probabilistic.crps_mean,CRPS,mm day$^{-1}$,zero,,,0.0,0.941485,0.964238,0.941485,-0.022753000000000023,-0.043193999999999955,0.05641099999999999
D_MTP_0__seed2__HR_prcp_DANRA__SIZE_128x128__LR_prcp_msl_thetae_pl_850_ERA5__LOSS_sdfweighted__HEADS_4__TIMESTEPS_56,D_MTP_0_seed2,D_MTP_0,2,/Users/au728490/ceddar_runs/models_and_samples/evaluation/D_MTP_0__seed2__HR_prcp_DANRA__SIZE_128x128__LR_prcp_msl_thetae_pl_850_ERA5__LOSS_sdfweighted__HEADS_4__TIMESTEPS_56/summary/evaluation_summary.json,probabilistic.crps_mean,CRPS,mm day$^{-1}$,zero,,,0.0,0.941485,0.903149,0.941485,0.03833600000000004,-0.043193999999999955,0.05641099999999999
D_MTP_1__HR_prcp_DANRA__SIZE_128x128__LR_prcp_msl_thetae_pl_850_ERA5__LOSS_sdfweighted__HEADS_4__TIMESTEPS_56,D_MTP_1,D_MTP_1,1,/Users/au728490/ceddar_runs/models_and_samples/evaluation/D_MTP_1__HR_prcp_DANRA__SIZE_128x128__LR_prcp_msl_thetae_pl_850_ERA5__LOSS_sdfweighted__HEADS_4__TIMESTEPS_56/summary/evaluation_summary.json,probabilistic.crps_mean,CRPS,mm day$^{-1}$,zero,,,0.0,0.941485,0.921863,0.941485,0.01962200000000003,-0.043193999999999955,0.05641099999999999
D_MTP_1__seed2__HR_prcp_DANRA__SIZE_128x128__LR_prcp_msl_thetae_pl_850_ERA5__LOSS_sdfweighted__HEADS_4__TIMESTEPS_56,D_MTP_1_seed2,D_MTP_1,2,/Users/au728490/ceddar_runs/models_and_samples/evaluation/D_MTP_1__seed2__HR_prcp_DANRA__SIZE_128x128__LR_prcp_msl_thetae_pl_850_ERA5__LOSS_sdfweighted__HEADS_4__TIMESTEPS_56/summary/evaluation_summary.json,probabilistic.crps_mean,CRPS,mm day$^{-1}$,zero,,,0.0,0.941485,0.906127,0.941485,0.035358,-0.043193999999999955,0.05641099999999999
D_MTCP_1__HR_prcp_DANRA__SIZE_128x128__LR_prcp_msl_thetae_pl_850_cape_ERA5__LOSS_sdfweighted__HEADS_4__TIMESTEPS_56,D_MTCP_1,D_MTCP_1,1,/Users/au728490/ceddar_runs/models_and_samples/evaluation/D_MTCP_1__HR_prcp_DANRA__SIZE_128x128__LR_prcp_msl_thetae_pl_850_cape_ERA5__LOSS_sdfweighted__HEADS_4__TIMESTEPS_56/summary/evaluation_summary.json,probabilistic.crps_mean,CRPS,mm day$^{-1}$,zero,,,0.0,0.941485,0.93955,0.941485,0.00193500000000002,-0.043193999999999955,0.05641099999999999
D_MTCP_1__seed2__HR_prcp_DANRA__SIZE_128x128__LR_prcp_msl_thetae_pl_850_cape_ERA5__LOSS_sdfweighted__HEADS_4__TIMESTEPS_56,D_MTCP_1_seed2,D_MTCP_1,2,/Users/au728490/ceddar_runs/models_and_samples/evaluation/D_MTCP_1__seed2__HR_prcp_DANRA__SIZE_128x128__LR_prcp_msl_thetae_pl_850_cape_ERA5__LOSS_sdfweighted__HEADS_4__TIMESTEPS_56/summary/evaluation_summary.json,probabilistic.crps_mean,CRPS,mm day$^{-1}$,zero,,,0.0,0.941485,0.951089,0.941485,-0.009603999999999946,-0.043193999999999955,0.05641099999999999
D_MZIP_1__HR_prcp_DANRA__SIZE_128x128__LR_prcp_msl_z_pl_500_ewvf_nwvf_ERA5__LOSS_sdfweighted__HEADS_4__TIMESTEPS_56,D_MZIP_1,D_MZIP_1,1,/Users/au728490/ceddar_runs/models_and_samples/evaluation/D_MZIP_1__HR_prcp_DANRA__SIZE_128x128__LR_prcp_msl_z_pl_500_ewvf_nwvf_ERA5__LOSS_sdfweighted__HEADS_4__TIMESTEPS_56/summary/evaluation_summary.json,probabilistic.crps_mean,CRPS,mm day$^{-1}$,zero,,,0.0,0.941485,0.889042,0.941485,0.05244300000000002,-0.043193999999999955,0.05641099999999999
D_MZIP_1__seed2__HR_prcp_DANRA__SIZE_128x128__LR_prcp_msl_z_pl_500_ewvf_nwvf_ERA5__LOSS_sdfweighted__HEADS_4__TIMESTEPS_56,D_MZIP_1_seed2,D_MZIP_1,2,/Users/au728490/ceddar_runs/models_and_samples/evaluation/D_MZIP_1__seed2__HR_prcp_DANRA__SIZE_128x128__LR_prcp_msl_z_pl_500_ewvf_nwvf_ERA5__LOSS_sdfweighted__HEADS_4__TIMESTEPS_56/summary/evaluation_summary.json,probabilistic.crps_mean,CRPS,mm day$^{-1}$,zero,,,0.0,0.941485,0.925265,0.941485,0.016220000000000012,-0.043193999999999955,0.05641099999999999
D_MT_1__HR_prcp_DANRA__SIZE_128x128__LR_msl_thetae_pl_850_ERA5__LOSS_sdfweighted__HEADS_4__TIMESTEPS_56,D_MT_1,D_MT_1,1,/Users/au728490/ceddar_runs/models_and_samples/evaluation/D_MT_1__HR_prcp_DANRA__SIZE_128x128__LR_msl_thetae_pl_850_ERA5__LOSS_sdfweighted__HEADS_4__TIMESTEPS_56/summary/evaluation_summary.json,probabilistic.crps_mean,CRPS,mm day$^{-1}$,zero,,,0.0,0.941485,1.770419,0.941485,-0.828934,-0.043193999999999955,0.05641099999999999
D_MT_1__seed2__HR_prcp_DANRA__SIZE_128x128__LR_msl_thetae_pl_850_ERA5__LOSS_sdfweighted__HEADS_4__TIMESTEPS_56,D_MT_1_seed2,D_MT_1,2,/Users/au728490/ceddar_runs/models_and_samples/evaluation/D_MT_1__seed2__HR_prcp_DANRA__SIZE_128x128__LR_msl_thetae_pl_850_ERA5__LOSS_sdfweighted__HEADS_4__TIMESTEPS_56/summary/evaluation_summary.json,probabilistic.crps_mean,CRPS,mm day$^{-1}$,zero,,,0.0,0.941485,1.825387,0.941485,-0.8839020000000001,-0.043193999999999955,0.05641099999999999
D_MTC_1__HR_prcp_DANRA__SIZE_128x128__LR_msl_thetae_pl_850_cape_ERA5__LOSS_sdfweighted__HEADS_4__TIMESTEPS_56,D_MTC_1,D_MTC_1,1,/Users/au728490/ceddar_runs/models_and_samples/evaluation/D_MTC_1__HR_prcp_DANRA__SIZE_128x128__LR_msl_thetae_pl_850_cape_ERA5__LOSS_sdfweighted__HEADS_4__TIMESTEPS_56/summary/evaluation_summary.json,probabilistic.crps_mean,CRPS,mm day$^{-1}$,zero,,,0.0,0.941485,1.682172,0.941485,-0.740687,-0.043193999999999955,0.05641099999999999
D_MTC_1__seed2__HR_prcp_DANRA__SIZE_128x128__LR_msl_thetae_pl_850_cape_ERA5__LOSS_sdfweighted__HEADS_4__TIMESTEPS_56,D_MTC_1_seed2,D_MTC_1,2,/Users/au728490/ceddar_runs/models_and_samples/evaluation/D_MTC_1__seed2__HR_prcp_DANRA__SIZE_128x128__LR_msl_thetae_pl_850_cape_ERA5__LOSS_sdfweighted__HEADS_4__TIMESTEPS_56/summary/evaluation_summary.json,probabilistic.crps_mean,CRPS,mm day$^{-1}$,zero,,,0.0,0.941485,1.562658,0.941485,-0.6211730000000001,-0.043193999999999955,0.05641099999999999
V0__HR_prcp_DANRA__SIZE_128x128__LR_prcp_ERA5__LOSS_sdfweighted__HEADS_4__TIMESTEPS_56,V0,V0,1,/Users/au728490/ceddar_runs/models_and_samples/evaluation/V0__HR_prcp_DANRA__SIZE_128x128__LR_prcp_ERA5__LOSS_sdfweighted__HEADS_4__TIMESTEPS_56/summary/evaluation_summary.json,scale.iss_primary,Integrated skill score,,one,,,1.0,0.5156903333333334,0.493738,0.48430966666666664,0.009428333333333372,-0.014125666666666647,0.009428333333333372
V0__seed2__HR_prcp_DANRA__SIZE_128x128__LR_prcp_ERA5__LOSS_sdfweighted__HEADS_4__TIMESTEPS_56,V0_seed2,V0,2,/Users/au728490/ceddar_runs/models_and_samples/evaluation/V0__seed2__HR_prcp_DANRA__SIZE_128x128__LR_prcp_ERA5__LOSS_sdfweighted__HEADS_4__TIMESTEPS_56/summary/evaluation_summary.json,scale.iss_primary,Integrated skill score,,one,,,1.0,0.5156903333333334,0.489007,0.48430966666666664,0.004697333333333387,-0.014125666666666647,0.009428333333333372
V0__seed3__HR_prcp_DANRA__SIZE_128x128__LR_prcp_ERA5__LOSS_sdfweighted__HEADS_4__TIMESTEPS_56,V0_seed3,V0,3,/Users/au728490/ceddar_runs/models_and_samples/evaluation/V0__seed3__HR_prcp_DANRA__SIZE_128x128__LR_prcp_ERA5__LOSS_sdfweighted__HEADS_4__TIMESTEPS_56/summary/evaluation_summary.json,scale.iss_primary,Integrated skill score,,one,,,1.0,0.5156903333333334,0.470184,0.48430966666666664,-0.014125666666666647,-0.014125666666666647,0.009428333333333372
C_10__HR_prcp_DANRA__SIZE_128x128__LR_prcp_ERA5__LOSS_sdfweighted__HEADS_4__TIMESTEPS_56,C_10,C_10,1,/Users/au728490/ceddar_runs/models_and_samples/evaluation/C_10__HR_prcp_DANRA__SIZE_128x128__LR_prcp_ERA5__LOSS_sdfweighted__HEADS_4__TIMESTEPS_56/summary/evaluation_summary.json,scale.iss_primary,Integrated skill score,,one,,,1.0,0.5156903333333334,0.467515,0.48430966666666664,-0.016794666666666624,-0.014125666666666647,0.009428333333333372
C_10__seed2__HR_prcp_DANRA__SIZE_128x128__LR_prcp_ERA5__LOSS_sdfweighted__HEADS_4__TIMESTEPS_56,C_10_seed2,C_10,2,/Users/au728490/ceddar_runs/models_and_samples/evaluation/C_10__seed2__HR_prcp_DANRA__SIZE_128x128__LR_prcp_ERA5__LOSS_sdfweighted__HEADS_4__TIMESTEPS_56/summary/evaluation_summary.json,scale.iss_primary,Integrated skill score,,one,,,1.0,0.5156903333333334,0.487233,0.48430966666666664,0.002923333333333389,-0.014125666666666647,0.009428333333333372
V0_C_0__HR_prcp_DANRA__SIZE_128x128__LR_prcp_cape_ERA5__LOSS_sdfweighted__HEADS_4__TIMESTEPS_56,V0_C_0,V0_C_0,1,/Users/au728490/ceddar_runs/models_and_samples/evaluation/V0_C_0__HR_prcp_DANRA__SIZE_128x128__LR_prcp_cape_ERA5__LOSS_sdfweighted__HEADS_4__TIMESTEPS_56/summary/evaluation_summary.json,scale.iss_primary,Integrated skill score,,one,,,1.0,0.5156903333333334,0.472693,0.48430966666666664,-0.011616666666666664,-0.014125666666666647,0.009428333333333372
V0_C_0__seed2__HR_prcp_DANRA__SIZE_128x128__LR_prcp_cape_ERA5__LOSS_sdfweighted__HEADS_4__TIMESTEPS_56,V0_C_0_seed2,V0_C_0,2,/Users/au728490/ceddar_runs/models_and_samples/evaluation/V0_C_0__seed2__HR_prcp_DANRA__SIZE_128x128__LR_prcp_cape_ERA5__LOSS_sdfweighted__HEADS_4__TIMESTEPS_56/summary/evaluation_summary.json,scale.iss_primary,Integrated skill score,,one,,,1.0,0.5156903333333334,0.469415,0.48430966666666664,-0.014894666666666612,-0.014125666666666647,0.009428333333333372
V0_C_1__HR_prcp_DANRA__SIZE_128x128__LR_prcp_cape_ERA5__LOSS_sdfweighted__HEADS_4__TIMESTEPS_56,V0_C_1,V0_C_1,1,/Users/au728490/ceddar_runs/models_and_samples/evaluation/V0_C_1__HR_prcp_DANRA__SIZE_128x128__LR_prcp_cape_ERA5__LOSS_sdfweighted__HEADS_4__TIMESTEPS_56/summary/evaluation_summary.json,scale.iss_primary,Integrated skill score,,one,,,1.0,0.5156903333333334,0.479313,0.48430966666666664,-0.004996666666666649,-0.014125666666666647,0.009428333333333372
V0_C_1__seed2__HR_prcp_DANRA__SIZE_128x128__LR_prcp_cape_ERA5__LOSS_sdfweighted__HEADS_4__TIMESTEPS_56,V0_C_1_seed2,V0_C_1,2,/Users/au728490/ceddar_runs/models_and_samples/evaluation/V0_C_1__seed2__HR_prcp_DANRA__SIZE_128x128__LR_prcp_cape_ERA5__LOSS_sdfweighted__HEADS_4__TIMESTEPS_56/summary/evaluation_summary.json,scale.iss_primary,Integrated skill score,,one,,,1.0,0.5156903333333334,0.484643,0.48430966666666664,0.00033333333333335213,-0.014125666666666647,0.009428333333333372
V0_I_0__HR_prcp_DANRA__SIZE_128x128__LR_prcp_ewvf_nwvf_ERA5__LOSS_sdfweighted__HEADS_4__TIMESTEPS_56,V0_I_0,V0_I_0,1,/Users/au728490/ceddar_runs/models_and_samples/evaluation/V0_I_0__HR_prcp_DANRA__SIZE_128x128__LR_prcp_ewvf_nwvf_ERA5__LOSS_sdfweighted__HEADS_4__TIMESTEPS_56/summary/evaluation_summary.json,scale.iss_primary,Integrated skill score,,one,,,1.0,0.5156903333333334,0.485777,0.48430966666666664,0.001467333333333376,-0.014125666666666647,0.009428333333333372
V0_I_0__seed2__HR_prcp_DANRA__SIZE_128x128__LR_prcp_ewvf_nwvf_ERA5__LOSS_sdfweighted__HEADS_4__TIMESTEPS_56,V0_I_0_seed2,V0_I_0,2,/Users/au728490/ceddar_runs/models_and_samples/evaluation/V0_I_0__seed2__HR_prcp_DANRA__SIZE_128x128__LR_prcp_ewvf_nwvf_ERA5__LOSS_sdfweighted__HEADS_4__TIMESTEPS_56/summary/evaluation_summary.json,scale.iss_primary,Integrated skill score,,one,,,1.0,0.5156903333333334,0.480187,0.48430966666666664,-0.004122666666666663,-0.014125666666666647,0.009428333333333372
V0_I_1__HR_prcp_DANRA__SIZE_128x128__LR_prcp_ewvf_nwvf_ERA5__LOSS_sdfweighted__HEADS_4__TIMESTEPS_56,V0_I_1,V0_I_1,1,/Users/au728490/ceddar_runs/models_and_samples/evaluation/V0_I_1__HR_prcp_DANRA__SIZE_128x128__LR_prcp_ewvf_nwvf_ERA5__LOSS_sdfweighted__HEADS_4__TIMESTEPS_56/summary/evaluation_summary.json,scale.iss_primary,Integrated skill score,,one,,,1.0,0.5156903333333334,0.4545,0.48430966666666664,-0.029809666666666623,-0.014125666666666647,0.009428333333333372
V0_I_1__seed2__HR_prcp_DANRA__SIZE_128x128__LR_prcp_ewvf_nwvf_ERA5__LOSS_sdfweighted__HEADS_4__TIMESTEPS_56,V0_I_1_seed2,V0_I_1,2,/Users/au728490/ceddar_runs/models_and_samples/evaluation/V0_I_1__seed2__HR_prcp_DANRA__SIZE_128x128__LR_prcp_ewvf_nwvf_ERA5__LOSS_sdfweighted__HEADS_4__TIMESTEPS_56/summary/evaluation_summary.json,scale.iss_primary,Integrated skill score,,one,,,1.0,0.5156903333333334,0.481095,0.48430966666666664,-0.0032146666666666435,-0.014125666666666647,0.009428333333333372
V0_M_0__HR_prcp_DANRA__SIZE_128x128__LR_prcp_msl_ERA5__LOSS_sdfweighted__HEADS_4__TIMESTEPS_56,V0_M_0,V0_M_0,1,/Users/au728490/ceddar_runs/models_and_samples/evaluation/V0_M_0__HR_prcp_DANRA__SIZE_128x128__LR_prcp_msl_ERA5__LOSS_sdfweighted__HEADS_4__TIMESTEPS_56/summary/evaluation_summary.json,scale.iss_primary,Integrated skill score,,one,,,1.0,0.5156903333333334,0.482172,0.48430966666666664,-0.002137666666666649,-0.014125666666666647,0.009428333333333372
V0_M_0__seed2__HR_prcp_DANRA__SIZE_128x128__LR_prcp_msl_ERA5__LOSS_sdfweighted__HEADS_4__TIMESTEPS_56,V0_M_0_seed2,V0_M_0,2,/Users/au728490/ceddar_runs/models_and_samples/evaluation/V0_M_0__seed2__HR_prcp_DANRA__SIZE_128x128__LR_prcp_msl_ERA5__LOSS_sdfweighted__HEADS_4__TIMESTEPS_56/summary/evaluation_summary.json,scale.iss_primary,Integrated skill score,,one,,,1.0,0.5156903333333334,0.490841,0.48430966666666664,0.006531333333333389,-0.014125666666666647,0.009428333333333372
V0_M_1__HR_prcp_DANRA__SIZE_128x128__LR_prcp_msl_ERA5__LOSS_sdfweighted__HEADS_4__TIMESTEPS_56,V0_M_1,V0_M_1,1,/Users/au728490/ceddar_runs/models_and_samples/evaluation/V0_M_1__HR_prcp_DANRA__SIZE_128x128__LR_prcp_msl_ERA5__LOSS_sdfweighted__HEADS_4__TIMESTEPS_56/summary/evaluation_summary.json,scale.iss_primary,Integrated skill score,,one,,,1.0,0.5156903333333334,0.483106,0.48430966666666664,-0.0012036666666666584,-0.014125666666666647,0.009428333333333372
V0_M_1__seed2__HR_prcp_DANRA__SIZE_128x128__LR_prcp_msl_ERA5__LOSS_sdfweighted__HEADS_4__TIMESTEPS_56,V0_M_1_seed2,V0_M_1,2,/Users/au728490/ceddar_runs/models_and_samples/evaluation/V0_M_1__seed2__HR_prcp_DANRA__SIZE_128x128__LR_prcp_msl_ERA5__LOSS_sdfweighted__HEADS_4__TIMESTEPS_56/summary/evaluation_summary.json,scale.iss_primary,Integrated skill score,,one,,,1.0,0.5156903333333334,0.495633,0.48430966666666664,0.011323333333333352,-0.014125666666666647,0.009428333333333372
V0_T_0__HR_prcp_DANRA__SIZE_128x128__LR_prcp_thetae_pl_850_ERA5__LOSS_sdfweighted__HEADS_4__TIMESTEPS_56,V0_T_0,V0_T_0,1,/Users/au728490/ceddar_runs/models_and_samples/evaluation/V0_T_0__HR_prcp_DANRA__SIZE_128x128__LR_prcp_thetae_pl_850_ERA5__LOSS_sdfweighted__HEADS_4__TIMESTEPS_56/summary/evaluation_summary.json,scale.iss_primary,Integrated skill score,,one,,,1.0,0.5156903333333334,0.471949,0.48430966666666664,-0.012360666666666631,-0.014125666666666647,0.009428333333333372
V0_T_0__seed2__HR_prcp_DANRA__SIZE_128x128__LR_prcp_thetae_pl_850_ERA5__LOSS_sdfweighted__HEADS_4__TIMESTEPS_56,V0_T_0_seed2,V0_T_0,2,/Users/au728490/ceddar_runs/models_and_samples/evaluation/V0_T_0__seed2__HR_prcp_DANRA__SIZE_128x128__LR_prcp_thetae_pl_850_ERA5__LOSS_sdfweighted__HEADS_4__TIMESTEPS_56/summary/evaluation_summary.json,scale.iss_primary,Integrated skill score,,one,,,1.0,0.5156903333333334,0.470669,0.48430966666666664,-0.013640666666666634,-0.014125666666666647,0.009428333333333372
V0_T_1__HR_prcp_DANRA__SIZE_128x128__LR_prcp_thetae_pl_850_ERA5__LOSS_sdfweighted__HEADS_4__TIMESTEPS_56,V0_T_1,V0_T_1,1,/Users/au728490/ceddar_runs/models_and_samples/evaluation/V0_T_1__HR_prcp_DANRA__SIZE_128x128__LR_prcp_thetae_pl_850_ERA5__LOSS_sdfweighted__HEADS_4__TIMESTEPS_56/summary/evaluation_summary.json,scale.iss_primary,Integrated skill score,,one,,,1.0,0.5156903333333334,0.479725,0.48430966666666664,-0.004584666666666626,-0.014125666666666647,0.009428333333333372
V0_T_1__seed2__HR_prcp_DANRA__SIZE_128x128__LR_prcp_thetae_pl_850_ERA5__LOSS_sdfweighted__HEADS_4__TIMESTEPS_56,V0_T_1_seed2,V0_T_1,2,/Users/au728490/ceddar_runs/models_and_samples/evaluation/V0_T_1__seed2__HR_prcp_DANRA__SIZE_128x128__LR_prcp_thetae_pl_850_ERA5__LOSS_sdfweighted__HEADS_4__TIMESTEPS_56/summary/evaluation_summary.json,scale.iss_primary,Integrated skill score,,one,,,1.0,0.5156903333333334,0.489717,0.48430966666666664,0.005407333333333375,-0.014125666666666647,0.009428333333333372
V0_Z_0__HR_prcp_DANRA__SIZE_128x128__LR_prcp_z_pl_500_ERA5__LOSS_sdfweighted__HEADS_4__TIMESTEPS_56,V0_Z_0,V0_Z_0,1,/Users/au728490/ceddar_runs/models_and_samples/evaluation/V0_Z_0__HR_prcp_DANRA__SIZE_128x128__LR_prcp_z_pl_500_ERA5__LOSS_sdfweighted__HEADS_4__TIMESTEPS_56/summary/evaluation_summary.json,scale.iss_primary,Integrated skill score,,one,,,1.0,0.5156903333333334,0.480159,0.48430966666666664,-0.004150666666666636,-0.014125666666666647,0.009428333333333372
V0_Z_0__seed2__HR_prcp_DANRA__SIZE_128x128__LR_prcp_z_pl_500_ERA5__LOSS_sdfweighted__HEADS_4__TIMESTEPS_56,V0_Z_0_seed2,V0_Z_0,2,/Users/au728490/ceddar_runs/models_and_samples/evaluation/V0_Z_0__seed2__HR_prcp_DANRA__SIZE_128x128__LR_prcp_z_pl_500_ERA5__LOSS_sdfweighted__HEADS_4__TIMESTEPS_56/summary/evaluation_summary.json,scale.iss_primary,Integrated skill score,,one,,,1.0,0.5156903333333334,0.489231,0.48430966666666664,0.004921333333333389,-0.014125666666666647,0.009428333333333372
V0_Z_1__HR_prcp_DANRA__SIZE_128x128__LR_prcp_z_pl_500_ERA5__LOSS_sdfweighted__HEADS_4__TIMESTEPS_56,V0_Z_1,V0_Z_1,1,/Users/au728490/ceddar_runs/models_and_samples/evaluation/V0_Z_1__HR_prcp_DANRA__SIZE_128x128__LR_prcp_z_pl_500_ERA5__LOSS_sdfweighted__HEADS_4__TIMESTEPS_56/summary/evaluation_summary.json,scale.iss_primary,Integrated skill score,,one,,,1.0,0.5156903333333334,0.489538,0.48430966666666664,0.005228333333333335,-0.014125666666666647,0.009428333333333372
V0_Z_1__seed2__HR_prcp_DANRA__SIZE_128x128__LR_prcp_z_pl_500_ERA5__LOSS_sdfweighted__HEADS_4__TIMESTEPS_56,V0_Z_1_seed2,V0_Z_1,2,/Users/au728490/ceddar_runs/models_and_samples/evaluation/V0_Z_1__seed2__HR_prcp_DANRA__SIZE_128x128__LR_prcp_z_pl_500_ERA5__LOSS_sdfweighted__HEADS_4__TIMESTEPS_56/summary/evaluation_summary.json,scale.iss_primary,Integrated skill score,,one,,,1.0,0.5156903333333334,0.489596,0.48430966666666664,0.005286333333333337,-0.014125666666666647,0.009428333333333372
D_IP_1__HR_prcp_DANRA__SIZE_128x128__LR_prcp_ewvf_nwvf_ERA5__LOSS_sdfweighted__HEADS_4__TIMESTEPS_56,D_IP_1,D_IP_1,1,/Users/au728490/ceddar_runs/models_and_samples/evaluation/D_IP_1__HR_prcp_DANRA__SIZE_128x128__LR_prcp_ewvf_nwvf_ERA5__LOSS_sdfweighted__HEADS_4__TIMESTEPS_56/summary/evaluation_summary.json,scale.iss_primary,Integrated skill score,,one,,,1.0,0.5156903333333334,0.479684,0.48430966666666664,-0.004625666666666639,-0.014125666666666647,0.009428333333333372
D_IP_1__seed2__HR_prcp_DANRA__SIZE_128x128__LR_prcp_ewvf_nwvf_ERA5__LOSS_sdfweighted__HEADS_4__TIMESTEPS_56,D_IP_1_seed2,D_IP_1,2,/Users/au728490/ceddar_runs/models_and_samples/evaluation/D_IP_1__seed2__HR_prcp_DANRA__SIZE_128x128__LR_prcp_ewvf_nwvf_ERA5__LOSS_sdfweighted__HEADS_4__TIMESTEPS_56/summary/evaluation_summary.json,scale.iss_primary,Integrated skill score,,one,,,1.0,0.5156903333333334,0.493727,0.48430966666666664,0.009417333333333389,-0.014125666666666647,0.009428333333333372
D_MZP_1__HR_prcp_DANRA__SIZE_128x128__LR_prcp_msl_z_pl_500_ERA5__LOSS_sdfweighted__HEADS_4__TIMESTEPS_56,D_MZP_1,D_MZP_1,1,/Users/au728490/ceddar_runs/models_and_samples/evaluation/D_MZP_1__HR_prcp_DANRA__SIZE_128x128__LR_prcp_msl_z_pl_500_ERA5__LOSS_sdfweighted__HEADS_4__TIMESTEPS_56/summary/evaluation_summary.json,scale.iss_primary,Integrated skill score,,one,,,1.0,0.5156903333333334,0.461958,0.48430966666666664,-0.02235166666666666,-0.014125666666666647,0.009428333333333372
D_MZP_1__seed2__HR_prcp_DANRA__SIZE_128x128__LR_prcp_msl_z_pl_500_ERA5__LOSS_sdfweighted__HEADS_4__TIMESTEPS_56,D_MZP_1_seed2,D_MZP_1,2,/Users/au728490/ceddar_runs/models_and_samples/evaluation/D_MZP_1__seed2__HR_prcp_DANRA__SIZE_128x128__LR_prcp_msl_z_pl_500_ERA5__LOSS_sdfweighted__HEADS_4__TIMESTEPS_56/summary/evaluation_summary.json,scale.iss_primary,Integrated skill score,,one,,,1.0,0.5156903333333334,0.487232,0.48430966666666664,0.00292233333333336,-0.014125666666666647,0.009428333333333372
D_MTP_0__HR_prcp_DANRA__SIZE_128x128__LR_prcp_msl_thetae_pl_850_ERA5__LOSS_sdfweighted__HEADS_4__TIMESTEPS_56,D_MTP_0,D_MTP_0,1,/Users/au728490/ceddar_runs/models_and_samples/evaluation/D_MTP_0__HR_prcp_DANRA__SIZE_128x128__LR_prcp_msl_thetae_pl_850_ERA5__LOSS_sdfweighted__HEADS_4__TIMESTEPS_56/summary/evaluation_summary.json,scale.iss_primary,Integrated skill score,,one,,,1.0,0.5156903333333334,0.478374,0.48430966666666664,-0.005935666666666617,-0.014125666666666647,0.009428333333333372
D_MTP_0__seed2__HR_prcp_DANRA__SIZE_128x128__LR_prcp_msl_thetae_pl_850_ERA5__LOSS_sdfweighted__HEADS_4__TIMESTEPS_56,D_MTP_0_seed2,D_MTP_0,2,/Users/au728490/ceddar_runs/models_and_samples/evaluation/D_MTP_0__seed2__HR_prcp_DANRA__SIZE_128x128__LR_prcp_msl_thetae_pl_850_ERA5__LOSS_sdfweighted__HEADS_4__TIMESTEPS_56/summary/evaluation_summary.json,scale.iss_primary,Integrated skill score,,one,,,1.0,0.5156903333333334,0.498276,0.48430966666666664,0.013966333333333358,-0.014125666666666647,0.009428333333333372
D_MTP_1__HR_prcp_DANRA__SIZE_128x128__LR_prcp_msl_thetae_pl_850_ERA5__LOSS_sdfweighted__HEADS_4__TIMESTEPS_56,D_MTP_1,D_MTP_1,1,/Users/au728490/ceddar_runs/models_and_samples/evaluation/D_MTP_1__HR_prcp_DANRA__SIZE_128x128__LR_prcp_msl_thetae_pl_850_ERA5__LOSS_sdfweighted__HEADS_4__TIMESTEPS_56/summary/evaluation_summary.json,scale.iss_primary,Integrated skill score,,one,,,1.0,0.5156903333333334,0.483254,0.48430966666666664,-0.0010556666666666215,-0.014125666666666647,0.009428333333333372
D_MTP_1__seed2__HR_prcp_DANRA__SIZE_128x128__LR_prcp_msl_thetae_pl_850_ERA5__LOSS_sdfweighted__HEADS_4__TIMESTEPS_56,D_MTP_1_seed2,D_MTP_1,2,/Users/au728490/ceddar_runs/models_and_samples/evaluation/D_MTP_1__seed2__HR_prcp_DANRA__SIZE_128x128__LR_prcp_msl_thetae_pl_850_ERA5__LOSS_sdfweighted__HEADS_4__TIMESTEPS_56/summary/evaluation_summary.json,scale.iss_primary,Integrated skill score,,one,,,1.0,0.5156903333333334,0.495381,0.48430966666666664,0.011071333333333377,-0.014125666666666647,0.009428333333333372
D_MTCP_1__HR_prcp_DANRA__SIZE_128x128__LR_prcp_msl_thetae_pl_850_cape_ERA5__LOSS_sdfweighted__HEADS_4__TIMESTEPS_56,D_MTCP_1,D_MTCP_1,1,/Users/au728490/ceddar_runs/models_and_samples/evaluation/D_MTCP_1__HR_prcp_DANRA__SIZE_128x128__LR_prcp_msl_thetae_pl_850_cape_ERA5__LOSS_sdfweighted__HEADS_4__TIMESTEPS_56/summary/evaluation_summary.json,scale.iss_primary,Integrated skill score,,one,,,1.0,0.5156903333333334,0.480101,0.48430966666666664,-0.004208666666666638,-0.014125666666666647,0.009428333333333372
D_MTCP_1__seed2__HR_prcp_DANRA__SIZE_128x128__LR_prcp_msl_thetae_pl_850_cape_ERA5__LOSS_sdfweighted__HEADS_4__TIMESTEPS_56,D_MTCP_1_seed2,D_MTCP_1,2,/Users/au728490/ceddar_runs/models_and_samples/evaluation/D_MTCP_1__seed2__HR_prcp_DANRA__SIZE_128x128__LR_prcp_msl_thetae_pl_850_cape_ERA5__LOSS_sdfweighted__HEADS_4__TIMESTEPS_56/summary/evaluation_summary.json,scale.iss_primary,Integrated skill score,,one,,,1.0,0.5156903333333334,0.46799,0.48430966666666664,-0.01631966666666662,-0.014125666666666647,0.009428333333333372
D_MZIP_1__HR_prcp_DANRA__SIZE_128x128__LR_prcp_msl_z_pl_500_ewvf_nwvf_ERA5__LOSS_sdfweighted__HEADS_4__TIMESTEPS_56,D_MZIP_1,D_MZIP_1,1,/Users/au728490/ceddar_runs/models_and_samples/evaluation/D_MZIP_1__HR_prcp_DANRA__SIZE_128x128__LR_prcp_msl_z_pl_500_ewvf_nwvf_ERA5__LOSS_sdfweighted__HEADS_4__TIMESTEPS_56/summary/evaluation_summary.json,scale.iss_primary,Integrated skill score,,one,,,1.0,0.5156903333333334,0.476036,0.48430966666666664,-0.008273666666666624,-0.014125666666666647,0.009428333333333372
D_MZIP_1__seed2__HR_prcp_DANRA__SIZE_128x128__LR_prcp_msl_z_pl_500_ewvf_nwvf_ERA5__LOSS_sdfweighted__HEADS_4__TIMESTEPS_56,D_MZIP_1_seed2,D_MZIP_1,2,/Users/au728490/ceddar_runs/models_and_samples/evaluation/D_MZIP_1__seed2__HR_prcp_DANRA__SIZE_128x128__LR_prcp_msl_z_pl_500_ewvf_nwvf_ERA5__LOSS_sdfweighted__HEADS_4__TIMESTEPS_56/summary/evaluation_summary.json,scale.iss_primary,Integrated skill score,,one,,,1.0,0.5156903333333334,0.466733,0.48430966666666664,-0.01757666666666663,-0.014125666666666647,0.009428333333333372
D_MT_1__HR_prcp_DANRA__SIZE_128x128__LR_msl_thetae_pl_850_ERA5__LOSS_sdfweighted__HEADS_4__TIMESTEPS_56,D_MT_1,D_MT_1,1,/Users/au728490/ceddar_runs/models_and_samples/evaluation/D_MT_1__HR_prcp_DANRA__SIZE_128x128__LR_msl_thetae_pl_850_ERA5__LOSS_sdfweighted__HEADS_4__TIMESTEPS_56/summary/evaluation_summary.json,scale.iss_primary,Integrated skill score,,one,,,1.0,0.5156903333333334,0.177438,0.48430966666666664,-0.30687166666666665,-0.014125666666666647,0.009428333333333372
D_MT_1__seed2__HR_prcp_DANRA__SIZE_128x128__LR_msl_thetae_pl_850_ERA5__LOSS_sdfweighted__HEADS_4__TIMESTEPS_56,D_MT_1_seed2,D_MT_1,2,/Users/au728490/ceddar_runs/models_and_samples/evaluation/D_MT_1__seed2__HR_prcp_DANRA__SIZE_128x128__LR_msl_thetae_pl_850_ERA5__LOSS_sdfweighted__HEADS_4__TIMESTEPS_56/summary/evaluation_summary.json,scale.iss_primary,Integrated skill score,,one,,,1.0,0.5156903333333334,0.199753,0.48430966666666664,-0.2845566666666667,-0.014125666666666647,0.009428333333333372
D_MTC_1__HR_prcp_DANRA__SIZE_128x128__LR_msl_thetae_pl_850_cape_ERA5__LOSS_sdfweighted__HEADS_4__TIMESTEPS_56,D_MTC_1,D_MTC_1,1,/Users/au728490/ceddar_runs/models_and_samples/evaluation/D_MTC_1__HR_prcp_DANRA__SIZE_128x128__LR_msl_thetae_pl_850_cape_ERA5__LOSS_sdfweighted__HEADS_4__TIMESTEPS_56/summary/evaluation_summary.json,scale.iss_primary,Integrated skill score,,one,,,1.0,0.5156903333333334,0.228055,0.48430966666666664,-0.25625466666666663,-0.014125666666666647,0.009428333333333372
D_MTC_1__seed2__HR_prcp_DANRA__SIZE_128x128__LR_msl_thetae_pl_850_cape_ERA5__LOSS_sdfweighted__HEADS_4__TIMESTEPS_56,D_MTC_1_seed2,D_MTC_1,2,/Users/au728490/ceddar_runs/models_and_samples/evaluation/D_MTC_1__seed2__HR_prcp_DANRA__SIZE_128x128__LR_msl_thetae_pl_850_cape_ERA5__LOSS_sdfweighted__HEADS_4__TIMESTEPS_56/summary/evaluation_summary.json,scale.iss_primary,Integrated skill score,,one,,,1.0,0.5156903333333334,0.215718,0.48430966666666664,-0.2685916666666667,-0.014125666666666647,0.009428333333333372
V0__HR_prcp_DANRA__SIZE_128x128__LR_prcp_ERA5__LOSS_sdfweighted__HEADS_4__TIMESTEPS_56,V0,V0,1,/Users/au728490/ceddar_runs/models_and_samples/evaluation/V0__HR_prcp_DANRA__SIZE_128x128__LR_prcp_ERA5__LOSS_sdfweighted__HEADS_4__TIMESTEPS_56/summary/evaluation_summary.json,scale.slope_mid,Mid-scale PSD slope,,hr,scale.hr_slope_mid,-2.731742,-2.731742,0.2986243333333333,-2.506285,-2.4331176666666665,0.0731673333333333,-0.04272366666666666,0.0731673333333333
V0__seed2__HR_prcp_DANRA__SIZE_128x128__LR_prcp_ERA5__LOSS_sdfweighted__HEADS_4__TIMESTEPS_56,V0_seed2,V0,2,/Users/au728490/ceddar_runs/models_and_samples/evaluation/V0__seed2__HR_prcp_DANRA__SIZE_128x128__LR_prcp_ERA5__LOSS_sdfweighted__HEADS_4__TIMESTEPS_56/summary/evaluation_summary.json,scale.slope_mid,Mid-scale PSD slope,,hr,scale.hr_slope_mid,-2.731742,-2.731742,0.2986243333333333,-2.402674,-2.4331176666666665,-0.03044366666666659,-0.04272366666666666,0.0731673333333333
V0__seed3__HR_prcp_DANRA__SIZE_128x128__LR_prcp_ERA5__LOSS_sdfweighted__HEADS_4__TIMESTEPS_56,V0_seed3,V0,3,/Users/au728490/ceddar_runs/models_and_samples/evaluation/V0__seed3__HR_prcp_DANRA__SIZE_128x128__LR_prcp_ERA5__LOSS_sdfweighted__HEADS_4__TIMESTEPS_56/summary/evaluation_summary.json,scale.slope_mid,Mid-scale PSD slope,,hr,scale.hr_slope_mid,-2.731742,-2.731742,0.2986243333333333,-2.390394,-2.4331176666666665,-0.04272366666666666,-0.04272366666666666,0.0731673333333333
C_10__HR_prcp_DANRA__SIZE_128x128__LR_prcp_ERA5__LOSS_sdfweighted__HEADS_4__TIMESTEPS_56,C_10,C_10,1,/Users/au728490/ceddar_runs/models_and_samples/evaluation/C_10__HR_prcp_DANRA__SIZE_128x128__LR_prcp_ERA5__LOSS_sdfweighted__HEADS_4__TIMESTEPS_56/summary/evaluation_summary.json,scale.slope_mid,Mid-scale PSD slope,,hr,scale.hr_slope_mid,-2.731742,-2.731742,0.2986243333333333,-2.397652,-2.4331176666666665,-0.035465666666666895,-0.04272366666666666,0.0731673333333333
C_10__seed2__HR_prcp_DANRA__SIZE_128x128__LR_prcp_ERA5__LOSS_sdfweighted__HEADS_4__TIMESTEPS_56,C_10_seed2,C_10,2,/Users/au728490/ceddar_runs/models_and_samples/evaluation/C_10__seed2__HR_prcp_DANRA__SIZE_128x128__LR_prcp_ERA5__LOSS_sdfweighted__HEADS_4__TIMESTEPS_56/summary/evaluation_summary.json,scale.slope_mid,Mid-scale PSD slope,,hr,scale.hr_slope_mid,-2.731742,-2.731742,0.2986243333333333,-2.325458,-2.4331176666666665,-0.10765966666666699,-0.04272366666666666,0.0731673333333333
V0_C_0__HR_prcp_DANRA__SIZE_128x128__LR_prcp_cape_ERA5__LOSS_sdfweighted__HEADS_4__TIMESTEPS_56,V0_C_0,V0_C_0,1,/Users/au728490/ceddar_runs/models_and_samples/evaluation/V0_C_0__HR_prcp_DANRA__SIZE_128x128__LR_prcp_cape_ERA5__LOSS_sdfweighted__HEADS_4__TIMESTEPS_56/summary/evaluation_summary.json,scale.slope_mid,Mid-scale PSD slope,,hr,scale.hr_slope_mid,-2.731742,-2.731742,0.2986243333333333,-2.451983,-2.4331176666666665,0.018865333333333012,-0.04272366666666666,0.0731673333333333
V0_C_0__seed2__HR_prcp_DANRA__SIZE_128x128__LR_prcp_cape_ERA5__LOSS_sdfweighted__HEADS_4__TIMESTEPS_56,V0_C_0_seed2,V0_C_0,2,/Users/au728490/ceddar_runs/models_and_samples/evaluation/V0_C_0__seed2__HR_prcp_DANRA__SIZE_128x128__LR_prcp_cape_ERA5__LOSS_sdfweighted__HEADS_4__TIMESTEPS_56/summary/evaluation_summary.json,scale.slope_mid,Mid-scale PSD slope,,hr,scale.hr_slope_mid,-2.731742,-2.731742,0.2986243333333333,-2.3074,-2.4331176666666665,-0.1257176666666669,-0.04272366666666666,0.0731673333333333
V0_C_1__HR_prcp_DANRA__SIZE_128x128__LR_prcp_cape_ERA5__LOSS_sdfweighted__HEADS_4__TIMESTEPS_56,V0_C_1,V0_C_1,1,/Users/au728490/ceddar_runs/models_and_samples/evaluation/V0_C_1__HR_prcp_DANRA__SIZE_128x128__LR_prcp_cape_ERA5__LOSS_sdfweighted__HEADS_4__TIMESTEPS_56/summary/evaluation_summary.json,scale.slope_mid,Mid-scale PSD slope,,hr,scale.hr_slope_mid,-2.731742,-2.731742,0.2986243333333333,-2.519633,-2.4331176666666665,0.086515333333333,-0.04272366666666666,0.0731673333333333
V0_C_1__seed2__HR_prcp_DANRA__SIZE_128x128__LR_prcp_cape_ERA5__LOSS_sdfweighted__HEADS_4__TIMESTEPS_56,V0_C_1_seed2,V0_C_1,2,/Users/au728490/ceddar_runs/models_and_samples/evaluation/V0_C_1__seed2__HR_prcp_DANRA__SIZE_128x128__LR_prcp_cape_ERA5__LOSS_sdfweighted__HEADS_4__TIMESTEPS_56/summary/evaluation_summary.json,scale.slope_mid,Mid-scale PSD slope,,hr,scale.hr_slope_mid,-2.731742,-2.731742,0.2986243333333333,-2.249517,-2.4331176666666665,-0.1836006666666668,-0.04272366666666666,0.0731673333333333
V0_I_0__HR_prcp_DANRA__SIZE_128x128__LR_prcp_ewvf_nwvf_ERA5__LOSS_sdfweighted__HEADS_4__TIMESTEPS_56,V0_I_0,V0_I_0,1,/Users/au728490/ceddar_runs/models_and_samples/evaluation/V0_I_0__HR_prcp_DANRA__SIZE_128x128__LR_prcp_ewvf_nwvf_ERA5__LOSS_sdfweighted__HEADS_4__TIMESTEPS_56/summary/evaluation_summary.json,scale.slope_mid,Mid-scale PSD slope,,hr,scale.hr_slope_mid,-2.731742,-2.731742,0.2986243333333333,-2.539683,-2.4331176666666665,0.10656533333333335,-0.04272366666666666,0.0731673333333333
V0_I_0__seed2__HR_prcp_DANRA__SIZE_128x128__LR_prcp_ewvf_nwvf_ERA5__LOSS_sdfweighted__HEADS_4__TIMESTEPS_56,V0_I_0_seed2,V0_I_0,2,/Users/au728490/ceddar_runs/models_and_samples/evaluation/V0_I_0__seed2__HR_prcp_DANRA__SIZE_128x128__LR_prcp_ewvf_nwvf_ERA5__LOSS_sdfweighted__HEADS_4__TIMESTEPS_56/summary/evaluation_summary.json,scale.slope_mid,Mid-scale PSD slope,,hr,scale.hr_slope_mid,-2.731742,-2.731742,0.2986243333333333,-2.42461,-2.4331176666666665,-0.008507666666666858,-0.04272366666666666,0.0731673333333333
V0_I_1__HR_prcp_DANRA__SIZE_128x128__LR_prcp_ewvf_nwvf_ERA5__LOSS_sdfweighted__HEADS_4__TIMESTEPS_56,V0_I_1,V0_I_1,1,/Users/au728490/ceddar_runs/models_and_samples/evaluation/V0_I_1__HR_prcp_DANRA__SIZE_128x128__LR_prcp_ewvf_nwvf_ERA5__LOSS_sdfweighted__HEADS_4__TIMESTEPS_56/summary/evaluation_summary.json,scale.slope_mid,Mid-scale PSD slope,,hr,scale.hr_slope_mid,-2.731742,-2.731742,0.2986243333333333,-2.112303,-2.4331176666666665,-0.32081466666666697,-0.04272366666666666,0.0731673333333333
V0_I_1__seed2__HR_prcp_DANRA__SIZE_128x128__LR_prcp_ewvf_nwvf_ERA5__LOSS_sdfweighted__HEADS_4__TIMESTEPS_56,V0_I_1_seed2,V0_I_1,2,/Users/au728490/ceddar_runs/models_and_samples/evaluation/V0_I_1__seed2__HR_prcp_DANRA__SIZE_128x128__LR_prcp_ewvf_nwvf_ERA5__LOSS_sdfweighted__HEADS_4__TIMESTEPS_56/summary/evaluation_summary.json,scale.slope_mid,Mid-scale PSD slope,,hr,scale.hr_slope_mid,-2.731742,-2.731742,0.2986243333333333,-2.366721,-2.4331176666666665,-0.06639666666666671,-0.04272366666666666,0.0731673333333333
V0_M_0__HR_prcp_DANRA__SIZE_128x128__LR_prcp_msl_ERA5__LOSS_sdfweighted__HEADS_4__TIMESTEPS_56,V0_M_0,V0_M_0,1,/Users/au728490/ceddar_runs/models_and_samples/evaluation/V0_M_0__HR_prcp_DANRA__SIZE_128x128__LR_prcp_msl_ERA5__LOSS_sdfweighted__HEADS_4__TIMESTEPS_56/summary/evaluation_summary.json,scale.slope_mid,Mid-scale PSD slope,,hr,scale.hr_slope_mid,-2.731742,-2.731742,0.2986243333333333,-2.315432,-2.4331176666666665,-0.11768566666666685,-0.04272366666666666,0.0731673333333333
V0_M_0__seed2__HR_prcp_DANRA__SIZE_128x128__LR_prcp_msl_ERA5__LOSS_sdfweighted__HEADS_4__TIMESTEPS_56,V0_M_0_seed2,V0_M_0,2,/Users/au728490/ceddar_runs/models_and_samples/evaluation/V0_M_0__seed2__HR_prcp_DANRA__SIZE_128x128__LR_prcp_msl_ERA5__LOSS_sdfweighted__HEADS_4__TIMESTEPS_56/summary/evaluation_summary.json,scale.slope_mid,Mid-scale PSD slope,,hr,scale.hr_slope_mid,-2.731742,-2.731742,0.2986243333333333,-2.549379,-2.4331176666666665,0.11626133333333327,-0.04272366666666666,0.0731673333333333
V0_M_1__HR_prcp_DANRA__SIZE_128x128__LR_prcp_msl_ERA5__LOSS_sdfweighted__HEADS_4__TIMESTEPS_56,V0_M_1,V0_M_1,1,/Users/au728490/ceddar_runs/models_and_samples/evaluation/V0_M_1__HR_prcp_DANRA__SIZE_128x128__LR_prcp_msl_ERA5__LOSS_sdfweighted__HEADS_4__TIMESTEPS_56/summary/evaluation_summary.json,scale.slope_mid,Mid-scale PSD slope,,hr,scale.hr_slope_mid,-2.731742,-2.731742,0.2986243333333333,-2.37498,-2.4331176666666665,-0.05813766666666692,-0.04272366666666666,0.0731673333333333
V0_M_1__seed2__HR_prcp_DANRA__SIZE_128x128__LR_prcp_msl_ERA5__LOSS_sdfweighted__HEADS_4__TIMESTEPS_56,V0_M_1_seed2,V0_M_1,2,/Users/au728490/ceddar_runs/models_and_samples/evaluation/V0_M_1__seed2__HR_prcp_DANRA__SIZE_128x128__LR_prcp_msl_ERA5__LOSS_sdfweighted__HEADS_4__TIMESTEPS_56/summary/evaluation_summary.json,scale.slope_mid,Mid-scale PSD slope,,hr,scale.hr_slope_mid,-2.731742,-2.731742,0.2986243333333333,-2.36946,-2.4331176666666665,-0.06365766666666667,-0.04272366666666666,0.0731673333333333
V0_T_0__HR_prcp_DANRA__SIZE_128x128__LR_prcp_thetae_pl_850_ERA5__LOSS_sdfweighted__HEADS_4__TIMESTEPS_56,V0_T_0,V0_T_0,1,/Users/au728490/ceddar_runs/models_and_samples/evaluation/V0_T_0__HR_prcp_DANRA__SIZE_128x128__LR_prcp_thetae_pl_850_ERA5__LOSS_sdfweighted__HEADS_4__TIMESTEPS_56/summary/evaluation_summary.json,scale.slope_mid,Mid-scale PSD slope,,hr,scale.hr_slope_mid,-2.731742,-2.731742,0.2986243333333333,-2.498908,-2.4331176666666665,0.06579033333333334,-0.04272366666666666,0.0731673333333333
V0_T_0__seed2__HR_prcp_DANRA__SIZE_128x128__LR_prcp_thetae_pl_850_ERA5__LOSS_sdfweighted__HEADS_4__TIMESTEPS_56,V0_T_0_seed2,V0_T_0,2,/Users/au728490/ceddar_runs/models_and_samples/evaluation/V0_T_0__seed2__HR_prcp_DANRA__SIZE_128x128__LR_prcp_thetae_pl_850_ERA5__LOSS_sdfweighted__HEADS_4__TIMESTEPS_56/summary/evaluation_summary.json,scale.slope_mid,Mid-scale PSD slope,,hr,scale.hr_slope_mid,-2.731742,-2.731742,0.2986243333333333,-2.331409,-2.4331176666666665,-0.10170866666666695,-0.04272366666666666,0.0731673333333333
V0_T_1__HR_prcp_DANRA__SIZE_128x128__LR_prcp_thetae_pl_850_ERA5__LOSS_sdfweighted__HEADS_4__TIMESTEPS_56,V0_T_1,V0_T_1,1,/Users/au728490/ceddar_runs/models_and_samples/evaluation/V0_T_1__HR_prcp_DANRA__SIZE_128x128__LR_prcp_thetae_pl_850_ERA5__LOSS_sdfweighted__HEADS_4__TIMESTEPS_56/summary/evaluation_summary.json,scale.slope_mid,Mid-scale PSD slope,,hr,scale.hr_slope_mid,-2.731742,-2.731742,0.2986243333333333,-2.423153,-2.4331176666666665,-0.009964666666666677,-0.04272366666666666,0.0731673333333333
V0_T_1__seed2__HR_prcp_DANRA__SIZE_128x128__LR_prcp_thetae_pl_850_ERA5__LOSS_sdfweighted__HEADS_4__TIMESTEPS_56,V0_T_1_seed2,V0_T_1,2,/Users/au728490/ceddar_runs/models_and_samples/evaluation/V0_T_1__seed2__HR_prcp_DANRA__SIZE_128x128__LR_prcp_thetae_pl_850_ERA5__LOSS_sdfweighted__HEADS_4__TIMESTEPS_56/summary/evaluation_summary.json,scale.slope_mid,Mid-scale PSD slope,,hr,scale.hr_slope_mid,-2.731742,-2.731742,0.2986243333333333,-2.479673,-2.4331176666666665,0.046555333333333226,-0.04272366666666666,0.0731673333333333
V0_Z_0__HR_prcp_DANRA__SIZE_128x128__LR_prcp_z_pl_500_ERA5__LOSS_sdfweighted__HEADS_4__TIMESTEPS_56,V0_Z_0,V0_Z_0,1,/Users/au728490/ceddar_runs/models_and_samples/evaluation/V0_Z_0__HR_prcp_DANRA__SIZE_128x128__LR_prcp_z_pl_500_ERA5__LOSS_sdfweighted__HEADS_4__TIMESTEPS_56/summary/evaluation_summary.json,scale.slope_mid,Mid-scale PSD slope,,hr,scale.hr_slope_mid,-2.731742,-2.731742,0.2986243333333333,-2.388122,-2.4331176666666665,-0.04499566666666671,-0.04272366666666666,0.0731673333333333
V0_Z_0__seed2__HR_prcp_DANRA__SIZE_128x128__LR_prcp_z_pl_500_ERA5__LOSS_sdfweighted__HEADS_4__TIMESTEPS_56,V0_Z_0_seed2,V0_Z_0,2,/Users/au728490/ceddar_runs/models_and_samples/evaluation/V0_Z_0__seed2__HR_prcp_DANRA__SIZE_128x128__LR_prcp_z_pl_500_ERA5__LOSS_sdfweighted__HEADS_4__TIMESTEPS_56/summary/evaluation_summary.json,scale.slope_mid,Mid-scale PSD slope,,hr,scale.hr_slope_mid,-2.731742,-2.731742,0.2986243333333333,-2.419855,-2.4331176666666665,-0.0132626666666667,-0.04272366666666666,0.0731673333333333
V0_Z_1__HR_prcp_DANRA__SIZE_128x128__LR_prcp_z_pl_500_ERA5__LOSS_sdfweighted__HEADS_4__TIMESTEPS_56,V0_Z_1,V0_Z_1,1,/Users/au728490/ceddar_runs/models_and_samples/evaluation/V0_Z_1__HR_prcp_DANRA__SIZE_128x128__LR_prcp_z_pl_500_ERA5__LOSS_sdfweighted__HEADS_4__TIMESTEPS_56/summary/evaluation_summary.json,scale.slope_mid,Mid-scale PSD slope,,hr,scale.hr_slope_mid,-2.731742,-2.731742,0.2986243333333333,-2.391574,-2.4331176666666665,-0.04154366666666692,-0.04272366666666666,0.0731673333333333
V0_Z_1__seed2__HR_prcp_DANRA__SIZE_128x128__LR_prcp_z_pl_500_ERA5__LOSS_sdfweighted__HEADS_4__TIMESTEPS_56,V0_Z_1_seed2,V0_Z_1,2,/Users/au728490/ceddar_runs/models_and_samples/evaluation/V0_Z_1__seed2__HR_prcp_DANRA__SIZE_128x128__LR_prcp_z_pl_500_ERA5__LOSS_sdfweighted__HEADS_4__TIMESTEPS_56/summary/evaluation_summary.json,scale.slope_mid,Mid-scale PSD slope,,hr,scale.hr_slope_mid,-2.731742,-2.731742,0.2986243333333333,-2.35889,-2.4331176666666665,-0.07422766666666664,-0.04272366666666666,0.0731673333333333
D_IP_1__HR_prcp_DANRA__SIZE_128x128__LR_prcp_ewvf_nwvf_ERA5__LOSS_sdfweighted__HEADS_4__TIMESTEPS_56,D_IP_1,D_IP_1,1,/Users/au728490/ceddar_runs/models_and_samples/evaluation/D_IP_1__HR_prcp_DANRA__SIZE_128x128__LR_prcp_ewvf_nwvf_ERA5__LOSS_sdfweighted__HEADS_4__TIMESTEPS_56/summary/evaluation_summary.json,scale.slope_mid,Mid-scale PSD slope,,hr,scale.hr_slope_mid,-2.731742,-2.731742,0.2986243333333333,-2.297294,-2.4331176666666665,-0.13582366666666684,-0.04272366666666666,0.0731673333333333
D_IP_1__seed2__HR_prcp_DANRA__SIZE_128x128__LR_prcp_ewvf_nwvf_ERA5__LOSS_sdfweighted__HEADS_4__TIMESTEPS_56,D_IP_1_seed2,D_IP_1,2,/Users/au728490/ceddar_runs/models_and_samples/evaluation/D_IP_1__seed2__HR_prcp_DANRA__SIZE_128x128__LR_prcp_ewvf_nwvf_ERA5__LOSS_sdfweighted__HEADS_4__TIMESTEPS_56/summary/evaluation_summary.json,scale.slope_mid,Mid-scale PSD slope,,hr,scale.hr_slope_mid,-2.731742,-2.731742,0.2986243333333333,-2.280266,-2.4331176666666665,-0.15285166666666666,-0.04272366666666666,0.0731673333333333
D_MZP_1__HR_prcp_DANRA__SIZE_128x128__LR_prcp_msl_z_pl_500_ERA5__LOSS_sdfweighted__HEADS_4__TIMESTEPS_56,D_MZP_1,D_MZP_1,1,/Users/au728490/ceddar_runs/models_and_samples/evaluation/D_MZP_1__HR_prcp_DANRA__SIZE_128x128__LR_prcp_msl_z_pl_500_ERA5__LOSS_sdfweighted__HEADS_4__TIMESTEPS_56/summary/evaluation_summary.json,scale.slope_mid,Mid-scale PSD slope,,hr,scale.hr_slope_mid,-2.731742,-2.731742,0.2986243333333333,-2.32401,-2.4331176666666665,-0.10910766666666688,-0.04272366666666666,0.0731673333333333
D_MZP_1__seed2__HR_prcp_DANRA__SIZE_128x128__LR_prcp_msl_z_pl_500_ERA5__LOSS_sdfweighted__HEADS_4__TIMESTEPS_56,D_MZP_1_seed2,D_MZP_1,2,/Users/au728490/ceddar_runs/models_and_samples/evaluation/D_MZP_1__seed2__HR_prcp_DANRA__SIZE_128x128__LR_prcp_msl_z_pl_500_ERA5__LOSS_sdfweighted__HEADS_4__TIMESTEPS_56/summary/evaluation_summary.json,scale.slope_mid,Mid-scale PSD slope,,hr,scale.hr_slope_mid,-2.731742,-2.731742,0.2986243333333333,-2.399948,-2.4331176666666665,-0.0331696666666666,-0.04272366666666666,0.0731673333333333
D_MTP_0__HR_prcp_DANRA__SIZE_128x128__LR_prcp_msl_thetae_pl_850_ERA5__LOSS_sdfweighted__HEADS_4__TIMESTEPS_56,D_MTP_0,D_MTP_0,1,/Users/au728490/ceddar_runs/models_and_samples/evaluation/D_MTP_0__HR_prcp_DANRA__SIZE_128x128__LR_prcp_msl_thetae_pl_850_ERA5__LOSS_sdfweighted__HEADS_4__TIMESTEPS_56/summary/evaluation_summary.json,scale.slope_mid,Mid-scale PSD slope,,hr,scale.hr_slope_mid,-2.731742,-2.731742,0.2986243333333333,-2.352027,-2.4331176666666665,-0.0810906666666667,-0.04272366666666666,0.0731673333333333
D_MTP_0__seed2__HR_prcp_DANRA__SIZE_128x128__LR_prcp_msl_thetae_pl_850_ERA5__LOSS_sdfweighted__HEADS_4__TIMESTEPS_56,D_MTP_0_seed2,D_MTP_0,2,/Users/au728490/ceddar_runs/models_and_samples/evaluation/D_MTP_0__seed2__HR_prcp_DANRA__SIZE_128x128__LR_prcp_msl_thetae_pl_850_ERA5__LOSS_sdfweighted__HEADS_4__TIMESTEPS_56/summary/evaluation_summary.json,scale.slope_mid,Mid-scale PSD slope,,hr,scale.hr_slope_mid,-2.731742,-2.731742,0.2986243333333333,-2.392418,-2.4331176666666665,-0.040699666666666634,-0.04272366666666666,0.0731673333333333
D_MTP_1__HR_prcp_DANRA__SIZE_128x128__LR_prcp_msl_thetae_pl_850_ERA5__LOSS_sdfweighted__HEADS_4__TIMESTEPS_56,D_MTP_1,D_MTP_1,1,/Users/au728490/ceddar_runs/models_and_samples/evaluation/D_MTP_1__HR_prcp_DANRA__SIZE_128x128__LR_prcp_msl_thetae_pl_850_ERA5__LOSS_sdfweighted__HEADS_4__TIMESTEPS_56/summary/evaluation_summary.json,scale.slope_mid,Mid-scale PSD slope,,hr,scale.hr_slope_mid,-2.731742,-2.731742,0.2986243333333333,-2.302775,-2.4331176666666665,-0.13034266666666677,-0.04272366666666666,0.0731673333333333
D_MTP_1__seed2__HR_prcp_DANRA__SIZE_128x128__LR_prcp_msl_thetae_pl_850_ERA5__LOSS_sdfweighted__HEADS_4__TIMESTEPS_56,D_MTP_1_seed2,D_MTP_1,2,/Users/au728490/ceddar_runs/models_and_samples/evaluation/D_MTP_1__seed2__HR_prcp_DANRA__SIZE_128x128__LR_prcp_msl_thetae_pl_850_ERA5__LOSS_sdfweighted__HEADS_4__TIMESTEPS_56/summary/evaluation_summary.json,scale.slope_mid,Mid-scale PSD slope,,hr,scale.hr_slope_mid,-2.731742,-2.731742,0.2986243333333333,-2.388703,-2.4331176666666665,-0.04441466666666677,-0.04272366666666666,0.0731673333333333
D_MTCP_1__HR_prcp_DANRA__SIZE_128x128__LR_prcp_msl_thetae_pl_850_cape_ERA5__LOSS_sdfweighted__HEADS_4__TIMESTEPS_56,D_MTCP_1,D_MTCP_1,1,/Users/au728490/ceddar_runs/models_and_samples/evaluation/D_MTCP_1__HR_prcp_DANRA__SIZE_128x128__LR_prcp_msl_thetae_pl_850_cape_ERA5__LOSS_sdfweighted__HEADS_4__TIMESTEPS_56/summary/evaluation_summary.json,scale.slope_mid,Mid-scale PSD slope,,hr,scale.hr_slope_mid,-2.731742,-2.731742,0.2986243333333333,-2.422998,-2.4331176666666665,-0.010119666666666582,-0.04272366666666666,0.0731673333333333
D_MTCP_1__seed2__HR_prcp_DANRA__SIZE_128x128__LR_prcp_msl_thetae_pl_850_cape_ERA5__LOSS_sdfweighted__HEADS_4__TIMESTEPS_56,D_MTCP_1_seed2,D_MTCP_1,2,/Users/au728490/ceddar_runs/models_and_samples/evaluation/D_MTCP_1__seed2__HR_prcp_DANRA__SIZE_128x128__LR_prcp_msl_thetae_pl_850_cape_ERA5__LOSS_sdfweighted__HEADS_4__TIMESTEPS_56/summary/evaluation_summary.json,scale.slope_mid,Mid-scale PSD slope,,hr,scale.hr_slope_mid,-2.731742,-2.731742,0.2986243333333333,-2.419159,-2.4331176666666665,-0.01395866666666673,-0.04272366666666666,0.0731673333333333
D_MZIP_1__HR_prcp_DANRA__SIZE_128x128__LR_prcp_msl_z_pl_500_ewvf_nwvf_ERA5__LOSS_sdfweighted__HEADS_4__TIMESTEPS_56,D_MZIP_1,D_MZIP_1,1,/Users/au728490/ceddar_runs/models_and_samples/evaluation/D_MZIP_1__HR_prcp_DANRA__SIZE_128x128__LR_prcp_msl_z_pl_500_ewvf_nwvf_ERA5__LOSS_sdfweighted__HEADS_4__TIMESTEPS_56/summary/evaluation_summary.json,scale.slope_mid,Mid-scale PSD slope,,hr,scale.hr_slope_mid,-2.731742,-2.731742,0.2986243333333333,-2.499628,-2.4331176666666665,0.06651033333333317,-0.04272366666666666,0.0731673333333333
D_MZIP_1__seed2__HR_prcp_DANRA__SIZE_128x128__LR_prcp_msl_z_pl_500_ewvf_nwvf_ERA5__LOSS_sdfweighted__HEADS_4__TIMESTEPS_56,D_MZIP_1_seed2,D_MZIP_1,2,/Users/au728490/ceddar_runs/models_and_samples/evaluation/D_MZIP_1__seed2__HR_prcp_DANRA__SIZE_128x128__LR_prcp_msl_z_pl_500_ewvf_nwvf_ERA5__LOSS_sdfweighted__HEADS_4__TIMESTEPS_56/summary/evaluation_summary.json,scale.slope_mid,Mid-scale PSD slope,,hr,scale.hr_slope_mid,-2.731742,-2.731742,0.2986243333333333,-2.505777,-2.4331176666666665,0.07265933333333335,-0.04272366666666666,0.0731673333333333
D_MT_1__HR_prcp_DANRA__SIZE_128x128__LR_msl_thetae_pl_850_ERA5__LOSS_sdfweighted__HEADS_4__TIMESTEPS_56,D_MT_1,D_MT_1,1,/Users/au728490/ceddar_runs/models_and_samples/evaluation/D_MT_1__HR_prcp_DANRA__SIZE_128x128__LR_msl_thetae_pl_850_ERA5__LOSS_sdfweighted__HEADS_4__TIMESTEPS_56/summary/evaluation_summary.json,scale.slope_mid,Mid-scale PSD slope,,hr,scale.hr_slope_mid,-2.731742,-2.731742,0.2986243333333333,-2.459229,-2.4331176666666665,0.02611133333333332,-0.04272366666666666,0.0731673333333333
D_MT_1__seed2__HR_prcp_DANRA__SIZE_128x128__LR_msl_thetae_pl_850_ERA5__LOSS_sdfweighted__HEADS_4__TIMESTEPS_56,D_MT_1_seed2,D_MT_1,2,/Users/au728490/ceddar_runs/models_and_samples/evaluation/D_MT_1__seed2__HR_prcp_DANRA__SIZE_128x128__LR_msl_thetae_pl_850_ERA5__LOSS_sdfweighted__HEADS_4__TIMESTEPS_56/summary/evaluation_summary.json,scale.slope_mid,Mid-scale PSD slope,,hr,scale.hr_slope_mid,-2.731742,-2.731742,0.2986243333333333,-2.312534,-2.4331176666666665,-0.12058366666666692,-0.04272366666666666,0.0731673333333333
D_MTC_1__HR_prcp_DANRA__SIZE_128x128__LR_msl_thetae_pl_850_cape_ERA5__LOSS_sdfweighted__HEADS_4__TIMESTEPS_56,D_MTC_1,D_MTC_1,1,/Users/au728490/ceddar_runs/models_and_samples/evaluation/D_MTC_1__HR_prcp_DANRA__SIZE_128x128__LR_msl_thetae_pl_850_cape_ERA5__LOSS_sdfweighted__HEADS_4__TIMESTEPS_56/summary/evaluation_summary.json,scale.slope_mid,Mid-scale PSD slope,,hr,scale.hr_slope_mid,-2.731742,-2.731742,0.2986243333333333,-2.192445,-2.4331176666666665,-0.2406726666666666,-0.04272366666666666,0.0731673333333333
D_MTC_1__seed2__HR_prcp_DANRA__SIZE_128x128__LR_msl_thetae_pl_850_cape_ERA5__LOSS_sdfweighted__HEADS_4__TIMESTEPS_56,D_MTC_1_seed2,D_MTC_1,2,/Users/au728490/ceddar_runs/models_and_samples/evaluation/D_MTC_1__seed2__HR_prcp_DANRA__SIZE_128x128__LR_msl_thetae_pl_850_cape_ERA5__LOSS_sdfweighted__HEADS_4__TIMESTEPS_56/summary/evaluation_summary.json,scale.slope_mid,Mid-scale PSD slope,,hr,scale.hr_slope_mid,-2.731742,-2.731742,0.2986243333333333,-2.482662,-2.4331176666666665,0.049544333333333135,-0.04272366666666666,0.0731673333333333
V0__HR_prcp_DANRA__SIZE_128x128__LR_prcp_ERA5__LOSS_sdfweighted__HEADS_4__TIMESTEPS_56,V0,V0,1,/Users/au728490/ceddar_runs/models_and_samples/evaluation/V0__HR_prcp_DANRA__SIZE_128x128__LR_prcp_ERA5__LOSS_sdfweighted__HEADS_4__TIMESTEPS_56/summary/evaluation_summary.json,extremes.p99_9,99.9th percentile,mm day$^{-1}$,hr,extremes.hr_p99_9,38.820392,38.820392,5.462977333333332,32.818795,33.35741466666666,-0.5386196666666647,-0.8944186666666694,1.4330383333333332
V0__seed2__HR_prcp_DANRA__SIZE_128x128__LR_prcp_ERA5__LOSS_sdfweighted__HEADS_4__TIMESTEPS_56,V0_seed2,V0,2,/Users/au728490/ceddar_runs/models_and_samples/evaluation/V0__seed2__HR_prcp_DANRA__SIZE_128x128__LR_prcp_ERA5__LOSS_sdfweighted__HEADS_4__TIMESTEPS_56/summary/evaluation_summary.json,extremes.p99_9,99.9th percentile,mm day$^{-1}$,hr,extremes.hr_p99_9,38.820392,38.820392,5.462977333333332,32.462996,33.35741466666666,-0.8944186666666694,-0.8944186666666694,1.4330383333333332
V0__seed3__HR_prcp_DANRA__SIZE_128x128__LR_prcp_ERA5__LOSS_sdfweighted__HEADS_4__TIMESTEPS_56,V0_seed3,V0,3,/Users/au728490/ceddar_runs/models_and_samples/evaluation/V0__seed3__HR_prcp_DANRA__SIZE_128x128__LR_prcp_ERA5__LOSS_sdfweighted__HEADS_4__TIMESTEPS_56/summary/evaluation_summary.json,extremes.p99_9,99.9th percentile,mm day$^{-1}$,hr,extremes.hr_p99_9,38.820392,38.820392,5.462977333333332,34.790453,33.35741466666666,1.4330383333333332,-0.8944186666666694,1.4330383333333332
C_10__HR_prcp_DANRA__SIZE_128x128__LR_prcp_ERA5__LOSS_sdfweighted__HEADS_4__TIMESTEPS_56,C_10,C_10,1,/Users/au728490/ceddar_runs/models_and_samples/evaluation/C_10__HR_prcp_DANRA__SIZE_128x128__LR_prcp_ERA5__LOSS_sdfweighted__HEADS_4__TIMESTEPS_56/summary/evaluation_summary.json,extremes.p99_9,99.9th percentile,mm day$^{-1}$,hr,extremes.hr_p99_9,38.820392,38.820392,5.462977333333332,36.632552,33.35741466666666,3.2751373333333307,-0.8944186666666694,1.4330383333333332
C_10__seed2__HR_prcp_DANRA__SIZE_128x128__LR_prcp_ERA5__LOSS_sdfweighted__HEADS_4__TIMESTEPS_56,C_10_seed2,C_10,2,/Users/au728490/ceddar_runs/models_and_samples/evaluation/C_10__seed2__HR_prcp_DANRA__SIZE_128x128__LR_prcp_ERA5__LOSS_sdfweighted__HEADS_4__TIMESTEPS_56/summary/evaluation_summary.json,extremes.p99_9,99.9th percentile,mm day$^{-1}$,hr,extremes.hr_p99_9,38.820392,38.820392,5.462977333333332,33.642471,33.35741466666666,0.28505633333333424,-0.8944186666666694,1.4330383333333332
V0_C_0__HR_prcp_DANRA__SIZE_128x128__LR_prcp_cape_ERA5__LOSS_sdfweighted__HEADS_4__TIMESTEPS_56,V0_C_0,V0_C_0,1,/Users/au728490/ceddar_runs/models_and_samples/evaluation/V0_C_0__HR_prcp_DANRA__SIZE_128x128__LR_prcp_cape_ERA5__LOSS_sdfweighted__HEADS_4__TIMESTEPS_56/summary/evaluation_summary.json,extremes.p99_9,99.9th percentile,mm day$^{-1}$,hr,extremes.hr_p99_9,38.820392,38.820392,5.462977333333332,30.448079,33.35741466666666,-2.9093356666666663,-0.8944186666666694,1.4330383333333332
V0_C_0__seed2__HR_prcp_DANRA__SIZE_128x128__LR_prcp_cape_ERA5__LOSS_sdfweighted__HEADS_4__TIMESTEPS_56,V0_C_0_seed2,V0_C_0,2,/Users/au728490/ceddar_runs/models_and_samples/evaluation/V0_C_0__seed2__HR_prcp_DANRA__SIZE_128x128__LR_prcp_cape_ERA5__LOSS_sdfweighted__HEADS_4__TIMESTEPS_56/summary/evaluation_summary.json,extremes.p99_9,99.9th percentile,mm day$^{-1}$,hr,extremes.hr_p99_9,38.820392,38.820392,5.462977333333332,35.855295,33.35741466666666,2.497880333333332,-0.8944186666666694,1.4330383333333332
V0_C_1__HR_prcp_DANRA__SIZE_128x128__LR_prcp_cape_ERA5__LOSS_sdfweighted__HEADS_4__TIMESTEPS_56,V0_C_1,V0_C_1,1,/Users/au728490/ceddar_runs/models_and_samples/evaluation/V0_C_1__HR_prcp_DANRA__SIZE_128x128__LR_prcp_cape_ERA5__LOSS_sdfweighted__HEADS_4__TIMESTEPS_56/summary/evaluation_summary.json,extremes.p99_9,99.9th percentile,mm day$^{-1}$,hr,extremes.hr_p99_9,38.820392,38.820392,5.462977333333332,31.979129,33.35741466666666,-1.3782856666666659,-0.8944186666666694,1.4330383333333332
V0_C_1__seed2__HR_prcp_DANRA__SIZE_128x128__LR_prcp_cape_ERA5__LOSS_sdfweighted__HEADS_4__TIMESTEPS_56,V0_C_1_seed2,V0_C_1,2,/Users/au728490/ceddar_runs/models_and_samples/evaluation/V0_C_1__seed2__HR_prcp_DANRA__SIZE_128x128__LR_prcp_cape_ERA5__LOSS_sdfweighted__HEADS_4__TIMESTEPS_56/summary/evaluation_summary.json,extremes.p99_9,99.9th percentile,mm day$^{-1}$,hr,extremes.hr_p99_9,38.820392,38.820392,5.462977333333332,40.13751,33.35741466666666,4.145859333333331,-0.8944186666666694,1.4330383333333332
V0_I_0__HR_prcp_DANRA__SIZE_128x128__LR_prcp_ewvf_nwvf_ERA5__LOSS_sdfweighted__HEADS_4__TIMESTEPS_56,V0_I_0,V0_I_0,1,/Users/au728490/ceddar_runs/models_and_samples/evaluation/V0_I_0__HR_prcp_DANRA__SIZE_128x128__LR_prcp_ewvf_nwvf_ERA5__LOSS_sdfweighted__HEADS_4__TIMESTEPS_56/summary/evaluation_summary.json,extremes.p99_9,99.9th percentile,mm day$^{-1}$,hr,extremes.hr_p99_9,38.820392,38.820392,5.462977333333332,30.889881,33.35741466666666,-2.467533666666667,-0.8944186666666694,1.4330383333333332
V0_I_0__seed2__HR_prcp_DANRA__SIZE_128x128__LR_prcp_ewvf_nwvf_ERA5__LOSS_sdfweighted__HEADS_4__TIMESTEPS_56,V0_I_0_seed2,V0_I_0,2,/Users/au728490/ceddar_runs/models_and_samples/evaluation/V0_I_0__seed2__HR_prcp_DANRA__SIZE_128x128__LR_prcp_ewvf_nwvf_ERA5__LOSS_sdfweighted__HEADS_4__TIMESTEPS_56/summary/evaluation_summary.json,extremes.p99_9,99.9th percentile,mm day$^{-1}$,hr,extremes.hr_p99_9,38.820392,38.820392,5.462977333333332,31.093652,33.35741466666666,-2.2637626666666675,-0.8944186666666694,1.4330383333333332
V0_I_1__HR_prcp_DANRA__SIZE_128x128__LR_prcp_ewvf_nwvf_ERA5__LOSS_sdfweighted__HEADS_4__TIMESTEPS_56,V0_I_1,V0_I_1,1,/Users/au728490/ceddar_runs/models_and_samples/evaluation/V0_I_1__HR_prcp_DANRA__SIZE_128x128__LR_prcp_ewvf_nwvf_ERA5__LOSS_sdfweighted__HEADS_4__TIMESTEPS_56/summary/evaluation_summary.json,extremes.p99_9,99.9th percentile,mm day$^{-1}$,hr,extremes.hr_p99_9,38.820392,38.820392,5.462977333333332,40.028364,33.35741466666666,4.255005333333327,-0.8944186666666694,1.4330383333333332
V0_I_1__seed2__HR_prcp_DANRA__SIZE_128x128__LR_prcp_ewvf_nwvf_ERA5__LOSS_sdfweighted__HEADS_4__TIMESTEPS_56,V0_I_1_seed2,V0_I_1,2,/Users/au728490/ceddar_runs/models_and_samples/evaluation/V0_I_1__seed2__HR_prcp_DANRA__SIZE_128x128__LR_prcp_ewvf_nwvf_ERA5__LOSS_sdfweighted__HEADS_4__TIMESTEPS_56/summary/evaluation_summary.json,extremes.p99_9,99.9th percentile,mm day$^{-1}$,hr,extremes.hr_p99_9,38.820392,38.820392,5.462977333333332,35.23166,33.35741466666666,1.8742453333333318,-0.8944186666666694,1.4330383333333332
V0_M_0__HR_prcp_DANRA__SIZE_128x128__LR_prcp_msl_ERA5__LOSS_sdfweighted__HEADS_4__TIMESTEPS_56,V0_M_0,V0_M_0,1,/Users/au728490/ceddar_runs/models_and_samples/evaluation/V0_M_0__HR_prcp_DANRA__SIZE_128x128__LR_prcp_msl_ERA5__LOSS_sdfweighted__HEADS_4__TIMESTEPS_56/summary/evaluation_summary.json,extremes.p99_9,99.9th percentile,mm day$^{-1}$,hr,extremes.hr_p99_9,38.820392,38.820392,5.462977333333332,36.298675,33.35741466666666,2.9412603333333367,-0.8944186666666694,1.4330383333333332
V0_M_0__seed2__HR_prcp_DANRA__SIZE_128x128__LR_prcp_msl_ERA5__LOSS_sdfweighted__HEADS_4__TIMESTEPS_56,V0_M_0_seed2,V0_M_0,2,/Users/au728490/ceddar_runs/models_and_samples/evaluation/V0_M_0__seed2__HR_prcp_DANRA__SIZE_128x128__LR_prcp_msl_ERA5__LOSS_sdfweighted__HEADS_4__TIMESTEPS_56/summary/evaluation_summary.json,extremes.p99_9,99.9th percentile,mm day$^{-1}$,hr,extremes.hr_p99_9,38.820392,38.820392,5.462977333333332,33.332467,33.35741466666666,-0.024947666666665036,-0.8944186666666694,1.4330383333333332
V0_M_1__HR_prcp_DANRA__SIZE_128x128__LR_prcp_msl_ERA5__LOSS_sdfweighted__HEADS_4__TIMESTEPS_56,V0_M_1,V0_M_1,1,/Users/au728490/ceddar_runs/models_and_samples/evaluation/V0_M_1__HR_prcp_DANRA__SIZE_128x128__LR_prcp_msl_ERA5__LOSS_sdfweighted__HEADS_4__TIMESTEPS_56/summary/evaluation_summary.json,extremes.p99_9,99.9th percentile,mm day$^{-1}$,hr,extremes.hr_p99_9,38.820392,38.820392,5.462977333333332,35.694104,33.35741466666666,2.3366893333333367,-0.8944186666666694,1.4330383333333332
V0_M_1__seed2__HR_prcp_DANRA__SIZE_128x128__LR_prcp_msl_ERA5__LOSS_sdfweighted__HEADS_4__TIMESTEPS_56,V0_M_1_seed2,V0_M_1,2,/Users/au728490/ceddar_runs/models_and_samples/evaluation/V0_M_1__seed2__HR_prcp_DANRA__SIZE_128x128__LR_prcp_msl_ERA5__LOSS_sdfweighted__HEADS_4__TIMESTEPS_56/summary/evaluation_summary.json,extremes.p99_9,99.9th percentile,mm day$^{-1}$,hr,extremes.hr_p99_9,38.820392,38.820392,5.462977333333332,37.61021,33.35741466666666,4.252795333333336,-0.8944186666666694,1.4330383333333332
V0_T_0__HR_prcp_DANRA__SIZE_128x128__LR_prcp_thetae_pl_850_ERA5__LOSS_sdfweighted__HEADS_4__TIMESTEPS_56,V0_T_0,V0_T_0,1,/Users/au728490/ceddar_runs/models_and_samples/evaluation/V0_T_0__HR_prcp_DANRA__SIZE_128x128__LR_prcp_thetae_pl_850_ERA5__LOSS_sdfweighted__HEADS_4__TIMESTEPS_56/summary/evaluation_summary.json,extremes.p99_9,99.9th percentile,mm day$^{-1}$,hr,extremes.hr_p99_9,38.820392,38.820392,5.462977333333332,33.946271,33.35741466666666,0.5888563333333368,-0.8944186666666694,1.4330383333333332
V0_T_0__seed2__HR_prcp_DANRA__SIZE_128x128__LR_prcp_thetae_pl_850_ERA5__LOSS_sdfweighted__HEADS_4__TIMESTEPS_56,V0_T_0_seed2,V0_T_0,2,/Users/au728490/ceddar_runs/models_and_samples/evaluation/V0_T_0__seed2__HR_prcp_DANRA__SIZE_128x128__LR_prcp_thetae_pl_850_ERA5__LOSS_sdfweighted__HEADS_4__TIMESTEPS_56/summary/evaluation_summary.json,extremes.p99_9,99.9th percentile,mm day$^{-1}$,hr,extremes.hr_p99_9,38.820392,38.820392,5.462977333333332,37.728901,33.35741466666666,4.371486333333334,-0.8944186666666694,1.4330383333333332
V0_T_1__HR_prcp_DANRA__SIZE_128x128__LR_prcp_thetae_pl_850_ERA5__LOSS_sdfweighted__HEADS_4__TIMESTEPS_56,V0_T_1,V0_T_1,1,/Users/au728490/ceddar_runs/models_and_samples/evaluation/V0_T_1__HR_prcp_DANRA__SIZE_128x128__LR_prcp_thetae_pl_850_ERA5__LOSS_sdfweighted__HEADS_4__TIMESTEPS_56/summary/evaluation_summary.json,extremes.p99_9,99.9th percentile,mm day$^{-1}$,hr,extremes.hr_p99_9,38.820392,38.820392,5.462977333333332,37.782462,33.35741466666666,4.425047333333336,-0.8944186666666694,1.4330383333333332
V0_T_1__seed2__HR_prcp_DANRA__SIZE_128x128__LR_prcp_thetae_pl_850_ERA5__LOSS_sdfweighted__HEADS_4__TIMESTEPS_56,V0_T_1_seed2,V0_T_1,2,/Users/au728490/ceddar_runs/models_and_samples/evaluation/V0_T_1__seed2__HR_prcp_DANRA__SIZE_128x128__LR_prcp_thetae_pl_850_ERA5__LOSS_sdfweighted__HEADS_4__TIMESTEPS_56/summary/evaluation_summary.json,extremes.p99_9,99.9th percentile,mm day$^{-1}$,hr,extremes.hr_p99_9,38.820392,38.820392,5.462977333333332,30.446239,33.35741466666666,-2.9111756666666677,-0.8944186666666694,1.4330383333333332
V0_Z_0__HR_prcp_DANRA__SIZE_128x128__LR_prcp_z_pl_500_ERA5__LOSS_sdfweighted__HEADS_4__TIMESTEPS_56,V0_Z_0,V0_Z_0,1,/Users/au728490/ceddar_runs/models_and_samples/evaluation/V0_Z_0__HR_prcp_DANRA__SIZE_128x128__LR_prcp_z_pl_500_ERA5__LOSS_sdfweighted__HEADS_4__TIMESTEPS_56/summary/evaluation_summary.json,extremes.p99_9,99.9th percentile,mm day$^{-1}$,hr,extremes.hr_p99_9,38.820392,38.820392,5.462977333333332,36.873016,33.35741466666666,3.5156013333333336,-0.8944186666666694,1.4330383333333332
V0_Z_0__seed2__HR_prcp_DANRA__SIZE_128x128__LR_prcp_z_pl_500_ERA5__LOSS_sdfweighted__HEADS_4__TIMESTEPS_56,V0_Z_0_seed2,V0_Z_0,2,/Users/au728490/ceddar_runs/models_and_samples/evaluation/V0_Z_0__seed2__HR_prcp_DANRA__SIZE_128x128__LR_prcp_z_pl_500_ERA5__LOSS_sdfweighted__HEADS_4__TIMESTEPS_56/summary/evaluation_summary.json,extremes.p99_9,99.9th percentile,mm day$^{-1}$,hr,extremes.hr_p99_9,38.820392,38.820392,5.462977333333332,31.985233,33.35741466666666,-1.3721816666666653,-0.8944186666666694,1.4330383333333332
V0_Z_1__HR_prcp_DANRA__SIZE_128x128__LR_prcp_z_pl_500_ERA5__LOSS_sdfweighted__HEADS_4__TIMESTEPS_56,V0_Z_1,V0_Z_1,1,/Users/au728490/ceddar_runs/models_and_samples/evaluation/V0_Z_1__HR_prcp_DANRA__SIZE_128x128__LR_prcp_z_pl_500_ERA5__LOSS_sdfweighted__HEADS_4__TIMESTEPS_56/summary/evaluation_summary.json,extremes.p99_9,99.9th percentile,mm day$^{-1}$,hr,extremes.hr_p99_9,38.820392,38.820392,5.462977333333332,32.594745,33.35741466666666,-0.762669666666663,-0.8944186666666694,1.4330383333333332
V0_Z_1__seed2__HR_prcp_DANRA__SIZE_128x128__LR_prcp_z_pl_500_ERA5__LOSS_sdfweighted__HEADS_4__TIMESTEPS_56,V0_Z_1_seed2,V0_Z_1,2,/Users/au728490/ceddar_runs/models_and_samples/evaluation/V0_Z_1__seed2__HR_prcp_DANRA__SIZE_128x128__LR_prcp_z_pl_500_ERA5__LOSS_sdfweighted__HEADS_4__TIMESTEPS_56/summary/evaluation_summary.json,extremes.p99_9,99.9th percentile,mm day$^{-1}$,hr,extremes.hr_p99_9,38.820392,38.820392,5.462977333333332,36.439422,33.35741466666666,3.082007333333334,-0.8944186666666694,1.4330383333333332
D_IP_1__HR_prcp_DANRA__SIZE_128x128__LR_prcp_ewvf_nwvf_ERA5__LOSS_sdfweighted__HEADS_4__TIMESTEPS_56,D_IP_1,D_IP_1,1,/Users/au728490/ceddar_runs/models_and_samples/evaluation/D_IP_1__HR_prcp_DANRA__SIZE_128x128__LR_prcp_ewvf_nwvf_ERA5__LOSS_sdfweighted__HEADS_4__TIMESTEPS_56/summary/evaluation_summary.json,extremes.p99_9,99.9th percentile,mm day$^{-1}$,hr,extremes.hr_p99_9,38.820392,38.820392,5.462977333333332,37.734157,33.35741466666666,4.376742333333337,-0.8944186666666694,1.4330383333333332
D_IP_1__seed2__HR_prcp_DANRA__SIZE_128x128__LR_prcp_ewvf_nwvf_ERA5__LOSS_sdfweighted__HEADS_4__TIMESTEPS_56,D_IP_1_seed2,D_IP_1,2,/Users/au728490/ceddar_runs/models_and_samples/evaluation/D_IP_1__seed2__HR_prcp_DANRA__SIZE_128x128__LR_prcp_ewvf_nwvf_ERA5__LOSS_sdfweighted__HEADS_4__TIMESTEPS_56/summary/evaluation_summary.json,extremes.p99_9,99.9th percentile,mm day$^{-1}$,hr,extremes.hr_p99_9,38.820392,38.820392,5.462977333333332,33.817054,33.35741466666666,0.4596393333333326,-0.8944186666666694,1.4330383333333332
D_MZP_1__HR_prcp_DANRA__SIZE_128x128__LR_prcp_msl_z_pl_500_ERA5__LOSS_sdfweighted__HEADS_4__TIMESTEPS_56,D_MZP_1,D_MZP_1,1,/Users/au728490/ceddar_runs/models_and_samples/evaluation/D_MZP_1__HR_prcp_DANRA__SIZE_128x128__LR_prcp_msl_z_pl_500_ERA5__LOSS_sdfweighted__HEADS_4__TIMESTEPS_56/summary/evaluation_summary.json,extremes.p99_9,99.9th percentile,mm day$^{-1}$,hr,extremes.hr_p99_9,38.820392,38.820392,5.462977333333332,39.255622,33.35741466666666,5.027747333333328,-0.8944186666666694,1.4330383333333332
D_MZP_1__seed2__HR_prcp_DANRA__SIZE_128x128__LR_prcp_msl_z_pl_500_ERA5__LOSS_sdfweighted__HEADS_4__TIMESTEPS_56,D_MZP_1_seed2,D_MZP_1,2,/Users/au728490/ceddar_runs/models_and_samples/evaluation/D_MZP_1__seed2__HR_prcp_DANRA__SIZE_128x128__LR_prcp_msl_z_pl_500_ERA5__LOSS_sdfweighted__HEADS_4__TIMESTEPS_56/summary/evaluation_summary.json,extremes.p99_9,99.9th percentile,mm day$^{-1}$,hr,extremes.hr_p99_9,38.820392,38.820392,5.462977333333332,36.067054,33.35741466666666,2.7096393333333326,-0.8944186666666694,1.4330383333333332
D_MTP_0__HR_prcp_DANRA__SIZE_128x128__LR_prcp_msl_thetae_pl_850_ERA5__LOSS_sdfweighted__HEADS_4__TIMESTEPS_56,D_MTP_0,D_MTP_0,1,/Users/au728490/ceddar_runs/models_and_samples/evaluation/D_MTP_0__HR_prcp_DANRA__SIZE_128x128__LR_prcp_msl_thetae_pl_850_ERA5__LOSS_sdfweighted__HEADS_4__TIMESTEPS_56/summary/evaluation_summary.json,extremes.p99_9,99.9th percentile,mm day$^{-1}$,hr,extremes.hr_p99_9,38.820392,38.820392,5.462977333333332,31.402018,33.35741466666666,-1.9553966666666645,-0.8944186666666694,1.4330383333333332
D_MTP_0__seed2__HR_prcp_DANRA__SIZE_128x128__LR_prcp_msl_thetae_pl_850_ERA5__LOSS_sdfweighted__HEADS_4__TIMESTEPS_56,D_MTP_0_seed2,D_MTP_0,2,/Users/au728490/ceddar_runs/models_and_samples/evaluation/D_MTP_0__seed2__HR_prcp_DANRA__SIZE_128x128__LR_prcp_msl_thetae_pl_850_ERA5__LOSS_sdfweighted__HEADS_4__TIMESTEPS_56/summary/evaluation_summary.json,extremes.p99_9,99.9th percentile,mm day$^{-1}$,hr,extremes.hr_p99_9,38.820392,38.820392,5.462977333333332,37.34842,33.35741466666666,3.991005333333331,-0.8944186666666694,1.4330383333333332
D_MTP_1__HR_prcp_DANRA__SIZE_128x128__LR_prcp_msl_thetae_pl_850_ERA5__LOSS_sdfweighted__HEADS_4__TIMESTEPS_56,D_MTP_1,D_MTP_1,1,/Users/au728490/ceddar_runs/models_and_samples/evaluation/D_MTP_1__HR_prcp_DANRA__SIZE_128x128__LR_prcp_msl_thetae_pl_850_ERA5__LOSS_sdfweighted__HEADS_4__TIMESTEPS_56/summary/evaluation_summary.json,extremes.p99_9,99.9th percentile,mm day$^{-1}$,hr,extremes.hr_p99_9,38.820392,38.820392,5.462977333333332,40.795814,33.35741466666666,3.4875553333333302,-0.8944186666666694,1.4330383333333332
D_MTP_1__seed2__HR_prcp_DANRA__SIZE_128x128__LR_prcp_msl_thetae_pl_850_ERA5__LOSS_sdfweighted__HEADS_4__TIMESTEPS_56,D_MTP_1_seed2,D_MTP_1,2,/Users/au728490/ceddar_runs/models_and_samples/evaluation/D_MTP_1__seed2__HR_prcp_DANRA__SIZE_128x128__LR_prcp_msl_thetae_pl_850_ERA5__LOSS_sdfweighted__HEADS_4__TIMESTEPS_56/summary/evaluation_summary.json,extremes.p99_9,99.9th percentile,mm day$^{-1}$,hr,extremes.hr_p99_9,38.820392,38.820392,5.462977333333332,36.529149,33.35741466666666,3.1717343333333305,-0.8944186666666694,1.4330383333333332
D_MTCP_1__HR_prcp_DANRA__SIZE_128x128__LR_prcp_msl_thetae_pl_850_cape_ERA5__LOSS_sdfweighted__HEADS_4__TIMESTEPS_56,D_MTCP_1,D_MTCP_1,1,/Users/au728490/ceddar_runs/models_and_samples/evaluation/D_MTCP_1__HR_prcp_DANRA__SIZE_128x128__LR_prcp_msl_thetae_pl_850_cape_ERA5__LOSS_sdfweighted__HEADS_4__TIMESTEPS_56/summary/evaluation_summary.json,extremes.p99_9,99.9th percentile,mm day$^{-1}$,hr,extremes.hr_p99_9,38.820392,38.820392,5.462977333333332,33.506688,33.35741466666666,0.1492733333333307,-0.8944186666666694,1.4330383333333332
D_MTCP_1__seed2__HR_prcp_DANRA__SIZE_128x128__LR_prcp_msl_thetae_pl_850_cape_ERA5__LOSS_sdfweighted__HEADS_4__TIMESTEPS_56,D_MTCP_1_seed2,D_MTCP_1,2,/Users/au728490/ceddar_runs/models_and_samples/evaluation/D_MTCP_1__seed2__HR_prcp_DANRA__SIZE_128x128__LR_prcp_msl_thetae_pl_850_cape_ERA5__LOSS_sdfweighted__HEADS_4__TIMESTEPS_56/summary/evaluation_summary.json,extremes.p99_9,99.9th percentile,mm day$^{-1}$,hr,extremes.hr_p99_9,38.820392,38.820392,5.462977333333332,31.199161,33.35741466666666,-2.158253666666666,-0.8944186666666694,1.4330383333333332
D_MZIP_1__HR_prcp_DANRA__SIZE_128x128__LR_prcp_msl_z_pl_500_ewvf_nwvf_ERA5__LOSS_sdfweighted__HEADS_4__TIMESTEPS_56,D_MZIP_1,D_MZIP_1,1,/Users/au728490/ceddar_runs/models_and_samples/evaluation/D_MZIP_1__HR_prcp_DANRA__SIZE_128x128__LR_prcp_msl_z_pl_500_ewvf_nwvf_ERA5__LOSS_sdfweighted__HEADS_4__TIMESTEPS_56/summary/evaluation_summary.json,extremes.p99_9,99.9th percentile,mm day$^{-1}$,hr,extremes.hr_p99_9,38.820392,38.820392,5.462977333333332,31.382185,33.35741466666666,-1.9752296666666664,-0.8944186666666694,1.4330383333333332
D_MZIP_1__seed2__HR_prcp_DANRA__SIZE_128x128__LR_prcp_msl_z_pl_500_ewvf_nwvf_ERA5__LOSS_sdfweighted__HEADS_4__TIMESTEPS_56,D_MZIP_1_seed2,D_MZIP_1,2,/Users/au728490/ceddar_runs/models_and_samples/evaluation/D_MZIP_1__seed2__HR_prcp_DANRA__SIZE_128x128__LR_prcp_msl_z_pl_500_ewvf_nwvf_ERA5__LOSS_sdfweighted__HEADS_4__TIMESTEPS_56/summary/evaluation_summary.json,extremes.p99_9,99.9th percentile,mm day$^{-1}$,hr,extremes.hr_p99_9,38.820392,38.820392,5.462977333333332,43.72443,33.35741466666666,0.5589393333333321,-0.8944186666666694,1.4330383333333332
D_MT_1__HR_prcp_DANRA__SIZE_128x128__LR_msl_thetae_pl_850_ERA5__LOSS_sdfweighted__HEADS_4__TIMESTEPS_56,D_MT_1,D_MT_1,1,/Users/au728490/ceddar_runs/models_and_samples/evaluation/D_MT_1__HR_prcp_DANRA__SIZE_128x128__LR_msl_thetae_pl_850_ERA5__LOSS_sdfweighted__HEADS_4__TIMESTEPS_56/summary/evaluation_summary.json,extremes.p99_9,99.9th percentile,mm day$^{-1}$,hr,extremes.hr_p99_9,38.820392,38.820392,5.462977333333332,28.448523,33.35741466666666,-4.908891666666665,-0.8944186666666694,1.4330383333333332
D_MT_1__seed2__HR_prcp_DANRA__SIZE_128x128__LR_msl_thetae_pl_850_ERA5__LOSS_sdfweighted__HEADS_4__TIMESTEPS_56,D_MT_1_seed2,D_MT_1,2,/Users/au728490/ceddar_runs/models_and_samples/evaluation/D_MT_1__seed2__HR_prcp_DANRA__SIZE_128x128__LR_msl_thetae_pl_850_ERA5__LOSS_sdfweighted__HEADS_4__TIMESTEPS_56/summary/evaluation_summary.json,extremes.p99_9,99.9th percentile,mm day$^{-1}$,hr,extremes.hr_p99_9,38.820392,38.820392,5.462977333333332,26.440787,33.35741466666666,-6.916627666666666,-0.8944186666666694,1.4330383333333332
D_MTC_1__HR_prcp_DANRA__SIZE_128x128__LR_msl_thetae_pl_850_cape_ERA5__LOSS_sdfweighted__HEADS_4__TIMESTEPS_56,D_MTC_1,D_MTC_1,1,/Users/au728490/ceddar_runs/models_and_samples/evaluation/D_MTC_1__HR_prcp_DANRA__SIZE_128x128__LR_msl_thetae_pl_850_cape_ERA5__LOSS_sdfweighted__HEADS_4__TIMESTEPS_56/summary/evaluation_summary.json,extremes.p99_9,99.9th percentile,mm day$^{-1}$,hr,extremes.hr_p99_9,38.820392,38.820392,5.462977333333332,32.416836,33.35741466666666,-0.9405786666666627,-0.8944186666666694,1.4330383333333332
D_MTC_1__seed2__HR_prcp_DANRA__SIZE_128x128__LR_msl_thetae_pl_850_cape_ERA5__LOSS_sdfweighted__HEADS_4__TIMESTEPS_56,D_MTC_1_seed2,D_MTC_1,2,/Users/au728490/ceddar_runs/models_and_samples/evaluation/D_MTC_1__seed2__HR_prcp_DANRA__SIZE_128x128__LR_msl_thetae_pl_850_cape_ERA5__LOSS_sdfweighted__HEADS_4__TIMESTEPS_56/summary/evaluation_summary.json,extremes.p99_9,99.9th percentile,mm day$^{-1}$,hr,extremes.hr_p99_9,38.820392,38.820392,5.462977333333332,33.103337,33.35741466666666,-0.25407766666666287,-0.8944186666666694,1.4330383333333332
V0__HR_prcp_DANRA__SIZE_128x128__LR_prcp_ERA5__LOSS_sdfweighted__HEADS_4__TIMESTEPS_56,V0,V0,1,/Users/au728490/ceddar_runs/models_and_samples/evaluation/V0__HR_prcp_DANRA__SIZE_128x128__LR_prcp_ERA5__LOSS_sdfweighted__HEADS_4__TIMESTEPS_56/summary/evaluation_summary.json,climatological.annual_sum_mean,Mean annual precipitation,mm year$^{-1}$,hr,climatological.hr_annual_sum_mean,877.1588134765625,877.1588134765625,191.258544921875,771.1617431640625,685.9002685546875,85.261474609375,-60.02362060546875,85.261474609375
V0__seed2__HR_prcp_DANRA__SIZE_128x128__LR_prcp_ERA5__LOSS_sdfweighted__HEADS_4__TIMESTEPS_56,V0_seed2,V0,2,/Users/au728490/ceddar_runs/models_and_samples/evaluation/V0__seed2__HR_prcp_DANRA__SIZE_128x128__LR_prcp_ERA5__LOSS_sdfweighted__HEADS_4__TIMESTEPS_56/summary/evaluation_summary.json,climatological.annual_sum_mean,Mean annual precipitation,mm year$^{-1}$,hr,climatological.hr_annual_sum_mean,877.1588134765625,877.1588134765625,191.258544921875,660.6624145507812,685.9002685546875,-25.23785400390625,-60.02362060546875,85.261474609375
V0__seed3__HR_prcp_DANRA__SIZE_128x128__LR_prcp_ERA5__LOSS_sdfweighted__HEADS_4__TIMESTEPS_56,V0_seed3,V0,3,/Users/au728490/ceddar_runs/models_and_samples/evaluation/V0__seed3__HR_prcp_DANRA__SIZE_128x128__LR_prcp_ERA5__LOSS_sdfweighted__HEADS_4__TIMESTEPS_56/summary/evaluation_summary.json,climatological.annual_sum_mean,Mean annual precipitation,mm year$^{-1}$,hr,climatological.hr_annual_sum_mean,877.1588134765625,877.1588134765625,191.258544921875,625.8766479492188,685.9002685546875,-60.02362060546875,-60.02362060546875,85.261474609375
C_10__HR_prcp_DANRA__SIZE_128x128__LR_prcp_ERA5__LOSS_sdfweighted__HEADS_4__TIMESTEPS_56,C_10,C_10,1,/Users/au728490/ceddar_runs/models_and_samples/evaluation/C_10__HR_prcp_DANRA__SIZE_128x128__LR_prcp_ERA5__LOSS_sdfweighted__HEADS_4__TIMESTEPS_56/summary/evaluation_summary.json,climatological.annual_sum_mean,Mean annual precipitation,mm year$^{-1}$,hr,climatological.hr_annual_sum_mean,877.1588134765625,877.1588134765625,191.258544921875,729.3935546875,685.9002685546875,43.4932861328125,-60.02362060546875,85.261474609375
C_10__seed2__HR_prcp_DANRA__SIZE_128x128__LR_prcp_ERA5__LOSS_sdfweighted__HEADS_4__TIMESTEPS_56,C_10_seed2,C_10,2,/Users/au728490/ceddar_runs/models_and_samples/evaluation/C_10__seed2__HR_prcp_DANRA__SIZE_128x128__LR_prcp_ERA5__LOSS_sdfweighted__HEADS_4__TIMESTEPS_56/summary/evaluation_summary.json,climatological.annual_sum_mean,Mean annual precipitation,mm year$^{-1}$,hr,climatological.hr_annual_sum_mean,877.1588134765625,877.1588134765625,191.258544921875,700.9620361328125,685.9002685546875,15.061767578125,-60.02362060546875,85.261474609375
V0_C_0__HR_prcp_DANRA__SIZE_128x128__LR_prcp_cape_ERA5__LOSS_sdfweighted__HEADS_4__TIMESTEPS_56,V0_C_0,V0_C_0,1,/Users/au728490/ceddar_runs/models_and_samples/evaluation/V0_C_0__HR_prcp_DANRA__SIZE_128x128__LR_prcp_cape_ERA5__LOSS_sdfweighted__HEADS_4__TIMESTEPS_56/summary/evaluation_summary.json,climatological.annual_sum_mean,Mean annual precipitation,mm year$^{-1}$,hr,climatological.hr_annual_sum_mean,877.1588134765625,877.1588134765625,191.258544921875,613.0679321289062,685.9002685546875,-72.83233642578125,-60.02362060546875,85.261474609375
V0_C_0__seed2__HR_prcp_DANRA__SIZE_128x128__LR_prcp_cape_ERA5__LOSS_sdfweighted__HEADS_4__TIMESTEPS_56,V0_C_0_seed2,V0_C_0,2,/Users/au728490/ceddar_runs/models_and_samples/evaluation/V0_C_0__seed2__HR_prcp_DANRA__SIZE_128x128__LR_prcp_cape_ERA5__LOSS_sdfweighted__HEADS_4__TIMESTEPS_56/summary/evaluation_summary.json,climatological.annual_sum_mean,Mean annual precipitation,mm year$^{-1}$,hr,climatological.hr_annual_sum_mean,877.1588134765625,877.1588134765625,191.258544921875,683.1214599609375,685.9002685546875,-2.77880859375,-60.02362060546875,85.261474609375
V0_C_1__HR_prcp_DANRA__SIZE_128x128__LR_prcp_cape_ERA5__LOSS_sdfweighted__HEADS_4__TIMESTEPS_56,V0_C_1,V0_C_1,1,/Users/au728490/ceddar_runs/models_and_samples/evaluation/V0_C_1__HR_prcp_DANRA__SIZE_128x128__LR_prcp_cape_ERA5__LOSS_sdfweighted__HEADS_4__TIMESTEPS_56/summary/evaluation_summary.json,climatological.annual_sum_mean,Mean annual precipitation,mm year$^{-1}$,hr,climatological.hr_annual_sum_mean,877.1588134765625,877.1588134765625,191.258544921875,728.720458984375,685.9002685546875,42.8201904296875,-60.02362060546875,85.261474609375
V0_C_1__seed2__HR_prcp_DANRA__SIZE_128x128__LR_prcp_cape_ERA5__LOSS_sdfweighted__HEADS_4__TIMESTEPS_56,V0_C_1_seed2,V0_C_1,2,/Users/au728490/ceddar_runs/models_and_samples/evaluation/V0_C_1__seed2__HR_prcp_DANRA__SIZE_128x128__LR_prcp_cape_ERA5__LOSS_sdfweighted__HEADS_4__TIMESTEPS_56/summary/evaluation_summary.json,climatological.annual_sum_mean,Mean annual precipitation,mm year$^{-1}$,hr,climatological.hr_annual_sum_mean,877.1588134765625,877.1588134765625,191.258544921875,740.943115234375,685.9002685546875,55.0428466796875,-60.02362060546875,85.261474609375
V0_I_0__HR_prcp_DANRA__SIZE_128x128__LR_prcp_ewvf_nwvf_ERA5__LOSS_sdfweighted__HEADS_4__TIMESTEPS_56,V0_I_0,V0_I_0,1,/Users/au728490/ceddar_runs/models_and_samples/evaluation/V0_I_0__HR_prcp_DANRA__SIZE_128x128__LR_prcp_ewvf_nwvf_ERA5__LOSS_sdfweighted__HEADS_4__TIMESTEPS_56/summary/evaluation_summary.json,climatological.annual_sum_mean,Mean annual precipitation,mm year$^{-1}$,hr,climatological.hr_annual_sum_mean,877.1588134765625,877.1588134765625,191.258544921875,704.247802734375,685.9002685546875,18.3475341796875,-60.02362060546875,85.261474609375
V0_I_0__seed2__HR_prcp_DANRA__SIZE_128x128__LR_prcp_ewvf_nwvf_ERA5__LOSS_sdfweighted__HEADS_4__TIMESTEPS_56,V0_I_0_seed2,V0_I_0,2,/Users/au728490/ceddar_runs/models_and_samples/evaluation/V0_I_0__seed2__HR_prcp_DANRA__SIZE_128x128__LR_prcp_ewvf_nwvf_ERA5__LOSS_sdfweighted__HEADS_4__TIMESTEPS_56/summary/evaluation_summary.json,climatological.annual_sum_mean,Mean annual precipitation,mm year$^{-1}$,hr,climatological.hr_annual_sum_mean,877.1588134765625,877.1588134765625,191.258544921875,636.4241943359375,685.9002685546875,-49.47607421875,-60.02362060546875,85.261474609375
V0_I_1__HR_prcp_DANRA__SIZE_128x128__LR_prcp_ewvf_nwvf_ERA5__LOSS_sdfweighted__HEADS_4__TIMESTEPS_56,V0_I_1,V0_I_1,1,/Users/au728490/ceddar_runs/models_and_samples/evaluation/V0_I_1__HR_prcp_DANRA__SIZE_128x128__LR_prcp_ewvf_nwvf_ERA5__LOSS_sdfweighted__HEADS_4__TIMESTEPS_56/summary/evaluation_summary.json,climatological.annual_sum_mean,Mean annual precipitation,mm year$^{-1}$,hr,climatological.hr_annual_sum_mean,877.1588134765625,877.1588134765625,191.258544921875,610.1207275390625,685.9002685546875,-75.779541015625,-60.02362060546875,85.261474609375
V0_I_1__seed2__HR_prcp_DANRA__SIZE_128x128__LR_prcp_ewvf_nwvf_ERA5__LOSS_sdfweighted__HEADS_4__TIMESTEPS_56,V0_I_1_seed2,V0_I_1,2,/Users/au728490/ceddar_runs/models_and_samples/evaluation/V0_I_1__seed2__HR_prcp_DANRA__SIZE_128x128__LR_prcp_ewvf_nwvf_ERA5__LOSS_sdfweighted__HEADS_4__TIMESTEPS_56/summary/evaluation_summary.json,climatological.annual_sum_mean,Mean annual precipitation,mm year$^{-1}$,hr,climatological.hr_annual_sum_mean,877.1588134765625,877.1588134765625,191.258544921875,674.0238037109375,685.9002685546875,-11.87646484375,-60.02362060546875,85.261474609375
V0_M_0__HR_prcp_DANRA__SIZE_128x128__LR_prcp_msl_ERA5__LOSS_sdfweighted__HEADS_4__TIMESTEPS_56,V0_M_0,V0_M_0,1,/Users/au728490/ceddar_runs/models_and_samples/evaluation/V0_M_0__HR_prcp_DANRA__SIZE_128x128__LR_prcp_msl_ERA5__LOSS_sdfweighted__HEADS_4__TIMESTEPS_56/summary/evaluation_summary.json,climatological.annual_sum_mean,Mean annual precipitation,mm year$^{-1}$,hr,climatological.hr_annual_sum_mean,877.1588134765625,877.1588134765625,191.258544921875,655.0636596679688,685.9002685546875,-30.83660888671875,-60.02362060546875,85.261474609375
V0_M_0__seed2__HR_prcp_DANRA__SIZE_128x128__LR_prcp_msl_ERA5__LOSS_sdfweighted__HEADS_4__TIMESTEPS_56,V0_M_0_seed2,V0_M_0,2,/Users/au728490/ceddar_runs/models_and_samples/evaluation/V0_M_0__seed2__HR_prcp_DANRA__SIZE_128x128__LR_prcp_msl_ERA5__LOSS_sdfweighted__HEADS_4__TIMESTEPS_56/summary/evaluation_summary.json,climatological.annual_sum_mean,Mean annual precipitation,mm year$^{-1}$,hr,climatological.hr_annual_sum_mean,877.1588134765625,877.1588134765625,191.258544921875,727.6119384765625,685.9002685546875,41.711669921875,-60.02362060546875,85.261474609375
V0_M_1__HR_prcp_DANRA__SIZE_128x128__LR_prcp_msl_ERA5__LOSS_sdfweighted__HEADS_4__TIMESTEPS_56,V0_M_1,V0_M_1,1,/Users/au728490/ceddar_runs/models_and_samples/evaluation/V0_M_1__HR_prcp_DANRA__SIZE_128x128__LR_prcp_msl_ERA5__LOSS_sdfweighted__HEADS_4__TIMESTEPS_56/summary/evaluation_summary.json,climatological.annual_sum_mean,Mean annual precipitation,mm year$^{-1}$,hr,climatological.hr_annual_sum_mean,877.1588134765625,877.1588134765625,191.258544921875,641.7977294921875,685.9002685546875,-44.1025390625,-60.02362060546875,85.261474609375
V0_M_1__seed2__HR_prcp_DANRA__SIZE_128x128__LR_prcp_msl_ERA5__LOSS_sdfweighted__HEADS_4__TIMESTEPS_56,V0_M_1_seed2,V0_M_1,2,/Users/au728490/ceddar_runs/models_and_samples/evaluation/V0_M_1__seed2__HR_prcp_DANRA__SIZE_128x128__LR_prcp_msl_ERA5__LOSS_sdfweighted__HEADS_4__TIMESTEPS_56/summary/evaluation_summary.json,climatological.annual_sum_mean,Mean annual precipitation,mm year$^{-1}$,hr,climatological.hr_annual_sum_mean,877.1588134765625,877.1588134765625,191.258544921875,743.231201171875,685.9002685546875,57.3309326171875,-60.02362060546875,85.261474609375
V0_T_0__HR_prcp_DANRA__SIZE_128x128__LR_prcp_thetae_pl_850_ERA5__LOSS_sdfweighted__HEADS_4__TIMESTEPS_56,V0_T_0,V0_T_0,1,/Users/au728490/ceddar_runs/models_and_samples/evaluation/V0_T_0__HR_prcp_DANRA__SIZE_128x128__LR_prcp_thetae_pl_850_ERA5__LOSS_sdfweighted__HEADS_4__TIMESTEPS_56/summary/evaluation_summary.json,climatological.annual_sum_mean,Mean annual precipitation,mm year$^{-1}$,hr,climatological.hr_annual_sum_mean,877.1588134765625,877.1588134765625,191.258544921875,656.5264282226562,685.9002685546875,-29.37384033203125,-60.02362060546875,85.261474609375
V0_T_0__seed2__HR_prcp_DANRA__SIZE_128x128__LR_prcp_thetae_pl_850_ERA5__LOSS_sdfweighted__HEADS_4__TIMESTEPS_56,V0_T_0_seed2,V0_T_0,2,/Users/au728490/ceddar_runs/models_and_samples/evaluation/V0_T_0__seed2__HR_prcp_DANRA__SIZE_128x128__LR_prcp_thetae_pl_850_ERA5__LOSS_sdfweighted__HEADS_4__TIMESTEPS_56/summary/evaluation_summary.json,climatological.annual_sum_mean,Mean annual precipitation,mm year$^{-1}$,hr,climatological.hr_annual_sum_mean,877.1588134765625,877.1588134765625,191.258544921875,764.5823974609375,685.9002685546875,78.68212890625,-60.02362060546875,85.261474609375
V0_T_1__HR_prcp_DANRA__SIZE_128x128__LR_prcp_thetae_pl_850_ERA5__LOSS_sdfweighted__HEADS_4__TIMESTEPS_56,V0_T_1,V0_T_1,1,/Users/au728490/ceddar_runs/models_and_samples/evaluation/V0_T_1__HR_prcp_DANRA__SIZE_128x128__LR_prcp_thetae_pl_850_ERA5__LOSS_sdfweighted__HEADS_4__TIMESTEPS_56/summary/evaluation_summary.json,climatological.annual_sum_mean,Mean annual precipitation,mm year$^{-1}$,hr,climatological.hr_annual_sum_mean,877.1588134765625,877.1588134765625,191.258544921875,782.7293701171875,685.9002685546875,96.8291015625,-60.02362060546875,85.261474609375
V0_T_1__seed2__HR_prcp_DANRA__SIZE_128x128__LR_prcp_thetae_pl_850_ERA5__LOSS_sdfweighted__HEADS_4__TIMESTEPS_56,V0_T_1_seed2,V0_T_1,2,/Users/au728490/ceddar_runs/models_and_samples/evaluation/V0_T_1__seed2__HR_prcp_DANRA__SIZE_128x128__LR_prcp_thetae_pl_850_ERA5__LOSS_sdfweighted__HEADS_4__TIMESTEPS_56/summary/evaluation_summary.json,climatological.annual_sum_mean,Mean annual precipitation,mm year$^{-1}$,hr,climatological.hr_annual_sum_mean,877.1588134765625,877.1588134765625,191.258544921875,670.7808837890625,685.9002685546875,-15.119384765625,-60.02362060546875,85.261474609375
V0_Z_0__HR_prcp_DANRA__SIZE_128x128__LR_prcp_z_pl_500_ERA5__LOSS_sdfweighted__HEADS_4__TIMESTEPS_56,V0_Z_0,V0_Z_0,1,/Users/au728490/ceddar_runs/models_and_samples/evaluation/V0_Z_0__HR_prcp_DANRA__SIZE_128x128__LR_prcp_z_pl_500_ERA5__LOSS_sdfweighted__HEADS_4__TIMESTEPS_56/summary/evaluation_summary.json,climatological.annual_sum_mean,Mean annual precipitation,mm year$^{-1}$,hr,climatological.hr_annual_sum_mean,877.1588134765625,877.1588134765625,191.258544921875,740.5557861328125,685.9002685546875,54.655517578125,-60.02362060546875,85.261474609375
V0_Z_0__seed2__HR_prcp_DANRA__SIZE_128x128__LR_prcp_z_pl_500_ERA5__LOSS_sdfweighted__HEADS_4__TIMESTEPS_56,V0_Z_0_seed2,V0_Z_0,2,/Users/au728490/ceddar_runs/models_and_samples/evaluation/V0_Z_0__seed2__HR_prcp_DANRA__SIZE_128x128__LR_prcp_z_pl_500_ERA5__LOSS_sdfweighted__HEADS_4__TIMESTEPS_56/summary/evaluation_summary.json,climatological.annual_sum_mean,Mean annual precipitation,mm year$^{-1}$,hr,climatological.hr_annual_sum_mean,877.1588134765625,877.1588134765625,191.258544921875,681.2635498046875,685.9002685546875,-4.63671875,-60.02362060546875,85.261474609375
V0_Z_1__HR_prcp_DANRA__SIZE_128x128__LR_prcp_z_pl_500_ERA5__LOSS_sdfweighted__HEADS_4__TIMESTEPS_56,V0_Z_1,V0_Z_1,1,/Users/au728490/ceddar_runs/models_and_samples/evaluation/V0_Z_1__HR_prcp_DANRA__SIZE_128x128__LR_prcp_z_pl_500_ERA5__LOSS_sdfweighted__HEADS_4__TIMESTEPS_56/summary/evaluation_summary.json,climatological.annual_sum_mean,Mean annual precipitation,mm year$^{-1}$,hr,climatological.hr_annual_sum_mean,877.1588134765625,877.1588134765625,191.258544921875,708.016357421875,685.9002685546875,22.1160888671875,-60.02362060546875,85.261474609375
V0_Z_1__seed2__HR_prcp_DANRA__SIZE_128x128__LR_prcp_z_pl_500_ERA5__LOSS_sdfweighted__HEADS_4__TIMESTEPS_56,V0_Z_1_seed2,V0_Z_1,2,/Users/au728490/ceddar_runs/models_and_samples/evaluation/V0_Z_1__seed2__HR_prcp_DANRA__SIZE_128x128__LR_prcp_z_pl_500_ERA5__LOSS_sdfweighted__HEADS_4__TIMESTEPS_56/summary/evaluation_summary.json,climatological.annual_sum_mean,Mean annual precipitation,mm year$^{-1}$,hr,climatological.hr_annual_sum_mean,877.1588134765625,877.1588134765625,191.258544921875,732.45556640625,685.9002685546875,46.5552978515625,-60.02362060546875,85.261474609375
D_IP_1__HR_prcp_DANRA__SIZE_128x128__LR_prcp_ewvf_nwvf_ERA5__LOSS_sdfweighted__HEADS_4__TIMESTEPS_56,D_IP_1,D_IP_1,1,/Users/au728490/ceddar_runs/models_and_samples/evaluation/D_IP_1__HR_prcp_DANRA__SIZE_128x128__LR_prcp_ewvf_nwvf_ERA5__LOSS_sdfweighted__HEADS_4__TIMESTEPS_56/summary/evaluation_summary.json,climatological.annual_sum_mean,Mean annual precipitation,mm year$^{-1}$,hr,climatological.hr_annual_sum_mean,877.1588134765625,877.1588134765625,191.258544921875,699.3543701171875,685.9002685546875,13.4541015625,-60.02362060546875,85.261474609375
D_IP_1__seed2__HR_prcp_DANRA__SIZE_128x128__LR_prcp_ewvf_nwvf_ERA5__LOSS_sdfweighted__HEADS_4__TIMESTEPS_56,D_IP_1_seed2,D_IP_1,2,/Users/au728490/ceddar_runs/models_and_samples/evaluation/D_IP_1__seed2__HR_prcp_DANRA__SIZE_128x128__LR_prcp_ewvf_nwvf_ERA5__LOSS_sdfweighted__HEADS_4__TIMESTEPS_56/summary/evaluation_summary.json,climatological.annual_sum_mean,Mean annual precipitation,mm year$^{-1}$,hr,climatological.hr_annual_sum_mean,877.1588134765625,877.1588134765625,191.258544921875,720.78955078125,685.9002685546875,34.8892822265625,-60.02362060546875,85.261474609375
D_MZP_1__HR_prcp_DANRA__SIZE_128x128__LR_prcp_msl_z_pl_500_ERA5__LOSS_sdfweighted__HEADS_4__TIMESTEPS_56,D_MZP_1,D_MZP_1,1,/Users/au728490/ceddar_runs/models_and_samples/evaluation/D_MZP_1__HR_prcp_DANRA__SIZE_128x128__LR_prcp_msl_z_pl_500_ERA5__LOSS_sdfweighted__HEADS_4__TIMESTEPS_56/summary/evaluation_summary.json,climatological.annual_sum_mean,Mean annual precipitation,mm year$^{-1}$,hr,climatological.hr_annual_sum_mean,877.1588134765625,877.1588134765625,191.258544921875,622.28173828125,685.9002685546875,-63.6185302734375,-60.02362060546875,85.261474609375
D_MZP_1__seed2__HR_prcp_DANRA__SIZE_128x128__LR_prcp_msl_z_pl_500_ERA5__LOSS_sdfweighted__HEADS_4__TIMESTEPS_56,D_MZP_1_seed2,D_MZP_1,2,/Users/au728490/ceddar_runs/models_and_samples/evaluation/D_MZP_1__seed2__HR_prcp_DANRA__SIZE_128x128__LR_prcp_msl_z_pl_500_ERA5__LOSS_sdfweighted__HEADS_4__TIMESTEPS_56/summary/evaluation_summary.json,climatological.annual_sum_mean,Mean annual precipitation,mm year$^{-1}$,hr,climatological.hr_annual_sum_mean,877.1588134765625,877.1588134765625,191.258544921875,742.3631591796875,685.9002685546875,56.462890625,-60.02362060546875,85.261474609375
D_MTP_0__HR_prcp_DANRA__SIZE_128x128__LR_prcp_msl_thetae_pl_850_ERA5__LOSS_sdfweighted__HEADS_4__TIMESTEPS_56,D_MTP_0,D_MTP_0,1,/Users/au728490/ceddar_runs/models_and_samples/evaluation/D_MTP_0__HR_prcp_DANRA__SIZE_128x128__LR_prcp_msl_thetae_pl_850_ERA5__LOSS_sdfweighted__HEADS_4__TIMESTEPS_56/summary/evaluation_summary.json,climatological.annual_sum_mean,Mean annual precipitation,mm year$^{-1}$,hr,climatological.hr_annual_sum_mean,877.1588134765625,877.1588134765625,191.258544921875,647.5877685546875,685.9002685546875,-38.3125,-60.02362060546875,85.261474609375
D_MTP_0__seed2__HR_prcp_DANRA__SIZE_128x128__LR_prcp_msl_thetae_pl_850_ERA5__LOSS_sdfweighted__HEADS_4__TIMESTEPS_56,D_MTP_0_seed2,D_MTP_0,2,/Users/au728490/ceddar_runs/models_and_samples/evaluation/D_MTP_0__seed2__HR_prcp_DANRA__SIZE_128x128__LR_prcp_msl_thetae_pl_850_ERA5__LOSS_sdfweighted__HEADS_4__TIMESTEPS_56/summary/evaluation_summary.json,climatological.annual_sum_mean,Mean annual precipitation,mm year$^{-1}$,hr,climatological.hr_annual_sum_mean,877.1588134765625,877.1588134765625,191.258544921875,726.2449340820312,685.9002685546875,40.34466552734375,-60.02362060546875,85.261474609375
D_MTP_1__HR_prcp_DANRA__SIZE_128x128__LR_prcp_msl_thetae_pl_850_ERA5__LOSS_sdfweighted__HEADS_4__TIMESTEPS_56,D_MTP_1,D_MTP_1,1,/Users/au728490/ceddar_runs/models_and_samples/evaluation/D_MTP_1__HR_prcp_DANRA__SIZE_128x128__LR_prcp_msl_thetae_pl_850_ERA5__LOSS_sdfweighted__HEADS_4__TIMESTEPS_56/summary/evaluation_summary.json,climatological.annual_sum_mean,Mean annual precipitation,mm year$^{-1}$,hr,climatological.hr_annual_sum_mean,877.1588134765625,877.1588134765625,191.258544921875,732.97802734375,685.9002685546875,47.0777587890625,-60.02362060546875,85.261474609375
D_MTP_1__seed2__HR_prcp_DANRA__SIZE_128x128__LR_prcp_msl_thetae_pl_850_ERA5__LOSS_sdfweighted__HEADS_4__TIMESTEPS_56,D_MTP_1_seed2,D_MTP_1,2,/Users/au728490/ceddar_runs/models_and_samples/evaluation/D_MTP_1__seed2__HR_prcp_DANRA__SIZE_128x128__LR_prcp_msl_thetae_pl_850_ERA5__LOSS_sdfweighted__HEADS_4__TIMESTEPS_56/summary/evaluation_summary.json,climatological.annual_sum_mean,Mean annual precipitation,mm year$^{-1}$,hr,climatological.hr_annual_sum_mean,877.1588134765625,877.1588134765625,191.258544921875,714.0582275390625,685.9002685546875,28.157958984375,-60.02362060546875,85.261474609375
D_MTCP_1__HR_prcp_DANRA__SIZE_128x128__LR_prcp_msl_thetae_pl_850_cape_ERA5__LOSS_sdfweighted__HEADS_4__TIMESTEPS_56,D_MTCP_1,D_MTCP_1,1,/Users/au728490/ceddar_runs/models_and_samples/evaluation/D_MTCP_1__HR_prcp_DANRA__SIZE_128x128__LR_prcp_msl_thetae_pl_850_cape_ERA5__LOSS_sdfweighted__HEADS_4__TIMESTEPS_56/summary/evaluation_summary.json,climatological.annual_sum_mean,Mean annual precipitation,mm year$^{-1}$,hr,climatological.hr_annual_sum_mean,877.1588134765625,877.1588134765625,191.258544921875,705.4969482421875,685.9002685546875,19.5966796875,-60.02362060546875,85.261474609375
D_MTCP_1__seed2__HR_prcp_DANRA__SIZE_128x128__LR_prcp_msl_thetae_pl_850_cape_ERA5__LOSS_sdfweighted__HEADS_4__TIMESTEPS_56,D_MTCP_1_seed2,D_MTCP_1,2,/Users/au728490/ceddar_runs/models_and_samples/evaluation/D_MTCP_1__seed2__HR_prcp_DANRA__SIZE_128x128__LR_prcp_msl_thetae_pl_850_cape_ERA5__LOSS_sdfweighted__HEADS_4__TIMESTEPS_56/summary/evaluation_summary.json,climatological.annual_sum_mean,Mean annual precipitation,mm year$^{-1}$,hr,climatological.hr_annual_sum_mean,877.1588134765625,877.1588134765625,191.258544921875,667.4473876953125,685.9002685546875,-18.452880859375,-60.02362060546875,85.261474609375
D_MZIP_1__HR_prcp_DANRA__SIZE_128x128__LR_prcp_msl_z_pl_500_ewvf_nwvf_ERA5__LOSS_sdfweighted__HEADS_4__TIMESTEPS_56,D_MZIP_1,D_MZIP_1,1,/Users/au728490/ceddar_runs/models_and_samples/evaluation/D_MZIP_1__HR_prcp_DANRA__SIZE_128x128__LR_prcp_msl_z_pl_500_ewvf_nwvf_ERA5__LOSS_sdfweighted__HEADS_4__TIMESTEPS_56/summary/evaluation_summary.json,climatological.annual_sum_mean,Mean annual precipitation,mm year$^{-1}$,hr,climatological.hr_annual_sum_mean,877.1588134765625,877.1588134765625,191.258544921875,737.80419921875,685.9002685546875,51.9039306640625,-60.02362060546875,85.261474609375
D_MZIP_1__seed2__HR_prcp_DANRA__SIZE_128x128__LR_prcp_msl_z_pl_500_ewvf_nwvf_ERA5__LOSS_sdfweighted__HEADS_4__TIMESTEPS_56,D_MZIP_1_seed2,D_MZIP_1,2,/Users/au728490/ceddar_runs/models_and_samples/evaluation/D_MZIP_1__seed2__HR_prcp_DANRA__SIZE_128x128__LR_prcp_msl_z_pl_500_ewvf_nwvf_ERA5__LOSS_sdfweighted__HEADS_4__TIMESTEPS_56/summary/evaluation_summary.json,climatological.annual_sum_mean,Mean annual precipitation,mm year$^{-1}$,hr,climatological.hr_annual_sum_mean,877.1588134765625,877.1588134765625,191.258544921875,749.27001953125,685.9002685546875,63.3697509765625,-60.02362060546875,85.261474609375
D_MT_1__HR_prcp_DANRA__SIZE_128x128__LR_msl_thetae_pl_850_ERA5__LOSS_sdfweighted__HEADS_4__TIMESTEPS_56,D_MT_1,D_MT_1,1,/Users/au728490/ceddar_runs/models_and_samples/evaluation/D_MT_1__HR_prcp_DANRA__SIZE_128x128__LR_msl_thetae_pl_850_ERA5__LOSS_sdfweighted__HEADS_4__TIMESTEPS_56/summary/evaluation_summary.json,climatological.annual_sum_mean,Mean annual precipitation,mm year$^{-1}$,hr,climatological.hr_annual_sum_mean,877.1588134765625,877.1588134765625,191.258544921875,422.00860595703125,685.9002685546875,-263.89166259765625,-60.02362060546875,85.261474609375
D_MT_1__seed2__HR_prcp_DANRA__SIZE_128x128__LR_msl_thetae_pl_850_ERA5__LOSS_sdfweighted__HEADS_4__TIMESTEPS_56,D_MT_1_seed2,D_MT_1,2,/Users/au728490/ceddar_runs/models_and_samples/evaluation/D_MT_1__seed2__HR_prcp_DANRA__SIZE_128x128__LR_msl_thetae_pl_850_ERA5__LOSS_sdfweighted__HEADS_4__TIMESTEPS_56/summary/evaluation_summary.json,climatological.annual_sum_mean,Mean annual precipitation,mm year$^{-1}$,hr,climatological.hr_annual_sum_mean,877.1588134765625,877.1588134765625,191.258544921875,327.7957763671875,685.9002685546875,-358.1044921875,-60.02362060546875,85.261474609375
D_MTC_1__HR_prcp_DANRA__SIZE_128x128__LR_msl_thetae_pl_850_cape_ERA5__LOSS_sdfweighted__HEADS_4__TIMESTEPS_56,D_MTC_1,D_MTC_1,1,/Users/au728490/ceddar_runs/models_and_samples/evaluation/D_MTC_1__HR_prcp_DANRA__SIZE_128x128__LR_msl_thetae_pl_850_cape_ERA5__LOSS_sdfweighted__HEADS_4__TIMESTEPS_56/summary/evaluation_summary.json,climatological.annual_sum_mean,Mean annual precipitation,mm year$^{-1}$,hr,climatological.hr_annual_sum_mean,877.1588134765625,877.1588134765625,191.258544921875,443.853515625,685.9002685546875,-242.0467529296875,-60.02362060546875,85.261474609375
D_MTC_1__seed2__HR_prcp_DANRA__SIZE_128x128__LR_msl_thetae_pl_850_cape_ERA5__LOSS_sdfweighted__HEADS_4__TIMESTEPS_56,D_MTC_1_seed2,D_MTC_1,2,/Users/au728490/ceddar_runs/models_and_samples/evaluation/D_MTC_1__seed2__HR_prcp_DANRA__SIZE_128x128__LR_msl_thetae_pl_850_cape_ERA5__LOSS_sdfweighted__HEADS_4__TIMESTEPS_56/summary/evaluation_summary.json,climatological.annual_sum_mean,Mean annual precipitation,mm year$^{-1}$,hr,climatological.hr_annual_sum_mean,877.1588134765625,877.1588134765625,191.258544921875,611.29541015625,685.9002685546875,-74.6048583984375,-60.02362060546875,85.261474609375
V0__HR_prcp_DANRA__SIZE_128x128__LR_prcp_ERA5__LOSS_sdfweighted__HEADS_4__TIMESTEPS_56,V0,V0,1,/Users/au728490/ceddar_runs/models_and_samples/evaluation/V0__HR_prcp_DANRA__SIZE_128x128__LR_prcp_ERA5__LOSS_sdfweighted__HEADS_4__TIMESTEPS_56/summary/evaluation_summary.json,climatological.annual_sum_std,Spatial SD of annual precipitation,mm year$^{-1}$,hr,climatological.hr_annual_sum_std,146.65576171875,146.65576171875,49.47269948323568,113.93865203857422,97.18306223551433,16.755589803059898,-13.640902201334633,16.755589803059898
V0__seed2__HR_prcp_DANRA__SIZE_128x128__LR_prcp_ERA5__LOSS_sdfweighted__HEADS_4__TIMESTEPS_56,V0_seed2,V0,2,/Users/au728490/ceddar_runs/models_and_samples/evaluation/V0__seed2__HR_prcp_DANRA__SIZE_128x128__LR_prcp_ERA5__LOSS_sdfweighted__HEADS_4__TIMESTEPS_56/summary/evaluation_summary.json,climatological.annual_sum_std,Spatial SD of annual precipitation,mm year$^{-1}$,hr,climatological.hr_annual_sum_std,146.65576171875,146.65576171875,49.47269948323568,94.06837463378906,97.18306223551433,-3.114687601725258,-13.640902201334633,16.755589803059898
V0__seed3__HR_prcp_DANRA__SIZE_128x128__LR_prcp_ERA5__LOSS_sdfweighted__HEADS_4__TIMESTEPS_56,V0_seed3,V0,3,/Users/au728490/ceddar_runs/models_and_samples/evaluation/V0__seed3__HR_prcp_DANRA__SIZE_128x128__LR_prcp_ERA5__LOSS_sdfweighted__HEADS_4__TIMESTEPS_56/summary/evaluation_summary.json,climatological.annual_sum_std,Spatial SD of annual precipitation,mm year$^{-1}$,hr,climatological.hr_annual_sum_std,146.65576171875,146.65576171875,49.47269948323568,83.54216003417969,97.18306223551433,-13.640902201334633,-13.640902201334633,16.755589803059898
C_10__HR_prcp_DANRA__SIZE_128x128__LR_prcp_ERA5__LOSS_sdfweighted__HEADS_4__TIMESTEPS_56,C_10,C_10,1,/Users/au728490/ceddar_runs/models_and_samples/evaluation/C_10__HR_prcp_DANRA__SIZE_128x128__LR_prcp_ERA5__LOSS_sdfweighted__HEADS_4__TIMESTEPS_56/summary/evaluation_summary.json,climatological.annual_sum_std,Spatial SD of annual precipitation,mm year$^{-1}$,hr,climatological.hr_annual_sum_std,146.65576171875,146.65576171875,49.47269948323568,123.41931915283203,97.18306223551433,26.23625691731771,-13.640902201334633,16.755589803059898
C_10__seed2__HR_prcp_DANRA__SIZE_128x128__LR_prcp_ERA5__LOSS_sdfweighted__HEADS_4__TIMESTEPS_56,C_10_seed2,C_10,2,/Users/au728490/ceddar_runs/models_and_samples/evaluation/C_10__seed2__HR_prcp_DANRA__SIZE_128x128__LR_prcp_ERA5__LOSS_sdfweighted__HEADS_4__TIMESTEPS_56/summary/evaluation_summary.json,climatological.annual_sum_std,Spatial SD of annual precipitation,mm year$^{-1}$,hr,climatological.hr_annual_sum_std,146.65576171875,146.65576171875,49.47269948323568,111.69678497314453,97.18306223551433,14.51372273763021,-13.640902201334633,16.755589803059898
V0_C_0__HR_prcp_DANRA__SIZE_128x128__LR_prcp_cape_ERA5__LOSS_sdfweighted__HEADS_4__TIMESTEPS_56,V0_C_0,V0_C_0,1,/Users/au728490/ceddar_runs/models_and_samples/evaluation/V0_C_0__HR_prcp_DANRA__SIZE_128x128__LR_prcp_cape_ERA5__LOSS_sdfweighted__HEADS_4__TIMESTEPS_56/summary/evaluation_summary.json,climatological.annual_sum_std,Spatial SD of annual precipitation,mm year$^{-1}$,hr,climatological.hr_annual_sum_std,146.65576171875,146.65576171875,49.47269948323568,93.0483627319336,97.18306223551433,-4.134699503580727,-13.640902201334633,16.755589803059898
V0_C_0__seed2__HR_prcp_DANRA__SIZE_128x128__LR_prcp_cape_ERA5__LOSS_sdfweighted__HEADS_4__TIMESTEPS_56,V0_C_0_seed2,V0_C_0,2,/Users/au728490/ceddar_runs/models_and_samples/evaluation/V0_C_0__seed2__HR_prcp_DANRA__SIZE_128x128__LR_prcp_cape_ERA5__LOSS_sdfweighted__HEADS_4__TIMESTEPS_56/summary/evaluation_summary.json,climatological.annual_sum_std,Spatial SD of annual precipitation,mm year$^{-1}$,hr,climatological.hr_annual_sum_std,146.65576171875,146.65576171875,49.47269948323568,108.42010498046875,97.18306223551433,11.23704274495443,-13.640902201334633,16.755589803059898
V0_C_1__HR_prcp_DANRA__SIZE_128x128__LR_prcp_cape_ERA5__LOSS_sdfweighted__HEADS_4__TIMESTEPS_56,V0_C_1,V0_C_1,1,/Users/au728490/ceddar_runs/models_and_samples/evaluation/V0_C_1__HR_prcp_DANRA__SIZE_128x128__LR_prcp_cape_ERA5__LOSS_sdfweighted__HEADS_4__TIMESTEPS_56/summary/evaluation_summary.json,climatological.annual_sum_std,Spatial SD of annual precipitation,mm year$^{-1}$,hr,climatological.hr_annual_sum_std,146.65576171875,146.65576171875,49.47269948323568,101.92577362060547,97.18306223551433,4.742711385091148,-13.640902201334633,16.755589803059898
V0_C_1__seed2__HR_prcp_DANRA__SIZE_128x128__LR_prcp_cape_ERA5__LOSS_sdfweighted__HEADS_4__TIMESTEPS_56,V0_C_1_seed2,V0_C_1,2,/Users/au728490/ceddar_runs/models_and_samples/evaluation/V0_C_1__seed2__HR_prcp_DANRA__SIZE_128x128__LR_prcp_cape_ERA5__LOSS_sdfweighted__HEADS_4__TIMESTEPS_56/summary/evaluation_summary.json,climatological.annual_sum_std,Spatial SD of annual precipitation,mm year$^{-1}$,hr,climatological.hr_annual_sum_std,146.65576171875,146.65576171875,49.47269948323568,103.57221984863281,97.18306223551433,6.389157613118492,-13.640902201334633,16.755589803059898
V0_I_0__HR_prcp_DANRA__SIZE_128x128__LR_prcp_ewvf_nwvf_ERA5__LOSS_sdfweighted__HEADS_4__TIMESTEPS_56,V0_I_0,V0_I_0,1,/Users/au728490/ceddar_runs/models_and_samples/evaluation/V0_I_0__HR_prcp_DANRA__SIZE_128x128__LR_prcp_ewvf_nwvf_ERA5__LOSS_sdfweighted__HEADS_4__TIMESTEPS_56/summary/evaluation_summary.json,climatological.annual_sum_std,Spatial SD of annual precipitation,mm year$^{-1}$,hr,climatological.hr_annual_sum_std,146.65576171875,146.65576171875,49.47269948323568,108.52046203613281,97.18306223551433,11.337399800618492,-13.640902201334633,16.755589803059898
V0_I_0__seed2__HR_prcp_DANRA__SIZE_128x128__LR_prcp_ewvf_nwvf_ERA5__LOSS_sdfweighted__HEADS_4__TIMESTEPS_56,V0_I_0_seed2,V0_I_0,2,/Users/au728490/ceddar_runs/models_and_samples/evaluation/V0_I_0__seed2__HR_prcp_DANRA__SIZE_128x128__LR_prcp_ewvf_nwvf_ERA5__LOSS_sdfweighted__HEADS_4__TIMESTEPS_56/summary/evaluation_summary.json,climatological.annual_sum_std,Spatial SD of annual precipitation,mm year$^{-1}$,hr,climatological.hr_annual_sum_std,146.65576171875,146.65576171875,49.47269948323568,95.02062225341797,97.18306223551433,-2.162439982096352,-13.640902201334633,16.755589803059898
V0_I_1__HR_prcp_DANRA__SIZE_128x128__LR_prcp_ewvf_nwvf_ERA5__LOSS_sdfweighted__HEADS_4__TIMESTEPS_56,V0_I_1,V0_I_1,1,/Users/au728490/ceddar_runs/models_and_samples/evaluation/V0_I_1__HR_prcp_DANRA__SIZE_128x128__LR_prcp_ewvf_nwvf_ERA5__LOSS_sdfweighted__HEADS_4__TIMESTEPS_56/summary/evaluation_summary.json,climatological.annual_sum_std,Spatial SD of annual precipitation,mm year$^{-1}$,hr,climatological.hr_annual_sum_std,146.65576171875,146.65576171875,49.47269948323568,84.48809814453125,97.18306223551433,-12.69496409098307,-13.640902201334633,16.755589803059898
V0_I_1__seed2__HR_prcp_DANRA__SIZE_128x128__LR_prcp_ewvf_nwvf_ERA5__LOSS_sdfweighted__HEADS_4__TIMESTEPS_56,V0_I_1_seed2,V0_I_1,2,/Users/au728490/ceddar_runs/models_and_samples/evaluation/V0_I_1__seed2__HR_prcp_DANRA__SIZE_128x128__LR_prcp_ewvf_nwvf_ERA5__LOSS_sdfweighted__HEADS_4__TIMESTEPS_56/summary/evaluation_summary.json,climatological.annual_sum_std,Spatial SD of annual precipitation,mm year$^{-1}$,hr,climatological.hr_annual_sum_std,146.65576171875,146.65576171875,49.47269948323568,106.30303192138672,97.18306223551433,9.119969685872398,-13.640902201334633,16.755589803059898
V0_M_0__HR_prcp_DANRA__SIZE_128x128__LR_prcp_msl_ERA5__LOSS_sdfweighted__HEADS_4__TIMESTEPS_56,V0_M_0,V0_M_0,1,/Users/au728490/ceddar_runs/models_and_samples/evaluation/V0_M_0__HR_prcp_DANRA__SIZE_128x128__LR_prcp_msl_ERA5__LOSS_sdfweighted__HEADS_4__TIMESTEPS_56/summary/evaluation_summary.json,climatological.annual_sum_std,Spatial SD of annual precipitation,mm year$^{-1}$,hr,climatological.hr_annual_sum_std,146.65576171875,146.65576171875,49.47269948323568,100.1398696899414,97.18306223551433,2.9568074544270857,-13.640902201334633,16.755589803059898
V0_M_0__seed2__HR_prcp_DANRA__SIZE_128x128__LR_prcp_msl_ERA5__LOSS_sdfweighted__HEADS_4__TIMESTEPS_56,V0_M_0_seed2,V0_M_0,2,/Users/au728490/ceddar_runs/models_and_samples/evaluation/V0_M_0__seed2__HR_prcp_DANRA__SIZE_128x128__LR_prcp_msl_ERA5__LOSS_sdfweighted__HEADS_4__TIMESTEPS_56/summary/evaluation_summary.json,climatological.annual_sum_std,Spatial SD of annual precipitation,mm year$^{-1}$,hr,climatological.hr_annual_sum_std,146.65576171875,146.65576171875,49.47269948323568,131.59461975097656,97.18306223551433,34.41155751546224,-13.640902201334633,16.755589803059898
V0_M_1__HR_prcp_DANRA__SIZE_128x128__LR_prcp_msl_ERA5__LOSS_sdfweighted__HEADS_4__TIMESTEPS_56,V0_M_1,V0_M_1,1,/Users/au728490/ceddar_runs/models_and_samples/evaluation/V0_M_1__HR_prcp_DANRA__SIZE_128x128__LR_prcp_msl_ERA5__LOSS_sdfweighted__HEADS_4__TIMESTEPS_56/summary/evaluation_summary.json,climatological.annual_sum_std,Spatial SD of annual precipitation,mm year$^{-1}$,hr,climatological.hr_annual_sum_std,146.65576171875,146.65576171875,49.47269948323568,84.45860290527344,97.18306223551433,-12.724459330240883,-13.640902201334633,16.755589803059898
V0_M_1__seed2__HR_prcp_DANRA__SIZE_128x128__LR_prcp_msl_ERA5__LOSS_sdfweighted__HEADS_4__TIMESTEPS_56,V0_M_1_seed2,V0_M_1,2,/Users/au728490/ceddar_runs/models_and_samples/evaluation/V0_M_1__seed2__HR_prcp_DANRA__SIZE_128x128__LR_prcp_msl_ERA5__LOSS_sdfweighted__HEADS_4__TIMESTEPS_56/summary/evaluation_summary.json,climatological.annual_sum_std,Spatial SD of annual precipitation,mm year$^{-1}$,hr,climatological.hr_annual_sum_std,146.65576171875,146.65576171875,49.47269948323568,114.73743438720703,97.18306223551433,17.55437215169271,-13.640902201334633,16.755589803059898
V0_T_0__HR_prcp_DANRA__SIZE_128x128__LR_prcp_thetae_pl_850_ERA5__LOSS_sdfweighted__HEADS_4__TIMESTEPS_56,V0_T_0,V0_T_0,1,/Users/au728490/ceddar_runs/models_and_samples/evaluation/V0_T_0__HR_prcp_DANRA__SIZE_128x128__LR_prcp_thetae_pl_850_ERA5__LOSS_sdfweighted__HEADS_4__TIMESTEPS_56/summary/evaluation_summary.json,climatological.annual_sum_std,Spatial SD of annual precipitation,mm year$^{-1}$,hr,climatological.hr_annual_sum_std,146.65576171875,146.65576171875,49.47269948323568,99.39704132080078,97.18306223551433,2.2139790852864607,-13.640902201334633,16.755589803059898
V0_T_0__seed2__HR_prcp_DANRA__SIZE_128x128__LR_prcp_thetae_pl_850_ERA5__LOSS_sdfweighted__HEADS_4__TIMESTEPS_56,V0_T_0_seed2,V0_T_0,2,/Users/au728490/ceddar_runs/models_and_samples/evaluation/V0_T_0__seed2__HR_prcp_DANRA__SIZE_128x128__LR_prcp_thetae_pl_850_ERA5__LOSS_sdfweighted__HEADS_4__TIMESTEPS_56/summary/evaluation_summary.json,climatological.annual_sum_std,Spatial SD of annual precipitation,mm year$^{-1}$,hr,climatological.hr_annual_sum_std,146.65576171875,146.65576171875,49.47269948323568,124.3858642578125,97.18306223551433,27.20280202229818,-13.640902201334633,16.755589803059898
V0_T_1__HR_prcp_DANRA__SIZE_128x128__LR_prcp_thetae_pl_850_ERA5__LOSS_sdfweighted__HEADS_4__TIMESTEPS_56,V0_T_1,V0_T_1,1,/Users/au728490/ceddar_runs/models_and_samples/evaluation/V0_T_1__HR_prcp_DANRA__SIZE_128x128__LR_prcp_thetae_pl_850_ERA5__LOSS_sdfweighted__HEADS_4__TIMESTEPS_56/summary/evaluation_summary.json,climatological.annual_sum_std,Spatial SD of annual precipitation,mm year$^{-1}$,hr,climatological.hr_annual_sum_std,146.65576171875,146.65576171875,49.47269948323568,117.2903823852539,97.18306223551433,20.107320149739586,-13.640902201334633,16.755589803059898
V0_T_1__seed2__HR_prcp_DANRA__SIZE_128x128__LR_prcp_thetae_pl_850_ERA5__LOSS_sdfweighted__HEADS_4__TIMESTEPS_56,V0_T_1_seed2,V0_T_1,2,/Users/au728490/ceddar_runs/models_and_samples/evaluation/V0_T_1__seed2__HR_prcp_DANRA__SIZE_128x128__LR_prcp_thetae_pl_850_ERA5__LOSS_sdfweighted__HEADS_4__TIMESTEPS_56/summary/evaluation_summary.json,climatological.annual_sum_std,Spatial SD of annual precipitation,mm year$^{-1}$,hr,climatological.hr_annual_sum_std,146.65576171875,146.65576171875,49.47269948323568,87.60845184326172,97.18306223551433,-9.574610392252602,-13.640902201334633,16.755589803059898
V0_Z_0__HR_prcp_DANRA__SIZE_128x128__LR_prcp_z_pl_500_ERA5__LOSS_sdfweighted__HEADS_4__TIMESTEPS_56,V0_Z_0,V0_Z_0,1,/Users/au728490/ceddar_runs/models_and_samples/evaluation/V0_Z_0__HR_prcp_DANRA__SIZE_128x128__LR_prcp_z_pl_500_ERA5__LOSS_sdfweighted__HEADS_4__TIMESTEPS_56/summary/evaluation_summary.json,climatological.annual_sum_std,Spatial SD of annual precipitation,mm year$^{-1}$,hr,climatological.hr_annual_sum_std,146.65576171875,146.65576171875,49.47269948323568,109.8171615600586,97.18306223551433,12.634099324544273,-13.640902201334633,16.755589803059898
V0_Z_0__seed2__HR_prcp_DANRA__SIZE_128x128__LR_prcp_z_pl_500_ERA5__LOSS_sdfweighted__HEADS_4__TIMESTEPS_56,V0_Z_0_seed2,V0_Z_0,2,/Users/au728490/ceddar_runs/models_and_samples/evaluation/V0_Z_0__seed2__HR_prcp_DANRA__SIZE_128x128__LR_prcp_z_pl_500_ERA5__LOSS_sdfweighted__HEADS_4__TIMESTEPS_56/summary/evaluation_summary.json,climatological.annual_sum_std,Spatial SD of annual precipitation,mm year$^{-1}$,hr,climatological.hr_annual_sum_std,146.65576171875,146.65576171875,49.47269948323568,112.69337463378906,97.18306223551433,15.510312398274742,-13.640902201334633,16.755589803059898
V0_Z_1__HR_prcp_DANRA__SIZE_128x128__LR_prcp_z_pl_500_ERA5__LOSS_sdfweighted__HEADS_4__TIMESTEPS_56,V0_Z_1,V0_Z_1,1,/Users/au728490/ceddar_runs/models_and_samples/evaluation/V0_Z_1__HR_prcp_DANRA__SIZE_128x128__LR_prcp_z_pl_500_ERA5__LOSS_sdfweighted__HEADS_4__TIMESTEPS_56/summary/evaluation_summary.json,climatological.annual_sum_std,Spatial SD of annual precipitation,mm year$^{-1}$,hr,climatological.hr_annual_sum_std,146.65576171875,146.65576171875,49.47269948323568,104.74549865722656,97.18306223551433,7.562436421712242,-13.640902201334633,16.755589803059898
V0_Z_1__seed2__HR_prcp_DANRA__SIZE_128x128__LR_prcp_z_pl_500_ERA5__LOSS_sdfweighted__HEADS_4__TIMESTEPS_56,V0_Z_1_seed2,V0_Z_1,2,/Users/au728490/ceddar_runs/models_and_samples/evaluation/V0_Z_1__seed2__HR_prcp_DANRA__SIZE_128x128__LR_prcp_z_pl_500_ERA5__LOSS_sdfweighted__HEADS_4__TIMESTEPS_56/summary/evaluation_summary.json,climatological.annual_sum_std,Spatial SD of annual precipitation,mm year$^{-1}$,hr,climatological.hr_annual_sum_std,146.65576171875,146.65576171875,49.47269948323568,112.01310729980469,97.18306223551433,14.830045064290367,-13.640902201334633,16.755589803059898
D_IP_1__HR_prcp_DANRA__SIZE_128x128__LR_prcp_ewvf_nwvf_ERA5__LOSS_sdfweighted__HEADS_4__TIMESTEPS_56,D_IP_1,D_IP_1,1,/Users/au728490/ceddar_runs/models_and_samples/evaluation/D_IP_1__HR_prcp_DANRA__SIZE_128x128__LR_prcp_ewvf_nwvf_ERA5__LOSS_sdfweighted__HEADS_4__TIMESTEPS_56/summary/evaluation_summary.json,climatological.annual_sum_std,Spatial SD of annual precipitation,mm year$^{-1}$,hr,climatological.hr_annual_sum_std,146.65576171875,146.65576171875,49.47269948323568,98.98711395263672,97.18306223551433,1.8040517171223982,-13.640902201334633,16.755589803059898
D_IP_1__seed2__HR_prcp_DANRA__SIZE_128x128__LR_prcp_ewvf_nwvf_ERA5__LOSS_sdfweighted__HEADS_4__TIMESTEPS_56,D_IP_1_seed2,D_IP_1,2,/Users/au728490/ceddar_runs/models_and_samples/evaluation/D_IP_1__seed2__HR_prcp_DANRA__SIZE_128x128__LR_prcp_ewvf_nwvf_ERA5__LOSS_sdfweighted__HEADS_4__TIMESTEPS_56/summary/evaluation_summary.json,climatological.annual_sum_std,Spatial SD of annual precipitation,mm year$^{-1}$,hr,climatological.hr_annual_sum_std,146.65576171875,146.65576171875,49.47269948323568,103.28067016601562,97.18306223551433,6.0976079305013045,-13.640902201334633,16.755589803059898
D_MZP_1__HR_prcp_DANRA__SIZE_128x128__LR_prcp_msl_z_pl_500_ERA5__LOSS_sdfweighted__HEADS_4__TIMESTEPS_56,D_MZP_1,D_MZP_1,1,/Users/au728490/ceddar_runs/models_and_samples/evaluation/D_MZP_1__HR_prcp_DANRA__SIZE_128x128__LR_prcp_msl_z_pl_500_ERA5__LOSS_sdfweighted__HEADS_4__TIMESTEPS_56/summary/evaluation_summary.json,climatological.annual_sum_std,Spatial SD of annual precipitation,mm year$^{-1}$,hr,climatological.hr_annual_sum_std,146.65576171875,146.65576171875,49.47269948323568,111.5560073852539,97.18306223551433,14.372945149739586,-13.640902201334633,16.755589803059898
D_MZP_1__seed2__HR_prcp_DANRA__SIZE_128x128__LR_prcp_msl_z_pl_500_ERA5__LOSS_sdfweighted__HEADS_4__TIMESTEPS_56,D_MZP_1_seed2,D_MZP_1,2,/Users/au728490/ceddar_runs/models_and_samples/evaluation/D_MZP_1__seed2__HR_prcp_DANRA__SIZE_128x128__LR_prcp_msl_z_pl_500_ERA5__LOSS_sdfweighted__HEADS_4__TIMESTEPS_56/summary/evaluation_summary.json,climatological.annual_sum_std,Spatial SD of annual precipitation,mm year$^{-1}$,hr,climatological.hr_annual_sum_std,146.65576171875,146.65576171875,49.47269948323568,95.37374877929688,97.18306223551433,-1.8093134562174455,-13.640902201334633,16.755589803059898
D_MTP_0__HR_prcp_DANRA__SIZE_128x128__LR_prcp_msl_thetae_pl_850_ERA5__LOSS_sdfweighted__HEADS_4__TIMESTEPS_56,D_MTP_0,D_MTP_0,1,/Users/au728490/ceddar_runs/models_and_samples/evaluation/D_MTP_0__HR_prcp_DANRA__SIZE_128x128__LR_prcp_msl_thetae_pl_850_ERA5__LOSS_sdfweighted__HEADS_4__TIMESTEPS_56/summary/evaluation_summary.json,climatological.annual_sum_std,Spatial SD of annual precipitation,mm year$^{-1}$,hr,climatological.hr_annual_sum_std,146.65576171875,146.65576171875,49.47269948323568,90.93913269042969,97.18306223551433,-6.243929545084633,-13.640902201334633,16.755589803059898
D_MTP_0__seed2__HR_prcp_DANRA__SIZE_128x128__LR_prcp_msl_thetae_pl_850_ERA5__LOSS_sdfweighted__HEADS_4__TIMESTEPS_56,D_MTP_0_seed2,D_MTP_0,2,/Users/au728490/ceddar_runs/models_and_samples/evaluation/D_MTP_0__seed2__HR_prcp_DANRA__SIZE_128x128__LR_prcp_msl_thetae_pl_850_ERA5__LOSS_sdfweighted__HEADS_4__TIMESTEPS_56/summary/evaluation_summary.json,climatological.annual_sum_std,Spatial SD of annual precipitation,mm year$^{-1}$,hr,climatological.hr_annual_sum_std,146.65576171875,146.65576171875,49.47269948323568,115.20073699951172,97.18306223551433,18.017674763997398,-13.640902201334633,16.755589803059898
D_MTP_1__HR_prcp_DANRA__SIZE_128x128__LR_prcp_msl_thetae_pl_850_ERA5__LOSS_sdfweighted__HEADS_4__TIMESTEPS_56,D_MTP_1,D_MTP_1,1,/Users/au728490/ceddar_runs/models_and_samples/evaluation/D_MTP_1__HR_prcp_DANRA__SIZE_128x128__LR_prcp_msl_thetae_pl_850_ERA5__LOSS_sdfweighted__HEADS_4__TIMESTEPS_56/summary/evaluation_summary.json,climatological.annual_sum_std,Spatial SD of annual precipitation,mm year$^{-1}$,hr,climatological.hr_annual_sum_std,146.65576171875,146.65576171875,49.47269948323568,98.32405090332031,97.18306223551433,1.140988667805992,-13.640902201334633,16.755589803059898
D_MTP_1__seed2__HR_prcp_DANRA__SIZE_128x128__LR_prcp_msl_thetae_pl_850_ERA5__LOSS_sdfweighted__HEADS_4__TIMESTEPS_56,D_MTP_1_seed2,D_MTP_1,2,/Users/au728490/ceddar_runs/models_and_samples/evaluation/D_MTP_1__seed2__HR_prcp_DANRA__SIZE_128x128__LR_prcp_msl_thetae_pl_850_ERA5__LOSS_sdfweighted__HEADS_4__TIMESTEPS_56/summary/evaluation_summary.json,climatological.annual_sum_std,Spatial SD of annual precipitation,mm year$^{-1}$,hr,climatological.hr_annual_sum_std,146.65576171875,146.65576171875,49.47269948323568,105.6337661743164,97.18306223551433,8.450703938802086,-13.640902201334633,16.755589803059898
D_MTCP_1__HR_prcp_DANRA__SIZE_128x128__LR_prcp_msl_thetae_pl_850_cape_ERA5__LOSS_sdfweighted__HEADS_4__TIMESTEPS_56,D_MTCP_1,D_MTCP_1,1,/Users/au728490/ceddar_runs/models_and_samples/evaluation/D_MTCP_1__HR_prcp_DANRA__SIZE_128x128__LR_prcp_msl_thetae_pl_850_cape_ERA5__LOSS_sdfweighted__HEADS_4__TIMESTEPS_56/summary/evaluation_summary.json,climatological.annual_sum_std,Spatial SD of annual precipitation,mm year$^{-1}$,hr,climatological.hr_annual_sum_std,146.65576171875,146.65576171875,49.47269948323568,94.68831634521484,97.18306223551433,-2.494745890299477,-13.640902201334633,16.755589803059898
D_MTCP_1__seed2__HR_prcp_DANRA__SIZE_128x128__LR_prcp_msl_thetae_pl_850_cape_ERA5__LOSS_sdfweighted__HEADS_4__TIMESTEPS_56,D_MTCP_1_seed2,D_MTCP_1,2,/Users/au728490/ceddar_runs/models_and_samples/evaluation/D_MTCP_1__seed2__HR_prcp_DANRA__SIZE_128x128__LR_prcp_msl_thetae_pl_850_cape_ERA5__LOSS_sdfweighted__HEADS_4__TIMESTEPS_56/summary/evaluation_summary.json,climatological.annual_sum_std,Spatial SD of annual precipitation,mm year$^{-1}$,hr,climatological.hr_annual_sum_std,146.65576171875,146.65576171875,49.47269948323568,99.92556762695312,97.18306223551433,2.7425053914388045,-13.640902201334633,16.755589803059898
D_MZIP_1__HR_prcp_DANRA__SIZE_128x128__LR_prcp_msl_z_pl_500_ewvf_nwvf_ERA5__LOSS_sdfweighted__HEADS_4__TIMESTEPS_56,D_MZIP_1,D_MZIP_1,1,/Users/au728490/ceddar_runs/models_and_samples/evaluation/D_MZIP_1__HR_prcp_DANRA__SIZE_128x128__LR_prcp_msl_z_pl_500_ewvf_nwvf_ERA5__LOSS_sdfweighted__HEADS_4__TIMESTEPS_56/summary/evaluation_summary.json,climatological.annual_sum_std,Spatial SD of annual precipitation,mm year$^{-1}$,hr,climatological.hr_annual_sum_std,146.65576171875,146.65576171875,49.47269948323568,106.98373413085938,97.18306223551433,9.800671895345054,-13.640902201334633,16.755589803059898
D_MZIP_1__seed2__HR_prcp_DANRA__SIZE_128x128__LR_prcp_msl_z_pl_500_ewvf_nwvf_ERA5__LOSS_sdfweighted__HEADS_4__TIMESTEPS_56,D_MZIP_1_seed2,D_MZIP_1,2,/Users/au728490/ceddar_runs/models_and_samples/evaluation/D_MZIP_1__seed2__HR_prcp_DANRA__SIZE_128x128__LR_prcp_msl_z_pl_500_ewvf_nwvf_ERA5__LOSS_sdfweighted__HEADS_4__TIMESTEPS_56/summary/evaluation_summary.json,climatological.annual_sum_std,Spatial SD of annual precipitation,mm year$^{-1}$,hr,climatological.hr_annual_sum_std,146.65576171875,146.65576171875,49.47269948323568,108.74478149414062,97.18306223551433,11.561719258626304,-13.640902201334633,16.755589803059898
D_MT_1__HR_prcp_DANRA__SIZE_128x128__LR_msl_thetae_pl_850_ERA5__LOSS_sdfweighted__HEADS_4__TIMESTEPS_56,D_MT_1,D_MT_1,1,/Users/au728490/ceddar_runs/models_and_samples/evaluation/D_MT_1__HR_prcp_DANRA__SIZE_128x128__LR_msl_thetae_pl_850_ERA5__LOSS_sdfweighted__HEADS_4__TIMESTEPS_56/summary/evaluation_summary.json,climatological.annual_sum_std,Spatial SD of annual precipitation,mm year$^{-1}$,hr,climatological.hr_annual_sum_std,146.65576171875,146.65576171875,49.47269948323568,44.99193572998047,97.18306223551433,-52.19112650553385,-13.640902201334633,16.755589803059898
D_MT_1__seed2__HR_prcp_DANRA__SIZE_128x128__LR_msl_thetae_pl_850_ERA5__LOSS_sdfweighted__HEADS_4__TIMESTEPS_56,D_MT_1_seed2,D_MT_1,2,/Users/au728490/ceddar_runs/models_and_samples/evaluation/D_MT_1__seed2__HR_prcp_DANRA__SIZE_128x128__LR_msl_thetae_pl_850_ERA5__LOSS_sdfweighted__HEADS_4__TIMESTEPS_56/summary/evaluation_summary.json,climatological.annual_sum_std,Spatial SD of annual precipitation,mm year$^{-1}$,hr,climatological.hr_annual_sum_std,146.65576171875,146.65576171875,49.47269948323568,43.67897033691406,97.18306223551433,-53.50409189860026,-13.640902201334633,16.755589803059898
D_MTC_1__HR_prcp_DANRA__SIZE_128x128__LR_msl_thetae_pl_850_cape_ERA5__LOSS_sdfweighted__HEADS_4__TIMESTEPS_56,D_MTC_1,D_MTC_1,1,/Users/au728490/ceddar_runs/models_and_samples/evaluation/D_MTC_1__HR_prcp_DANRA__SIZE_128x128__LR_msl_thetae_pl_850_cape_ERA5__LOSS_sdfweighted__HEADS_4__TIMESTEPS_56/summary/evaluation_summary.json,climatological.annual_sum_std,Spatial SD of annual precipitation,mm year$^{-1}$,hr,climatological.hr_annual_sum_std,146.65576171875,146.65576171875,49.47269948323568,55.571353912353516,97.18306223551433,-41.611708323160805,-13.640902201334633,16.755589803059898
D_MTC_1__seed2__HR_prcp_DANRA__SIZE_128x128__LR_msl_thetae_pl_850_cape_ERA5__LOSS_sdfweighted__HEADS_4__TIMESTEPS_56,D_MTC_1_seed2,D_MTC_1,2,/Users/au728490/ceddar_runs/models_and_samples/evaluation/D_MTC_1__seed2__HR_prcp_DANRA__SIZE_128x128__LR_msl_thetae_pl_850_cape_ERA5__LOSS_sdfweighted__HEADS_4__TIMESTEPS_56/summary/evaluation_summary.json,climatological.annual_sum_std,Spatial SD of annual precipitation,mm year$^{-1}$,hr,climatological.hr_annual_sum_std,146.65576171875,146.65576171875,49.47269948323568,72.63123321533203,97.18306223551433,-24.55182902018229,-13.640902201334633,16.755589803059898
